cell,fate_5,fate_7,fate_11,fate_12
AAACCTGGTGGCAAAC-1,0.0,0.0,0.0,0.0
AAACCTGTCGCATGGC-1,0.0,0.0,0.0,0.0
AAACCTGTCGTACCGG-1,0.0,0.0,0.0,0.0
AAACGGGCACTAAGTC-1,0.0,0.0,0.0,0.0
AAACGGGCACTAGTAC-1,0.0,0.0,0.0,0.0
AAACGGGGTTCATGGT-1,0.0,0.0,0.0,0.0
AAACGGGGTTCTGAAC-1,1.0,0.0,0.0,0.0
AAAGATGAGCTAGGCA-1,0.0,0.0,0.0,0.0
AAAGATGGTTTGCATG-1,0.0,0.0,0.0,0.0
AAAGATGTCGCCAGCA-1,0.0,1.0,0.0,0.0
AAAGCAAAGAGTTGGC-1,0.0,0.0,0.0,0.0
AAAGCAAAGCGCCTTG-1,0.0,0.0,0.0,0.0
AAAGCAAAGCGTGAAC-1,0.0,0.0,0.0,0.0
AAAGCAAGTATAGGTA-1,0.0,0.0,0.0,0.0
AAAGCAATCAGCGACC-1,0.0,0.0,0.0,0.0
AAAGCAATCGCGCCAA-1,0.0,0.0,0.0,0.0
AAAGCAATCGGACAAG-1,0.0,0.0,0.0,0.0
AAAGCAATCTTGAGGT-1,0.0,0.0,0.0,0.0
AAAGTAGAGAGATGAG-1,0.0,0.0,0.0,0.0
AAAGTAGTCAGAGGTG-1,0.0,0.0,0.0,0.0
AAATGCCAGTGAATTG-1,0.0,0.0,1.0,0.0
AAATGCCCACATAACC-1,0.0,0.0,0.0,0.0
AAATGCCGTGGTTTCA-1,0.0,0.0,1.0,0.0
AAATGCCTCAGTTGAC-1,0.0,0.0,0.0,1.0
AAATGCCTCCAGGGCT-1,0.0,0.0,0.0,0.0
AACACGTCACGTGAGA-1,0.0,0.0,0.0,0.0
AACACGTGTCTGCCAG-1,0.0,0.0,0.0,0.0
AACACGTGTGGCAAAC-1,0.0,0.0,0.0,0.0
AACACGTTCATGCATG-1,0.0,0.0,0.0,0.0
AACACGTTCATTATCC-1,0.0,0.0,0.0,0.0
AACACGTTCCTCAACC-1,0.0,0.0,0.0,0.0
AACCATGAGATCCCGC-1,0.0,0.0,0.0,0.0
AACCATGAGTGACATA-1,1.0,0.0,0.0,0.0
AACCATGCAAGCTGTT-1,0.0,0.0,0.0,0.0
AACCATGCACCAACCG-1,0.0,0.0,0.0,0.0
AACCATGCATTAGGCT-1,0.0,0.0,0.0,0.0
AACCATGGTGTGGTTT-1,0.0,0.0,0.0,0.0
AACCATGGTTGGACCC-1,0.0,0.0,0.0,0.0
AACCGCGTCGGCTACG-1,0.0,0.0,0.0,0.0
AACGTTGCACAGGTTT-1,0.0,0.0,0.0,0.0
AACGTTGCACCCAGTG-1,0.0,0.0,1.0,0.0
AACGTTGGTACAGCAG-1,0.0,0.0,0.0,0.0
AACGTTGGTCTGCGGT-1,0.0,0.0,0.0,0.0
AACGTTGTCCCAACGG-1,1.0,0.0,0.0,0.0
AACGTTGTCCCATTTA-1,0.0,0.0,0.0,0.0
AACGTTGTCCTTAATC-1,0.0,0.0,0.0,0.0
AACGTTGTCGCCCTTA-1,0.0,0.0,0.0,0.0
AACTCAGAGGGTATCG-1,1.0,0.0,0.0,0.0
AACTCAGCACAGACTT-1,0.0,0.0,0.0,0.0
AACTCAGTCCCAACGG-1,0.0,0.0,0.0,0.0
AACTCAGTCTAACCGA-1,0.0,0.0,0.0,0.0
AACTCAGTCTTTACGT-1,0.0,0.0,0.0,0.0
AACTCCCCAATAAGCA-1,0.0,0.0,0.0,0.0
AACTCCCGTAGCACGA-1,1.0,0.0,0.0,0.0
AACTCCCGTTACCGAT-1,0.0,0.0,0.0,0.0
AACTCCCTCGGCCGAT-1,0.0,0.0,0.0,0.0
AACTCTTAGGCATGTG-1,0.0,0.0,0.0,0.0
AACTCTTCACCAACCG-1,0.0,0.0,0.0,0.0
AACTCTTGTATTCTCT-1,0.0,0.0,0.0,0.0
AACTCTTGTGCTCTTC-1,0.0,0.0,0.0,0.0
AACTCTTTCACCTCGT-1,0.0,0.0,0.0,0.0
AACTCTTTCTAACCGA-1,0.0,0.0,0.0,0.0
AACTGGTAGACAAAGG-1,0.0,0.0,0.0,0.0
AACTGGTAGCCACTAT-1,0.0,0.0,1.0,0.0
AACTGGTAGGAATCGC-1,0.0,0.0,0.0,0.0
AACTGGTAGTTAAGTG-1,0.0,0.0,0.0,0.0
AACTGGTCAGCCAGAA-1,0.0,0.0,0.0,0.0
AACTGGTCATATACGC-1,0.0,0.0,0.0,0.0
AACTGGTCATCTGGTA-1,0.0,0.0,0.0,0.0
AACTTTCCACGAAACG-1,0.0,1.0,0.0,0.0
AACTTTCCACGGTAAG-1,0.0,0.0,0.0,0.0
AACTTTCCATCTACGA-1,0.0,0.0,0.0,0.0
AACTTTCGTTAGATGA-1,0.0,0.0,0.0,0.0
AACTTTCTCATGTAGC-1,0.0,0.0,0.0,0.0
AAGACCTCAACGATGG-1,0.0,0.0,0.0,0.0
AAGACCTCAGGTGGAT-1,0.0,0.0,0.0,0.0
AAGACCTGTAAAGGAG-1,0.0,0.0,0.0,0.0
AAGACCTGTAATCACC-1,0.0,0.0,0.0,0.0
AAGACCTGTCGGGTCT-1,0.0,0.0,0.0,0.0
AAGACCTGTGACGGTA-1,0.0,0.0,0.0,0.0
AAGCCGCAGGCTATCT-1,0.0,0.0,0.0,0.0
AAGCCGCGTAGCTGCC-1,0.0,0.0,0.0,0.0
AAGCCGCGTTCCAACA-1,0.0,0.0,0.0,0.0
AAGGAGCGTACCTACA-1,0.0,0.0,0.0,0.0
AAGGAGCGTATCAGTC-1,0.0,0.0,0.0,0.0
AAGGAGCTCATCATTC-1,0.0,0.0,0.0,0.0
AAGGAGCTCTCGAGTA-1,0.0,0.0,0.0,0.0
AAGGCAGCAAGCGATG-1,0.0,0.0,0.0,0.0
AAGGCAGGTGCCTGTG-1,0.0,0.0,0.0,0.0
AAGGCAGTCAATCACG-1,0.0,0.0,1.0,0.0
AAGGCAGTCGAATCCA-1,1.0,0.0,0.0,0.0
AAGGCAGTCGTGGGAA-1,0.0,0.0,0.0,0.0
AAGGTTCCAGACGCCT-1,1.0,0.0,0.0,0.0
AAGGTTCCAGTTAACC-1,0.0,0.0,0.0,0.0
AAGGTTCGTCTCGTTC-1,0.0,0.0,0.0,0.0
AAGGTTCGTGGAAAGA-1,0.0,0.0,0.0,0.0
AAGGTTCTCGTATCAG-1,0.0,0.0,0.0,0.0
AAGGTTCTCTGCGACG-1,0.0,0.0,1.0,0.0
AAGTCTGAGATAGCAT-1,0.0,0.0,0.0,0.0
AAGTCTGCAATCTACG-1,0.0,0.0,0.0,0.0
AAGTCTGCAGACAGGT-1,0.0,0.0,0.0,0.0
AATCCAGAGACGCAAC-1,0.0,0.0,0.0,0.0
AATCCAGAGGGCTCTC-1,0.0,0.0,0.0,0.0
AATCCAGAGGTTCCTA-1,0.0,0.0,0.0,0.0
AATCCAGCAAAGGTGC-1,0.0,0.0,0.0,0.0
AATCCAGCACTCTGTC-1,1.0,0.0,0.0,0.0
AATCCAGGTACAGTTC-1,0.0,0.0,0.0,0.0
AATCCAGGTCTCCACT-1,1.0,0.0,0.0,0.0
AATCCAGTCGCTAGCG-1,0.0,0.0,0.0,0.0
AATCCAGTCTCGAGTA-1,0.0,0.0,0.0,0.0
ACACCAACATTACCTT-1,0.0,0.0,0.0,0.0
ACACCAATCCTGCCAT-1,0.0,0.0,1.0,0.0
ACACCCTGTAAGTGTA-1,0.0,0.0,0.0,1.0
ACACCCTGTACTTGAC-1,0.0,0.0,0.0,0.0
ACACCCTTCAGTTGAC-1,0.0,0.0,0.0,0.0
ACACCGGAGAGCAATT-1,0.0,0.0,0.0,0.0
ACACCGGAGTCGAGTG-1,0.0,0.0,0.0,0.0
ACACCGGCAGTCACTA-1,0.0,0.0,0.0,0.0
ACACCGGCATGGTCAT-1,0.0,0.0,0.0,0.0
ACACCGGGTTATCACG-1,0.0,0.0,0.0,0.0
ACACCGGTCTTTACAC-1,0.0,0.0,0.0,0.0
ACACTGATCAGCTGGC-1,0.0,0.0,0.0,0.0
ACAGCCGGTTCCAACA-1,0.0,0.0,0.0,0.0
ACAGCCGGTTCCACAA-1,0.0,0.0,0.0,1.0
ACAGCCGTCGCCAGCA-1,0.0,0.0,0.0,0.0
ACAGCCGTCTCCAACC-1,0.0,0.0,0.0,0.0
ACAGCTAAGCTCCCAG-1,0.0,0.0,0.0,0.0
ACAGCTACATGAGCGA-1,0.0,0.0,0.0,0.0
ACAGCTAGTGTGACCC-1,0.0,0.0,0.0,0.0
ACAGCTAGTTAGGGTG-1,0.0,0.0,0.0,0.0
ACAGCTATCAACACCA-1,0.0,0.0,0.0,0.0
ACAGCTATCGCATGAT-1,0.0,0.0,0.0,0.0
ACAGCTATCTCTTGAT-1,0.0,0.0,0.0,0.0
ACATACGAGCTTATCG-1,0.0,0.0,0.0,0.0
ACATACGCACTTAAGC-1,0.0,0.0,0.0,0.0
ACATACGGTTCAGGCC-1,0.0,0.0,0.0,0.0
ACATACGTCACCGTAA-1,0.0,0.0,0.0,0.0
ACATACGTCAGAGCTT-1,0.0,0.0,0.0,0.0
ACATACGTCTCACATT-1,0.0,0.0,0.0,0.0
ACATCAGAGACAGGCT-1,0.0,0.0,0.0,0.0
ACATCAGTCACCTTAT-1,0.0,0.0,0.0,0.0
ACATCAGTCTTGACGA-1,0.0,0.0,0.0,0.0
ACATGGTAGGCCCTCA-1,0.0,0.0,0.0,0.0
ACATGGTAGTGAACAT-1,0.0,0.0,0.0,0.0
ACATGGTCACTAAGTC-1,0.0,0.0,0.0,0.0
ACATGGTCAGGAATGC-1,0.0,0.0,0.0,0.0
ACATGGTCATGATCCA-1,0.0,0.0,0.0,0.0
ACATGGTGTTGACGTT-1,0.0,0.0,0.0,0.0
ACATGGTTCTGTCTCG-1,0.0,0.0,0.0,0.0
ACCAGTAAGCCCAATT-1,0.0,0.0,0.0,0.0
ACCAGTAAGGTAGCTG-1,1.0,0.0,0.0,0.0
ACCAGTAAGTTGAGAT-1,0.0,0.0,0.0,0.0
ACCAGTACAGGCGATA-1,0.0,0.0,0.0,0.0
ACCAGTACAGTCGTGC-1,0.0,0.0,0.0,0.0
ACCAGTATCGGAGGTA-1,0.0,0.0,0.0,0.0
ACCAGTATCGGTTAAC-1,0.0,0.0,0.0,0.0
ACCCACTAGACAGACC-1,0.0,0.0,0.0,0.0
ACCCACTAGTTAGCGG-1,0.0,0.0,0.0,0.0
ACCCACTCAGTCGATT-1,0.0,0.0,0.0,0.0
ACCCACTGTATATGGA-1,0.0,0.0,0.0,0.0
ACCCACTGTGACTACT-1,0.0,0.0,0.0,0.0
ACCCACTGTGAGCGAT-1,0.0,0.0,0.0,0.0
ACCCACTTCCTCCTAG-1,0.0,0.0,0.0,0.0
ACCCACTTCTAACTTC-1,0.0,0.0,0.0,0.0
ACCCACTTCTACTCAT-1,0.0,0.0,0.0,1.0
ACCGTAACATCGGACC-1,1.0,0.0,0.0,0.0
ACCGTAAGTACGCACC-1,0.0,0.0,0.0,0.0
ACCGTAAGTCACTGGC-1,0.0,0.0,0.0,0.0
ACCGTAATCGTGGACC-1,0.0,0.0,0.0,0.0
ACCGTAATCTTGCCGT-1,0.0,0.0,0.0,0.0
ACCTTTACACGCATCG-1,0.0,0.0,0.0,0.0
ACCTTTAGTCTTGTCC-1,0.0,0.0,0.0,0.0
ACCTTTATCGTGGGAA-1,0.0,0.0,0.0,0.0
ACGAGCCCAATGAATG-1,0.0,0.0,0.0,0.0
ACGAGCCCACAGATTC-1,0.0,0.0,1.0,0.0
ACGAGCCGTGCTAGCC-1,0.0,0.0,0.0,0.0
ACGAGGAAGGTACTCT-1,0.0,0.0,0.0,0.0
ACGAGGACATATGGTC-1,1.0,0.0,0.0,0.0
ACGAGGAGTAGATTAG-1,0.0,0.0,0.0,0.0
ACGAGGAGTTGAGGTG-1,0.0,0.0,0.0,0.0
ACGAGGATCTTGCAAG-1,0.0,0.0,0.0,0.0
ACGAGGATCTTTAGGG-1,1.0,0.0,0.0,0.0
ACGATACAGTGGGTTG-1,0.0,0.0,0.0,0.0
ACGATGTAGACCGGAT-1,0.0,0.0,0.0,0.0
ACGATGTAGATGCGAC-1,0.0,0.0,0.0,0.0
ACGATGTAGCTACCGC-1,0.0,0.0,0.0,0.0
ACGATGTAGGTAAACT-1,0.0,0.0,0.0,0.0
ACGATGTCAAGCCGTC-1,0.0,0.0,0.0,0.0
ACGATGTCACTTAACG-1,0.0,0.0,0.0,0.0
ACGATGTCATTCACTT-1,0.0,0.0,0.0,0.0
ACGATGTTCCATGAGT-1,1.0,0.0,0.0,0.0
ACGATGTTCCCACTTG-1,0.0,0.0,0.0,0.0
ACGCAGCAGAAAGTGG-1,0.0,0.0,0.0,0.0
ACGCAGCAGAGGGATA-1,0.0,0.0,0.0,0.0
ACGCAGCCACCTGGTG-1,0.0,0.0,0.0,0.0
ACGCAGCGTACATGTC-1,0.0,0.0,0.0,0.0
ACGCAGCGTCAACATC-1,0.0,0.0,0.0,0.0
ACGCAGCGTGTTGAGG-1,0.0,0.0,0.0,0.0
ACGCAGCTCACCTTAT-1,0.0,0.0,0.0,0.0
ACGCCAGCAATGTTGC-1,0.0,0.0,1.0,0.0
ACGCCAGCACGAAGCA-1,0.0,0.0,0.0,0.0
ACGCCAGCACGCCAGT-1,0.0,0.0,0.0,0.0
ACGCCAGGTTCCCTTG-1,0.0,0.0,0.0,0.0
ACGCCAGGTTCGCTAA-1,0.0,0.0,0.0,0.0
ACGCCAGTCATCATTC-1,0.0,0.0,0.0,0.0
ACGCCAGTCGCCTGTT-1,1.0,0.0,0.0,0.0
ACGCCGAAGCGTAGTG-1,0.0,0.0,0.0,0.0
ACGCCGAGTATGGTTC-1,0.0,0.0,0.0,0.0
ACGGAGAAGTGGTAAT-1,0.0,0.0,0.0,0.0
ACGGAGACATAACCTG-1,0.0,0.0,0.0,0.0
ACGGAGAGTCATATGC-1,0.0,0.0,0.0,0.0
ACGGCCAAGCCAACAG-1,0.0,0.0,0.0,0.0
ACGGCCACACCAGCAC-1,0.0,0.0,0.0,0.0
ACGGCCAGTATTAGCC-1,0.0,0.0,0.0,0.0
ACGGCCAGTCCTCTTG-1,0.0,0.0,0.0,0.0
ACGGGCTAGCGTGTCC-1,0.0,0.0,0.0,0.0
ACGGGCTCACAGAGGT-1,0.0,0.0,0.0,0.0
ACGGGCTCAGACGCAA-1,0.0,0.0,0.0,0.0
ACGGGCTCATGACATC-1,0.0,0.0,0.0,0.0
ACGGGCTTCCGGGTGT-1,0.0,0.0,0.0,0.0
ACGGGTCAGGTTCCTA-1,0.0,0.0,0.0,0.0
ACGGGTCCAAGAAAGG-1,0.0,0.0,0.0,0.0
ACGGGTCCACAGATTC-1,0.0,0.0,0.0,0.0
ACGGGTCCACAGCGTC-1,0.0,0.0,0.0,0.0
ACGGGTCCAGCTGCAC-1,0.0,0.0,0.0,0.0
ACGGGTCCATCGGAAG-1,0.0,0.0,0.0,1.0
ACGGGTCGTAAAGGAG-1,0.0,0.0,0.0,0.0
ACGGGTCGTATCAGTC-1,0.0,0.0,0.0,0.0
ACGGGTCGTGGAAAGA-1,0.0,0.0,0.0,0.0
ACGGGTCGTTCTGAAC-1,0.0,0.0,0.0,0.0
ACGGGTCTCAAACAAG-1,1.0,0.0,0.0,0.0
ACGGGTCTCATGTAGC-1,0.0,0.0,0.0,0.0
ACGGGTCTCCAATGGT-1,0.0,0.0,0.0,0.0
ACGGGTCTCCATTCTA-1,0.0,0.0,0.0,0.0
ACGGGTCTCGCCATAA-1,0.0,0.0,0.0,0.0
ACGGGTCTCTACTTAC-1,0.0,0.0,0.0,0.0
ACGTCAAAGACTAGGC-1,0.0,0.0,0.0,0.0
ACGTCAACAGACACTT-1,0.0,0.0,0.0,0.0
ACTATCTAGAGTACCG-1,0.0,0.0,0.0,0.0
ACTATCTTCTTGTCAT-1,0.0,0.0,0.0,0.0
ACTGAACAGTGGGCTA-1,0.0,0.0,0.0,0.0
ACTGAACAGTGGTAGC-1,0.0,0.0,0.0,0.0
ACTGAACCAAACAACA-1,0.0,0.0,0.0,0.0
ACTGAACCAAGGACAC-1,0.0,0.0,0.0,0.0
ACTGAACCAATCCAAC-1,0.0,0.0,0.0,0.0
ACTGAACGTCCAAGTT-1,0.0,0.0,0.0,0.0
ACTGAGTAGTAATCCC-1,0.0,0.0,0.0,0.0
ACTGAGTCAAAGCAAT-1,0.0,0.0,0.0,0.0
ACTGAGTCACCATCCT-1,0.0,0.0,0.0,1.0
ACTGAGTCAGCTCGAC-1,0.0,0.0,0.0,0.0
ACTGAGTGTCTCATCC-1,0.0,0.0,0.0,0.0
ACTGAGTGTTAGATGA-1,0.0,0.0,0.0,0.0
ACTGATGAGCGTGAGT-1,0.0,0.0,1.0,0.0
ACTGATGTCACCCTCA-1,0.0,0.0,0.0,0.0
ACTGATGTCATGTCCC-1,0.0,0.0,0.0,0.0
ACTGCTCAGACTGGGT-1,0.0,0.0,0.0,0.0
ACTGCTCCACTTAACG-1,1.0,0.0,0.0,0.0
ACTGCTCTCTACCAGA-1,0.0,0.0,0.0,0.0
ACTGTCCAGAAACGAG-1,0.0,0.0,0.0,0.0
ACTGTCCCACGAAACG-1,0.0,0.0,0.0,0.0
ACTGTCCCAGCGAACA-1,0.0,0.0,0.0,0.0
ACTGTCCTCTCCTATA-1,0.0,0.0,0.0,0.0
ACTGTCCTCTGAGGGA-1,0.0,0.0,0.0,0.0
ACTTACTAGTAGCCGA-1,0.0,0.0,0.0,0.0
ACTTACTGTTCCACAA-1,0.0,0.0,0.0,0.0
ACTTACTTCAGAGACG-1,0.0,0.0,0.0,0.0
ACTTACTTCCAGGGCT-1,0.034349623865249694,0.0,0.0,0.9656503761347502
ACTTACTTCCCTGACT-1,0.0,0.0,0.0,0.0
ACTTGTTAGGACTGGT-1,0.0,0.0,0.0,0.0
ACTTGTTCATTGAGCT-1,0.0,0.0,0.0,0.0
ACTTGTTGTTCAGGCC-1,0.0,0.0,1.0,0.0
ACTTGTTTCTGGTTCC-1,0.0,0.0,0.0,0.0
ACTTGTTTCTGTCCGT-1,0.0,0.0,0.0,0.0
ACTTTCAAGCTAAGAT-1,0.0,0.0,0.0,0.0
ACTTTCACACTGTCGG-1,0.0,0.0,0.0,0.0
ACTTTCACAGGGTACA-1,0.0,0.0,0.0,0.0
ACTTTCAGTAAATGTG-1,0.0,0.0,0.0,0.0
ACTTTCATCAGCTGGC-1,0.0,0.0,0.0,0.0
ACTTTCATCATGGTCA-1,0.0,0.0,0.0,0.0
ACTTTCATCTACTCAT-1,0.0,0.0,0.0,1.0
AGAATAGAGGTGCTAG-1,0.0,0.0,0.0,0.0
AGAATAGAGGTTCCTA-1,0.0,0.0,0.0,0.0
AGAATAGAGTTACCCA-1,0.0,0.0,0.0,0.0
AGACGTTAGATCACGG-1,1.0,0.0,0.0,0.0
AGACGTTAGCCGATTT-1,0.0,0.0,0.0,0.0
AGACGTTGTAAGTGTA-1,0.0,0.0,0.0,0.0
AGACGTTGTGGAAAGA-1,0.0,0.0,0.0,0.0
AGACGTTTCGGAAACG-1,0.0,0.0,0.0,0.0
AGAGCGAAGCAGCGTA-1,0.0,0.0,0.0,0.0
AGAGCGAGTGATGCCC-1,1.0,0.0,0.0,0.0
AGAGCTTAGGACTGGT-1,0.0,0.0,0.0,0.0
AGAGCTTCACGGTAAG-1,0.0,0.0,0.0,1.0
AGAGCTTCATCCGTGG-1,0.0,0.0,0.0,0.0
AGAGCTTTCATGCAAC-1,0.0,0.0,0.0,0.0
AGAGTGGAGACGCAAC-1,0.0,0.0,0.0,0.0
AGAGTGGAGCGCTTAT-1,1.0,0.0,0.0,0.0
AGAGTGGAGGAGCGTT-1,1.0,0.0,0.0,0.0
AGAGTGGAGGTGGGTT-1,0.0,0.0,0.0,0.0
AGAGTGGCAATCACAC-1,0.0,0.0,1.0,0.0
AGAGTGGCAATGGAGC-1,0.0,0.0,0.0,0.0
AGAGTGGGTGCTTCTC-1,0.0,0.0,0.0,0.0
AGATCTGAGAGGGCTT-1,0.0,0.0,0.0,0.0
AGATCTGCACATTTCT-1,1.0,0.0,0.0,0.0
AGATCTGTCTCTTGAT-1,0.0,0.0,0.0,0.0
AGATTGCAGCTAACTC-1,0.0,0.0,0.0,0.0
AGATTGCGTAAGCACG-1,0.0,0.0,0.0,0.0
AGATTGCGTATGGTTC-1,0.0,0.0,0.0,0.0
AGATTGCGTGGTCTCG-1,0.0,0.0,0.0,0.0
AGATTGCTCCCTTGTG-1,0.0,0.0,0.0,0.0
AGCAGCCGTGATGCCC-1,1.0,0.0,0.0,0.0
AGCAGCCGTTAGTGGG-1,0.0,0.0,0.0,0.0
AGCAGCCTCCCGGATG-1,0.0,0.0,0.0,0.0
AGCAGCCTCCGCGTTT-1,0.0,0.0,0.0,0.0
AGCATACCACCAGGCT-1,0.0,0.0,0.0,0.0
AGCATACTCAATAAGG-1,1.0,0.0,0.0,0.0
AGCATACTCGTAGGTT-1,0.0,0.0,0.0,0.0
AGCCTAAAGCGTCTAT-1,0.0,0.0,0.0,0.0
AGCCTAATCGAGCCCA-1,0.0,0.0,0.0,0.0
AGCGGTCAGCTAAACA-1,0.0,0.0,0.0,0.0
AGCGGTCAGGTGTTAA-1,0.0,0.0,0.0,0.0
AGCGGTCCAGGATCGA-1,0.0,0.0,0.0,0.0
AGCGGTCGTAAGAGGA-1,0.0,0.0,0.0,0.0
AGCGGTCGTCACTGGC-1,0.0,0.0,0.0,0.0
AGCGTATAGAATTCCC-1,0.0,0.0,0.0,0.0
AGCGTATAGTGAAGTT-1,0.0,0.0,0.0,0.0
AGCGTATCAATCAGAA-1,0.0,0.0,0.0,0.0
AGCGTATCAATCGAAA-1,0.0,0.0,0.0,0.0
AGCGTATCACATCTTT-1,0.0,0.0,0.0,0.0
AGCGTATGTTACGACT-1,0.0,0.0,0.0,0.0
AGCGTATTCGTAGGAG-1,0.0,0.0,0.0,0.0
AGCGTCGGTATATGGA-1,0.0,0.0,0.0,0.0
AGCGTCGGTCGTTGTA-1,0.0,0.0,0.0,0.0
AGCGTCGGTGTTTGTG-1,0.0,0.0,0.0,0.0
AGCTCCTAGTAATCCC-1,0.0,0.0,0.0,0.0
AGCTCCTAGTCCGTAT-1,0.0,0.0,0.0,0.0
AGCTCCTCACAGAGGT-1,0.0,0.0,0.0,0.0
AGCTCCTGTTATTCTC-1,0.0,0.0,0.0,0.0
AGCTCTCCAAAGGTGC-1,1.0,0.0,0.0,0.0
AGCTCTCGTTATCGGT-1,0.0,0.0,0.0,0.0
AGCTCTCGTTGGTAAA-1,0.0,0.0,0.0,0.0
AGCTCTCTCCTTGGTC-1,0.0,0.0,0.0,0.0
AGCTCTCTCTGCGACG-1,1.0,0.0,0.0,0.0
AGCTTGATCATACGGT-1,0.0,0.0,0.0,0.0
AGCTTGATCGAGAGCA-1,0.0,0.0,0.0,0.0
AGGCCACCACACAGAG-1,0.0,0.0,0.0,0.0
AGGCCACCACGGCGTT-1,0.0,0.0,0.0,0.0
AGGCCACGTACGACCC-1,0.0,0.0,0.0,0.0
AGGCCACGTACTCGCG-1,0.0,0.0,0.0,0.0
AGGCCACGTGCCTTGG-1,0.0,0.0,0.0,0.0
AGGCCACGTTAAGAAC-1,0.0,0.0,0.0,0.0
AGGCCGTAGAAACGAG-1,0.0,0.0,0.0,0.0
AGGCCGTCAATCGAAA-1,0.0,0.0,0.0,0.0
AGGCCGTCACGTAAGG-1,0.0,0.0,0.0,0.0
AGGGAGTAGACACTAA-1,0.0,0.0,0.0,0.0
AGGGAGTCAGTATGCT-1,0.0,0.0,0.0,0.0
AGGGAGTTCAAAGACA-1,0.0,0.0,0.0,0.0
AGGGAGTTCTGACCTC-1,0.0,0.0,0.0,0.0
AGGGATGAGAATTGTG-1,0.0,0.0,0.0,0.0
AGGGATGAGTAGCCGA-1,0.0,0.0,0.0,0.0
AGGGATGGTGCTGTAT-1,0.0,0.0,0.0,0.0
AGGGTGAAGCCATCGC-1,0.0,0.0,0.0,0.0
AGGGTGAAGGGTCGAT-1,0.0,0.0,0.0,0.0
AGGGTGACAATCAGAA-1,0.0,0.0,0.0,0.0
AGGGTGATCTACTTAC-1,1.0,0.0,0.0,0.0
AGGTCATAGCCAGTTT-1,0.0,0.0,0.0,0.0
AGGTCATAGGAGTACC-1,0.0,0.0,0.0,0.0
AGGTCATGTAAATACG-1,0.0,0.0,0.0,0.0
AGGTCCGAGAACAATC-1,0.0,0.0,0.0,0.0
AGGTCCGAGACCTTTG-1,0.0,0.0,0.0,1.0
AGGTCCGCAGCGTAAG-1,0.0,0.0,0.0,0.0
AGGTCCGCATCGGGTC-1,0.0,0.0,0.0,0.0
AGGTCCGCATTGTGCA-1,0.0,0.0,0.0,0.0
AGGTCCGGTCATTAGC-1,0.0,0.0,0.0,0.0
AGGTCCGGTCGCTTCT-1,0.0,0.0,0.0,1.0
AGGTCCGGTGATGCCC-1,0.0,0.0,0.0,0.0
AGGTCCGTCACCAGGC-1,0.0,0.0,0.0,0.0
AGGTCCGTCTACGAGT-1,0.0,0.0,0.0,0.0
AGGTCCGTCTGGAGCC-1,0.0,0.0,0.0,0.0
AGTAGTCCATGGATGG-1,0.0,0.0,0.0,0.0
AGTAGTCGTAAGTGTA-1,0.0,0.0,0.0,0.0
AGTAGTCGTGCCTGTG-1,0.0,0.0,0.0,0.0
AGTAGTCTCAAACAAG-1,0.0,0.0,0.0,0.0
AGTAGTCTCAAAGTAG-1,0.0,0.0,0.0,0.0
AGTAGTCTCCCAGGTG-1,0.0,0.0,0.0,0.0
AGTCTTTAGCTCCTTC-1,0.0,0.0,0.0,0.0
AGTCTTTCAACACCTA-1,0.0,0.0,1.0,0.0
AGTCTTTCACAGATTC-1,0.0,0.0,0.0,0.0
AGTCTTTGTCGCGTGT-1,0.0,0.0,0.0,0.0
AGTCTTTGTTCCATGA-1,0.0,0.0,0.0,1.0
AGTCTTTTCATGCATG-1,0.0,0.0,0.0,0.0
AGTCTTTTCCACGTTC-1,0.0,0.0,0.0,0.0
AGTGAGGAGCCGCCTA-1,0.0,0.0,1.0,0.0
AGTGAGGCATTTCACT-1,1.0,0.0,0.0,0.0
AGTGAGGGTAGCTGCC-1,0.0,0.0,0.0,0.0
AGTGAGGTCCTAGAAC-1,0.0,0.0,0.0,0.0
AGTGGGAAGCTATGCT-1,0.0,0.0,0.0,0.0
AGTGGGAAGGCAATTA-1,0.0,0.0,1.0,0.0
AGTGGGACAAGTCATC-1,0.0,0.0,0.0,0.0
AGTGGGACATACCATG-1,0.0,0.0,0.0,0.0
AGTGGGAGTCATATGC-1,0.0,0.0,0.0,0.0
AGTGGGAGTCGGATCC-1,0.0,0.0,0.0,0.0
AGTGGGATCCTAAGTG-1,1.0,0.0,0.0,0.0
AGTGGGATCGTAGATC-1,0.0,0.0,0.0,0.0
AGTGTCAGTTCCACGG-1,0.0,0.0,0.0,0.0
AGTGTCATCGTTGCCT-1,0.0,0.0,1.0,0.0
AGTGTCATCTCATTCA-1,0.0,0.0,0.0,0.0
AGTTGGTCACTCAGGC-1,0.0,0.0,0.0,0.0
AGTTGGTCAGTCAGCC-1,0.0,0.0,0.0,0.0
ATAACGCGTCCGAACC-1,0.0,0.0,0.0,0.0
ATAACGCTCAGCTCTC-1,0.0,0.0,0.0,0.0
ATAACGCTCCACGAAT-1,0.0,0.0,1.0,0.0
ATAAGAGAGTCGTACT-1,0.0,0.0,0.0,0.0
ATAAGAGCAGCTGTGC-1,0.0,0.0,0.0,0.0
ATAAGAGCAGGTGGAT-1,0.0,0.0,0.0,0.0
ATAAGAGGTATGGTTC-1,0.0,0.0,0.0,0.0
ATAAGAGTCGGAGGTA-1,0.0,0.0,0.0,0.0
ATAGACCAGTGGACGT-1,0.0,0.0,0.0,0.0
ATAGACCCAAGCGAGT-1,0.0,0.0,0.0,0.0
ATAGACCGTAAGAGGA-1,0.0,0.0,0.0,0.0
ATAGACCGTCGGCATC-1,0.0,0.0,0.0,0.0
ATAGACCGTTGAGTTC-1,1.0,0.0,0.0,0.0
ATAGACCTCGCCTGTT-1,0.0,0.0,0.0,0.0
ATAGACCTCGGATGTT-1,0.0,0.0,0.0,0.0
ATCACGAAGTAATCCC-1,0.0,0.0,0.0,0.0
ATCACGAGTCCAGTTA-1,0.0,0.0,0.0,0.0
ATCACGAGTCTGATTG-1,0.0,0.0,0.0,0.0
ATCACGATCCACGAAT-1,0.0,0.0,0.0,0.0
ATCACGATCTCGAGTA-1,0.0,0.0,0.0,0.0
ATCACGATCTGTCAAG-1,1.0,0.0,0.0,0.0
ATCATCTAGCTGGAAC-1,0.0,0.0,0.0,0.0
ATCATCTGTATTACCG-1,0.0,0.0,0.0,0.0
ATCATCTGTGTTGAGG-1,0.0,0.0,0.0,0.0
ATCATCTGTTCCACGG-1,0.0,0.0,0.0,0.0
ATCATGGAGGATATAC-1,0.0,0.0,0.0,0.0
ATCATGGGTGTTCGAT-1,0.0,0.0,0.0,0.0
ATCATGGTCACCACCT-1,0.0,0.0,0.0,0.0
ATCATGGTCGCTAGCG-1,0.0,0.0,0.0,0.0
ATCATGGTCTTGCAAG-1,0.0,0.0,0.0,0.0
ATCCACCAGGCATTGG-1,1.0,0.0,0.0,0.0
ATCCACCCAAGTCATC-1,0.0,0.0,0.0,0.0
ATCCACCTCCACGTTC-1,0.0,0.0,0.0,0.0
ATCCACCTCTAACCGA-1,0.0,0.0,0.0,0.0
ATCCGAAAGAAGATTC-1,0.0,0.0,0.0,0.0
ATCCGAAAGAATGTGT-1,0.0,0.0,0.0,0.0
ATCCGAAAGGTGTTAA-1,0.0,0.0,0.0,0.0
ATCCGAAAGTCGAGTG-1,0.0,0.0,0.0,0.0
ATCCGAACATGCCTAA-1,1.0,0.0,0.0,0.0
ATCCGAAGTGGAAAGA-1,0.0,0.0,0.0,0.0
ATCCGAAGTTGTGGCC-1,0.0,0.0,0.0,0.0
ATCCGAATCATGTCCC-1,0.0,0.0,0.0,0.0
ATCGAGTAGCGCTCCA-1,0.0,0.0,0.0,0.0
ATCGAGTAGCTAAGAT-1,0.0,0.0,1.0,0.0
ATCGAGTCAAGTTCTG-1,0.0,0.0,0.0,0.0
ATCGAGTCAATGACCT-1,0.0,0.0,0.0,0.0
ATCGAGTCAGGAATGC-1,0.0,0.0,0.0,0.0
ATCGAGTCATCACCCT-1,0.0,0.0,0.0,0.0
ATCGAGTTCCTTTCTC-1,0.0,0.0,0.0,0.0
ATCTACTCAGCAGTTT-1,0.0,0.0,0.0,0.0
ATCTACTTCAAACGGG-1,0.0,0.0,0.0,0.0
ATCTACTTCACTGGGC-1,0.0,0.0,0.0,0.0
ATCTACTTCCGCGCAA-1,0.0,0.0,0.0,0.0
ATCTGCCAGATCGGGT-1,0.0,0.0,0.0,0.0
ATCTGCCAGTCGTACT-1,0.0,0.0,0.0,0.0
ATCTGCCCAAATCCGT-1,0.0,0.0,0.0,0.0
ATCTGCCCATCCGGGT-1,0.0,0.0,0.0,0.0
ATCTGCCTCGCAAACT-1,0.0,0.0,0.0,0.0
ATGAGGGAGCTGCCCA-1,0.0,0.0,0.0,0.0
ATGAGGGAGTACGTTC-1,0.0,0.0,0.0,0.0
ATGAGGGCACGGATAG-1,0.0,0.0,0.0,0.0
ATGAGGGGTTACCAGT-1,0.0,0.0,0.0,0.0
ATGAGGGTCTTCAACT-1,0.0,0.0,0.0,0.0
ATGCGATAGATCCCAT-1,0.0,0.0,0.0,0.0
ATGCGATCAGACACTT-1,0.0,0.0,0.0,0.0
ATGCGATGTGCCTTGG-1,0.0,0.0,1.0,0.0
ATGCGATTCACGCGGT-1,0.0,0.0,0.0,0.0
ATGCGATTCCTGTAGA-1,0.0,0.0,0.0,1.0
ATGCGATTCGAATCCA-1,0.0,0.0,0.0,0.0
ATGCGATTCTCGATGA-1,0.0,0.0,0.0,0.0
ATGGGAGAGCTGAAAT-1,0.0,0.0,0.0,0.0
ATGGGAGGTGGTTTCA-1,0.0,0.0,0.0,0.0
ATGGGAGTCACAACGT-1,0.0,0.0,0.0,0.0
ATGTGTGAGGTGCACA-1,0.0,0.0,0.0,0.0
ATGTGTGAGGTTCCTA-1,0.0,0.0,0.0,0.0
ATGTGTGAGTATCGAA-1,0.0,0.0,0.0,0.0
ATGTGTGCATCCGTGG-1,0.0,0.0,0.0,0.0
ATGTGTGCATGGATGG-1,0.0,0.0,0.0,0.0
ATGTGTGGTAACGACG-1,0.0,0.0,0.0,0.0
ATGTGTGGTCGTTGTA-1,0.0,0.0,0.0,0.0
ATGTGTGGTGCTTCTC-1,0.0,0.0,0.0,0.0
ATGTGTGTCTACCAGA-1,0.0,0.0,0.0,0.0
ATGTGTGTCTAGCACA-1,0.0,0.0,1.0,0.0
ATTACTCTCGGCGGTT-1,0.0,0.0,0.0,0.0
ATTACTCTCGGTTAAC-1,0.0,0.0,0.0,0.0
ATTATCCAGCCAACAG-1,0.0,0.0,0.0,0.0
ATTATCCCAAGGACTG-1,0.0,0.0,0.0,0.0
ATTCTACCAGTTCCCT-1,0.0,0.0,0.0,0.0
ATTCTACCATTAGGCT-1,1.0,0.0,0.0,0.0
ATTCTACGTCGCGAAA-1,0.0,0.0,0.0,0.0
ATTCTACGTTCAGGCC-1,0.0,1.0,0.0,0.0
ATTCTACTCAATCTCT-1,0.0,0.0,0.0,0.0
ATTCTACTCAGGCAAG-1,0.0,0.0,0.0,0.0
ATTGGACAGAAGGGTA-1,0.0,0.0,0.0,0.0
ATTGGACAGTTGAGTA-1,0.0,0.0,0.0,0.0
ATTGGACCATGTCCTC-1,0.0,0.0,0.0,0.0
ATTGGACGTCAGCTAT-1,0.0,0.0,0.0,0.0
ATTGGACGTTAAGAAC-1,0.0,0.0,0.0,0.0
ATTGGACGTTAGTGGG-1,0.0,0.0,0.0,0.0
ATTGGTGAGTAGGTGC-1,0.0,0.0,0.0,0.0
ATTGGTGGTATGAAAC-1,0.0,0.0,0.0,0.0
ATTGGTGGTTCCTCCA-1,0.0,0.0,0.0,0.0
ATTGGTGTCAAAGTAG-1,0.0,0.0,0.0,0.0
ATTGGTGTCACAAACC-1,0.0,0.0,0.0,0.0
ATTTCTGGTCTTCGTC-1,0.0,0.0,0.0,0.0
ATTTCTGGTTACAGAA-1,0.0,0.0,0.0,0.0
ATTTCTGTCCGTAGGC-1,0.0,0.0,0.0,0.0
CAACCAAAGCCACGTC-1,0.0,0.0,0.0,0.0
CAACCAACAACACCTA-1,0.0,0.0,0.0,0.0
CAACCAACAATCCAAC-1,0.0,0.0,0.0,0.0
CAACCAACACTTAAGC-1,0.0,0.0,0.0,0.0
CAACCAACATGGATGG-1,0.0,0.0,0.0,0.0
CAACCAAGTCCTAGCG-1,0.0,0.0,0.0,0.0
CAACCAAGTTCTGTTT-1,0.0,0.0,1.0,0.0
CAACCTCAGCAGATCG-1,0.0,0.0,1.0,0.0
CAACCTCAGGTGCAAC-1,0.0,0.0,0.0,0.0
CAACCTCCATGCCTTC-1,0.0,0.0,0.0,0.0
CAACTAGAGTCACGCC-1,0.0,0.0,0.0,0.0
CAACTAGCAAACAACA-1,0.0,0.0,0.0,0.0
CAACTAGTCACAGTAC-1,0.0,0.0,0.0,0.0
CAAGAAACAAAGGTGC-1,0.0,0.0,0.0,0.0
CAAGAAAGTCATGCAT-1,0.0,0.0,0.0,0.0
CAAGAAATCATGCATG-1,0.0,0.0,0.0,0.0
CAAGAAATCTCGTTTA-1,0.0,0.0,0.0,0.0
CAAGAAATCTGGCGTG-1,0.0,0.0,0.0,0.0
CAAGATCAGATATGCA-1,0.0,0.0,0.0,0.0
CAAGATCAGCAATATG-1,1.0,0.0,0.0,0.0
CAAGATCCACGACTCG-1,0.0,1.0,0.0,0.0
CAAGATCTCTCTAGGA-1,0.0,0.0,0.0,0.0
CAAGGCCAGGCTCATT-1,0.0,0.0,0.0,0.0
CAAGGCCGTCTAGAGG-1,0.0,0.0,0.0,0.0
CAAGGCCGTGTTGAGG-1,0.0,0.0,0.0,0.0
CAAGTTGCAAGCGAGT-1,0.0,0.0,0.0,0.0
CAAGTTGGTCCTAGCG-1,0.0,0.0,0.0,0.0
CAAGTTGTCAAACCAC-1,0.0,0.0,0.0,0.0
CAAGTTGTCATTATCC-1,0.0,0.0,0.0,0.0
CACAAACAGTCAAGCG-1,0.0,0.0,0.0,0.0
CACAAACCAACTGGCC-1,0.0,0.0,0.0,0.0
CACAAACCACTCAGGC-1,0.0,0.0,0.0,0.0
CACAAACGTCGTCTTC-1,0.0,0.0,0.0,0.0
CACAAACGTGCGATAG-1,0.0,0.0,0.0,0.0
CACAAACTCAACACCA-1,0.0,0.0,0.0,0.0
CACACAAAGCCACTAT-1,0.0,0.0,0.0,0.0
CACACAAAGTGTACTC-1,0.0,0.0,0.0,0.0
CACACAAAGTTCGCGC-1,0.0,0.0,0.0,0.0
CACACAAGTCACACGC-1,1.0,0.0,0.0,0.0
CACACAAGTCGAAAGC-1,0.0,0.0,0.0,0.0
CACACAATCGGAAATA-1,0.0,0.0,0.0,0.0
CACACCTTCCACGCAG-1,0.0,0.0,0.0,0.0
CACACTCAGGCTCTTA-1,0.0,0.0,0.0,0.0
CACACTCCAGCCAGAA-1,0.0,0.0,0.0,0.0
CACACTCGTCTAAAGA-1,0.0,0.0,0.0,0.0
CACACTCGTTATCCGA-1,0.0,0.0,0.0,0.0
CACACTCTCTATCCTA-1,0.0,0.0,0.0,0.0
CACAGGCCACGACTCG-1,0.0,0.0,0.0,0.0
CACAGGCGTTCGCGAC-1,1.0,0.0,0.0,0.0
CACAGGCTCCATTCTA-1,0.0,0.0,0.0,0.0
CACAGGCTCCGTACAA-1,0.0,0.0,0.0,0.0
CACAGTAAGTAGGCCA-1,0.0,0.0,0.0,0.0
CACAGTACATGCGCAC-1,0.0,0.0,0.0,0.0
CACAGTAGTACATCCA-1,0.0,0.0,0.0,0.0
CACAGTAGTTCGCTAA-1,0.0,0.0,0.0,0.0
CACAGTAGTTGTCGCG-1,0.0,0.0,0.0,0.0
CACAGTATCAATCTCT-1,0.0,0.0,0.0,0.0
CACATAGGTGGTTTCA-1,0.0,0.0,0.0,0.0
CACATAGTCCATTCTA-1,0.0,0.0,0.0,0.0
CACATTTAGAATCTCC-1,1.0,0.0,0.0,0.0
CACATTTAGACACTAA-1,0.0,0.0,0.0,0.0
CACATTTAGTGGACGT-1,0.0,0.0,0.0,0.0
CACATTTCAAGCCCAC-1,0.0,0.0,0.0,0.0
CACATTTCACACCGAC-1,0.0,0.0,0.0,0.0
CACATTTCACTTAAGC-1,0.0,0.0,0.0,0.0
CACATTTGTACGCTGC-1,0.0,1.0,0.0,0.0
CACCACTAGACAATAC-1,0.0,0.0,0.0,0.0
CACCACTAGTGTCTCA-1,0.0,0.0,0.0,1.0
CACCACTCACTTCTGC-1,0.0,0.0,0.0,0.0
CACCACTCATTTGCTT-1,0.0,0.0,0.0,0.0
CACCACTGTACCGTTA-1,0.0,0.0,0.0,0.0
CACCACTGTCGATTGT-1,1.0,0.0,0.0,0.0
CACCACTGTCTGGAGA-1,0.0,0.0,0.0,0.0
CACCACTGTGTGGTTT-1,0.0,0.0,0.0,0.0
CACCACTGTTCAGCGC-1,0.0,0.0,0.0,0.0
CACCACTTCCCACTTG-1,0.0,0.0,0.0,0.0
CACCAGGAGTGGAGTC-1,0.0,0.0,0.0,0.0
CACCAGGCAAACTGCT-1,0.0,0.0,0.0,0.0
CACCAGGGTCTCACCT-1,0.0,0.0,0.0,0.0
CACCAGGTCGAATGGG-1,0.0,0.0,0.0,0.0
CACCTTGAGAGGGCTT-1,0.0,0.0,0.0,0.0
CACCTTGAGCCACGCT-1,0.0,0.0,0.0,0.0
CACCTTGAGTACGATA-1,1.0,0.0,0.0,0.0
CACCTTGAGTAGTGCG-1,0.0,0.0,0.0,0.0
CACCTTGCAAGGCTCC-1,0.0,0.0,1.0,0.0
CACCTTGCATGCAATC-1,0.0,0.0,0.0,0.0
CACCTTGGTATATGAG-1,0.0,0.0,0.0,0.0
CACCTTGGTCCGTGAC-1,0.0,0.0,1.0,0.0
CACTCCATCGCTGATA-1,0.0,0.0,0.0,0.0
CAGAATCAGCTAACTC-1,0.0,0.0,0.0,0.0
CAGAATCAGTTAAGTG-1,0.0,0.0,0.0,0.0
CAGAATCCACAGACAG-1,0.0,0.0,0.0,0.0
CAGAATCCATCACGAT-1,0.0,0.0,0.0,0.0
CAGAATCCATTACCTT-1,0.0,0.0,0.0,0.0
CAGAATCGTATTCGTG-1,0.0,0.0,0.0,0.0
CAGAATCTCCTGCCAT-1,0.0,0.0,0.0,0.0
CAGAGAGAGTCATGCT-1,0.0,0.0,0.0,0.0
CAGAGAGAGTCCTCCT-1,0.0,0.0,0.0,0.0
CAGAGAGCAGTGGGAT-1,0.0,0.0,0.0,0.0
CAGAGAGGTGCAGACA-1,0.0,0.0,0.0,0.0
CAGATCAAGAGGTTAT-1,1.0,0.0,0.0,0.0
CAGATCAAGGCGACAT-1,0.0,0.0,0.0,0.0
CAGATCAAGGGCACTA-1,0.0,0.0,0.0,0.0
CAGATCAAGTGAACGC-1,0.0,0.0,0.0,0.0
CAGATCACACACCGAC-1,0.0,0.0,0.0,0.0
CAGATCACACATGACT-1,0.0,0.0,0.0,0.0
CAGATCACAGCGTAAG-1,0.0,1.0,0.0,0.0
CAGATCACAGCGTCCA-1,0.0,0.0,0.0,0.0
CAGATCACATGAAGTA-1,0.0,0.0,0.0,0.0
CAGATCAGTCGACTAT-1,0.0,0.0,0.0,0.0
CAGATCAGTGATGATA-1,0.0,0.0,0.0,0.0
CAGATCATCAATAAGG-1,0.0,0.0,0.0,0.0
CAGATCATCGTGACAT-1,0.0,0.0,0.0,0.0
CAGCAGCAGAAGGTTT-1,0.0,0.0,0.0,0.0
CAGCAGCAGCCAGTAG-1,0.0,0.0,0.0,0.0
CAGCAGCAGCCATCGC-1,0.0,0.0,0.0,0.0
CAGCAGCAGTGTACGG-1,0.0,0.0,0.0,0.0
CAGCAGCCACCGAAAG-1,0.0,0.0,0.0,0.0
CAGCAGCCATCTCCCA-1,0.0,0.0,0.0,0.0
CAGCAGCTCGGTCCGA-1,0.0,0.0,0.0,0.0
CAGCATAAGCCGATTT-1,0.0,0.0,0.0,0.0
CAGCATAAGGCTAGGT-1,0.0,0.0,0.0,0.0
CAGCCGAAGAAGGGTA-1,0.0,0.0,0.0,0.0
CAGCCGACATGCCTAA-1,0.0,0.0,0.0,0.0
CAGCCGAGTCTAGGTT-1,1.0,0.0,0.0,0.0
CAGCCGATCCAGAAGG-1,0.0,0.0,0.0,0.0
CAGCCGATCCGAACGC-1,0.0,0.0,0.0,0.0
CAGCCGATCTACTTAC-1,0.0,0.0,0.0,0.0
CAGCGACCAAGACGTG-1,0.0,0.0,0.0,0.0
CAGCGACGTTGACGTT-1,0.0,0.0,0.0,0.0
CAGCGACTCGGAGCAA-1,0.0,0.0,0.0,0.0
CAGCTAACAGCATGAG-1,1.0,0.0,0.0,0.0
CAGCTAAGTGGTACAG-1,0.0,0.0,0.0,0.0
CAGCTAATCATCATTC-1,0.0,0.0,0.0,0.0
CAGCTAATCGCCGTGA-1,1.0,0.0,0.0,0.0
CAGCTAATCTGCGACG-1,0.0,0.0,0.0,0.0
CAGCTGGCACGTAAGG-1,0.0,0.0,0.0,0.0
CAGCTGGGTCGCTTTC-1,0.0,0.0,0.0,0.0
CAGCTGGGTGACCAAG-1,0.0,0.0,0.0,0.0
CAGCTGGTCAGAGACG-1,0.0,0.0,0.0,0.0
CAGCTGGTCCACTGGG-1,0.0,0.0,0.0,0.0
CAGGTGCAGGCAATTA-1,0.0,0.0,0.0,0.0
CAGGTGCAGTAGCGGT-1,0.0,0.0,0.0,0.0
CAGGTGCCACTTGGAT-1,0.0,0.0,1.0,0.0
CAGGTGCCATGACATC-1,0.0,0.0,0.0,0.0
CAGGTGCGTGTGCGTC-1,0.0,0.0,0.0,0.0
CAGTAACAGATCGATA-1,0.0,0.0,0.0,0.0
CAGTAACCAGATCTGT-1,0.0,0.0,0.0,0.0
CAGTAACCATCACGAT-1,0.0,0.0,0.0,0.0
CAGTCCTAGATCACGG-1,0.0,0.0,0.0,0.0
CAGTCCTAGGGAAACA-1,0.0,0.0,0.0,0.0
CAGTCCTAGTATGACA-1,0.0,0.0,0.0,0.0
CAGTCCTCAAGGCTCC-1,0.0,0.0,0.0,0.0
CAGTCCTGTAGCTCCG-1,0.0,0.0,1.0,0.0
CATATGGAGCTACCGC-1,0.0,0.0,0.0,0.0
CATATGGAGGCTCTTA-1,0.0,0.0,0.0,0.0
CATATGGCAAAGCAAT-1,0.0,0.0,0.0,0.0
CATATGGCAACTTGAC-1,0.0,0.0,0.0,0.0
CATATGGCAATGGAGC-1,0.0,0.0,0.0,0.0
CATATGGCATGACGGA-1,0.0,0.0,0.0,0.0
CATATGGCATTACCTT-1,0.0,0.0,0.0,0.0
CATATGGGTTCCTCCA-1,0.0,0.0,0.0,0.0
CATATGGTCACCGTAA-1,0.0,0.0,0.0,0.0
CATATTCAGCTGTCTA-1,0.0,0.0,1.0,0.0
CATATTCAGGAGTCTG-1,0.0,0.0,0.0,0.0
CATATTCGTAGATTAG-1,0.0,0.0,0.0,0.0
CATATTCGTTCTCATT-1,0.0,0.0,0.0,0.0
CATATTCTCAGTGTTG-1,0.0,0.0,0.0,0.0
CATCAAGAGAGGGCTT-1,0.0,0.0,0.0,0.0
CATCAAGAGGGATCTG-1,0.0,0.0,0.0,0.0
CATCAAGGTCAGTGGA-1,0.0,0.0,0.0,0.0
CATCAAGGTGACCAAG-1,0.0,0.0,0.0,0.0
CATCAAGGTTCAGTAC-1,0.0,0.0,0.0,0.0
CATCAAGTCCTACAGA-1,0.0,0.0,0.0,0.0
CATCAAGTCTGGTTCC-1,0.0,0.0,0.0,0.0
CATCAGAAGCTTTGGT-1,0.0,0.0,0.0,0.0
CATCAGAGTGATAAGT-1,0.0,0.0,0.0,0.0
CATCAGATCCTAGAAC-1,0.0,0.0,0.0,0.0
CATCAGATCTCAAACG-1,0.0,0.0,0.0,0.0
CATCCACAGAAACCTA-1,0.0,0.0,1.0,0.0
CATCCACAGAGTGACC-1,0.0,0.0,0.0,0.0
CATCCACCATTCTTAC-1,0.0,0.0,0.0,0.0
CATCCACTCAGATAAG-1,0.0,0.0,0.0,0.0
CATCCACTCCATGAAC-1,0.0,0.0,0.0,0.0
CATCCACTCCGTTGTC-1,0.0,0.0,0.0,1.0
CATCGAAAGATCCCAT-1,0.0,0.0,0.0,0.0
CATCGAAAGGTAGCTG-1,0.0,0.0,0.0,0.0
CATCGAAAGTACTTGC-1,0.0,0.0,0.0,0.0
CATCGAAGTATCACCA-1,0.0,0.0,0.0,1.0
CATCGAAGTCGACTAT-1,0.0,0.0,0.0,1.0
CATCGAAGTCTCGTTC-1,0.0,0.0,0.0,0.0
CATCGAAGTTCCATGA-1,1.0,0.0,0.0,0.0
CATCGAAGTTGCTCCT-1,0.0,0.0,0.0,0.0
CATCGAATCAATACCG-1,0.0,0.0,0.0,0.0
CATCGAATCAGTTAGC-1,1.0,0.0,0.0,0.0
CATCGAATCATCTGCC-1,0.0,0.0,0.0,0.0
CATCGGGCAACTGCGC-1,0.0,0.0,0.0,0.0
CATCGGGGTGTTTGTG-1,0.0,0.0,0.0,0.0
CATGACAAGTCGTTTG-1,0.0,0.0,0.0,0.0
CATGACACAGCGTCCA-1,0.0,0.0,0.0,0.0
CATGACACATGTTGAC-1,0.0,0.0,0.0,0.0
CATGACAGTAGCGCTC-1,0.0,0.0,0.0,0.0
CATGACAGTCAACTGT-1,0.0,0.0,0.0,0.0
CATGACAGTCAGGACA-1,0.0,0.0,0.0,0.0
CATGCCTCACAACTGT-1,0.0,0.0,0.0,0.0
CATGCCTCAGTCACTA-1,0.0,0.0,0.0,0.0
CATGCCTGTGCCTGCA-1,0.0,0.0,0.0,0.0
CATGGCGAGAATCTCC-1,0.0,0.0,0.0,0.0
CATGGCGCAGACAGGT-1,1.0,0.0,0.0,0.0
CATGGCGGTAGGACAC-1,0.0,0.0,0.0,0.0
CATGGCGGTCGTCTTC-1,0.0,0.0,0.0,0.0
CATGGCGGTCGTGGCT-1,1.0,0.0,0.0,0.0
CATGGCGGTGCGATAG-1,0.0,1.0,0.0,0.0
CATGGCGGTTTGGCGC-1,0.0,0.0,0.0,0.0
CATGGCGTCAAACCAC-1,0.0,0.0,0.0,0.0
CATTATCCACCAGATT-1,0.0,0.0,0.0,0.0
CATTATCTCTTAGAGC-1,0.0,0.0,0.0,0.0
CATTCGCCACTTAACG-1,0.0,0.0,0.0,0.0
CATTCGCCAGCGATCC-1,0.0,0.0,0.0,0.0
CATTCGCGTTATGCGT-1,0.0,0.0,0.0,0.0
CATTCGCTCGACCAGC-1,0.0,0.0,0.0,0.0
CATTCGCTCTCAAACG-1,0.0,0.0,0.0,0.0
CCAATCCAGTCCAGGA-1,0.0,0.0,0.0,0.0
CCAATCCCAGGCTCAC-1,0.0,0.0,0.0,0.0
CCAATCCCATTGGGCC-1,0.0,0.0,0.0,0.0
CCAATCCTCTGGCGAC-1,0.0,0.0,0.0,0.0
CCACCTACACGACGAA-1,0.0,0.0,0.0,0.0
CCACCTACAGGGTACA-1,0.0,0.0,0.0,0.0
CCACCTAGTAATCGTC-1,1.0,0.0,0.0,0.0
CCACCTAGTTGGTGGA-1,0.0,0.0,0.0,0.0
CCACCTATCTCTAGGA-1,0.0,0.0,0.0,0.0
CCACGGAAGCAGGTCA-1,0.0,0.0,0.0,0.0
CCACGGAAGGATATAC-1,0.0,0.0,0.0,0.0
CCACGGAAGGCAGGTT-1,0.0,0.0,1.0,0.0
CCACGGAAGTCCCACG-1,0.0,0.0,0.0,0.0
CCACGGACATCCTAGA-1,0.0,0.0,0.0,0.0
CCACGGAGTGAGTGAC-1,1.0,0.0,0.0,0.0
CCACGGATCACTCCTG-1,1.0,0.0,0.0,0.0
CCACGGATCCAAGTAC-1,0.0,0.0,0.0,0.0
CCACGGATCCGATATG-1,0.0,0.0,0.0,0.0
CCACTACGTAAACGCG-1,0.0,0.0,0.0,0.0
CCACTACGTGATGTGG-1,0.0,0.0,0.0,0.0
CCACTACGTTGCCTCT-1,0.0,0.0,0.0,0.0
CCACTACTCTATCCCG-1,0.0,0.0,0.0,0.0
CCACTACTCTGGTTCC-1,0.0,0.0,0.0,1.0
CCAGCGAGTAGCACGA-1,0.0,0.0,1.0,0.0
CCAGCGATCCGCATCT-1,0.0,0.0,0.0,0.0
CCAGCGATCTAGAGTC-1,0.0,0.0,0.0,0.0
CCATGTCCAAACTGTC-1,0.0,0.0,0.0,0.0
CCATGTCCAAAGGCGT-1,0.0,0.0,0.0,0.0
CCATGTCCAATGAAAC-1,1.0,0.0,0.0,0.0
CCATGTCCAATGAATG-1,0.0,0.0,0.0,0.0
CCATGTCGTACGACCC-1,0.0,0.0,0.0,0.0
CCATGTCGTAGTAGTA-1,0.0,0.0,0.0,0.0
CCATGTCGTCAACTGT-1,0.0,0.0,0.0,0.0
CCATGTCTCACGACTA-1,0.0,0.0,0.0,0.0
CCATTCGAGGAGTAGA-1,0.0,0.0,0.0,0.0
CCATTCGAGTCTCAAC-1,0.0,0.0,0.0,0.0
CCCAATCGTAGGAGTC-1,0.0,0.0,0.0,0.0
CCCAATCGTCGATTGT-1,0.0,0.0,0.0,0.0
CCCAATCGTCTTCGTC-1,0.0,0.0,0.0,0.0
CCCAATCTCCCTTGCA-1,0.0,0.0,0.0,0.0
CCCAGTTAGCTGCAAG-1,0.0,0.0,0.0,0.0
CCCAGTTAGCTGCCCA-1,0.0,0.0,0.0,0.0
CCCAGTTCACATCTTT-1,0.0,0.0,0.0,0.0
CCCAGTTGTTTACTCT-1,0.0,0.0,0.0,0.0
CCCAGTTTCAAAGTAG-1,0.0,0.0,0.0,0.0
CCCAGTTTCGCCTGAG-1,0.0,0.0,1.0,0.0
CCCAGTTTCTTCATGT-1,0.0,0.0,0.0,0.0
CCCTCCTAGACAAAGG-1,0.0,0.0,0.0,0.0
CCCTCCTAGTTGAGAT-1,0.0,0.0,1.0,0.0
CCCTCCTCAGTCAGCC-1,0.0,0.0,0.0,0.0
CCCTCCTGTCATCGGC-1,0.0,0.0,0.0,0.0
CCCTCCTTCGTCACGG-1,0.0,0.0,0.0,0.0
CCGGGATAGCAGGTCA-1,0.0,0.0,0.0,0.0
CCGGGATGTCAGAAGC-1,1.0,0.0,0.0,0.0
CCGGGATTCAAAGTAG-1,0.0,0.0,0.0,0.0
CCGGTAGAGGCTCTTA-1,0.0,0.0,0.0,0.0
CCGGTAGAGTATCTCG-1,0.0,0.0,0.0,0.0
CCGGTAGAGTGGGTTG-1,0.0,0.0,0.0,0.0
CCGGTAGCACCGATAT-1,0.0,0.0,0.0,0.0
CCGGTAGCAGTAACGG-1,0.0,0.0,0.0,0.0
CCGGTAGCATCCAACA-1,0.0,0.0,0.0,0.0
CCGGTAGGTGGCAAAC-1,0.0,0.0,0.0,0.0
CCGGTAGTCACTGGGC-1,0.0,0.0,0.0,0.0
CCGTACTAGAAGATTC-1,0.0,0.0,0.0,0.0
CCGTACTGTCTCTCGT-1,0.0,0.0,0.0,0.0
CCGTGGAGTAATTGGA-1,1.0,0.0,0.0,0.0
CCGTGGAGTCAACTGT-1,0.0,0.0,0.0,0.0
CCGTGGAGTGATGTGG-1,0.0,0.0,0.0,0.0
CCGTGGATCGGTGTTA-1,1.0,0.0,0.0,0.0
CCGTGGATCTCGTTTA-1,0.0,0.0,0.0,0.0
CCGTTCAAGCGATCCC-1,0.0,0.0,1.0,0.0
CCGTTCAAGCTAACTC-1,1.0,0.0,0.0,0.0
CCGTTCAAGGGATGGG-1,0.0,0.0,0.0,1.0
CCGTTCAAGTCGAGTG-1,0.0,0.0,0.0,0.0
CCGTTCAGTGATAAGT-1,0.0,0.0,0.0,0.0
CCTAAAGAGAAACCTA-1,0.0,0.0,0.0,0.0
CCTAAAGAGCACGCCT-1,0.0,0.0,0.0,0.0
CCTAAAGCACAGACAG-1,0.0,0.0,0.0,0.0
CCTAAAGTCAGTCCCT-1,0.0,0.0,0.0,0.0
CCTACACAGGTGCAAC-1,0.0,0.0,0.0,0.0
CCTACACAGTTAAGTG-1,0.0,0.0,0.0,0.0
CCTACACCACAGGAGT-1,0.0,0.0,0.0,0.0
CCTACACCACCTCGGA-1,0.0,0.0,0.0,1.0
CCTACACGTCTTGCGG-1,0.0,0.0,0.0,0.0
CCTACACTCCACTGGG-1,0.0,0.0,0.0,0.0
CCTACCAAGTATTGGA-1,0.0,0.0,0.0,0.0
CCTACCACACAACGTT-1,0.0,0.0,0.0,0.0
CCTACCACAGCCTTTC-1,0.0,0.0,0.0,0.0
CCTACCAGTGAGGGTT-1,0.0,0.0,0.0,0.0
CCTACCATCCGCGCAA-1,0.0,0.0,0.0,0.0
CCTAGCTAGCGCCTTG-1,0.0,0.0,0.0,0.0
CCTAGCTAGGTAGCTG-1,0.0,0.0,0.0,0.0
CCTAGCTCATACGCCG-1,1.0,0.0,0.0,0.0
CCTAGCTGTCTAGAGG-1,1.0,0.0,0.0,0.0
CCTAGCTTCAGTCAGT-1,0.0,0.0,0.0,0.0
CCTATTACACCGAAAG-1,0.0,0.0,0.0,0.0
CCTATTACAGCGTTCG-1,0.0,0.0,0.0,0.0
CCTATTAGTTACCAGT-1,0.0,0.0,0.0,0.0
CCTATTATCCACGTGG-1,0.0,0.0,1.0,0.0
CCTATTATCTAACTCT-1,0.0,0.0,0.0,0.0
CCTATTATCTTGCATT-1,0.0,0.0,0.0,0.0
CCTCAGTAGCAGATCG-1,0.0,0.0,0.0,0.0
CCTCTGAAGGCCCTCA-1,0.0,0.0,0.0,1.0
CCTCTGAAGGGTTCCC-1,0.0,0.0,0.0,0.0
CCTCTGACAAAGGAAG-1,0.0,0.0,0.0,0.0
CCTCTGACAATAACGA-1,0.0,0.0,0.0,0.0
CCTCTGACAGGACGTA-1,1.0,0.0,0.0,0.0
CCTCTGATCACGGTTA-1,0.0,0.0,0.0,0.0
CCTTACGCAAGTCATC-1,0.0,0.0,0.0,0.0
CCTTACGCACCGATAT-1,0.0,0.0,0.0,0.0
CCTTACGGTCAAACTC-1,0.0,0.0,0.0,0.0
CCTTACGTCAACACTG-1,0.0,0.0,0.0,0.0
CCTTACGTCATGCATG-1,0.0,0.0,0.0,0.0
CCTTCCCCAAGCTGTT-1,0.0,0.0,0.0,0.0
CCTTCCCCAATAGAGT-1,0.0,0.0,0.0,0.0
CCTTCCCCACGCATCG-1,0.0,0.0,0.0,0.0
CCTTCCCCATTTGCTT-1,0.0,0.0,0.0,0.0
CCTTCCCGTTGTTTGG-1,0.0,0.0,0.0,0.0
CCTTCCCTCTACTTAC-1,0.0,0.0,0.0,0.0
CCTTCGAAGATCCCAT-1,0.0,0.0,0.0,0.0
CCTTCGACACATCCAA-1,0.0,0.0,0.0,0.0
CCTTCGACACCTATCC-1,1.0,0.0,0.0,0.0
CCTTCGAGTAGCTGCC-1,0.0,0.0,0.0,0.0
CCTTCGAGTCTGATCA-1,0.0,0.0,0.0,0.0
CCTTCGAGTGAGTATA-1,0.0,0.0,0.0,0.0
CCTTCGATCACTTACT-1,0.0,0.0,0.0,0.0
CCTTCGATCTTGAGAC-1,0.0,0.0,0.0,0.0
CCTTTCTAGGCCCGTT-1,0.0,0.0,0.0,0.0
CCTTTCTCAAGCGAGT-1,0.0,0.0,0.0,0.0
CCTTTCTGTGATGCCC-1,0.0,0.0,0.0,0.0
CCTTTCTTCAGTGCAT-1,0.0,0.0,0.0,0.0
CGAACATAGAAGATTC-1,0.0,0.0,0.0,0.0
CGAACATAGAAGGACA-1,0.0,0.0,0.0,0.0
CGAACATAGCCAACAG-1,0.0,0.0,0.0,0.0
CGAACATAGGAATCGC-1,0.0,0.0,0.0,0.0
CGAACATCAAATTGCC-1,0.0,0.0,0.0,0.0
CGAACATCAATAACGA-1,0.0,0.0,0.0,0.0
CGAACATGTCCAACTA-1,0.0,0.0,0.0,0.0
CGAACATGTTATCACG-1,0.0,0.0,0.0,0.0
CGAACATTCATGCAAC-1,0.0,0.0,0.0,0.0
CGAACATTCCCAAGTA-1,0.0,0.0,0.0,0.0
CGAACATTCCGCATAA-1,0.0,0.0,0.0,0.0
CGAACATTCGATCCCT-1,0.0,0.0,0.0,0.0
CGAATGTAGAGTAATC-1,0.0,0.0,0.0,0.0
CGAATGTAGTCATGCT-1,0.0,0.0,0.0,0.0
CGAATGTCAATGGAAT-1,0.0,0.0,0.0,0.0
CGAATGTCACCTTGTC-1,0.0,0.0,0.0,0.0
CGAATGTCATATGAGA-1,0.0,0.0,0.0,0.0
CGAATGTGTTGCTCCT-1,0.0,0.0,0.0,0.0
CGAATGTTCATCATTC-1,0.0,0.0,1.0,0.0
CGAATGTTCTCTGAGA-1,1.0,0.0,0.0,0.0
CGAATGTTCTGCGGCA-1,0.0,0.0,0.0,0.0
CGACCTTGTAATCGTC-1,0.0,0.0,0.0,0.0
CGACCTTGTCGAATCT-1,0.0,0.0,0.0,0.0
CGACCTTGTCTCCCTA-1,0.0,0.0,0.0,1.0
CGACCTTTCCGTCAAA-1,0.0,0.0,0.0,0.0
CGACCTTTCGCAAGCC-1,0.0,0.0,0.0,0.0
CGACCTTTCGCTGATA-1,0.0,0.0,0.0,0.0
CGACTTCAGATGCCAG-1,0.0,0.0,0.0,0.0
CGACTTCCAACGATCT-1,0.0,0.0,0.0,1.0
CGACTTCCACGCGAAA-1,0.0,0.0,0.0,0.0
CGACTTCCATTTCAGG-1,1.0,0.0,0.0,0.0
CGACTTCGTTCCATGA-1,0.0,0.0,0.0,0.0
CGACTTCTCGTGGGAA-1,0.0,0.0,0.0,0.0
CGAGAAGCACACTGCG-1,0.0,0.0,0.0,0.0
CGAGAAGGTTACTGAC-1,0.0,0.0,0.0,0.0
CGAGAAGTCCTAGGGC-1,0.0,0.0,0.0,0.0
CGAGAAGTCTCTGCTG-1,0.0,0.0,0.0,0.0
CGAGCACAGAACTGTA-1,0.0,0.0,0.0,0.0
CGAGCACAGCAGACTG-1,0.0,0.0,0.0,0.0
CGAGCACAGGAATTAC-1,0.0,0.0,1.0,0.0
CGAGCACAGGTGCTAG-1,0.0,0.0,0.0,0.0
CGAGCACGTCATATCG-1,0.0,0.0,0.0,0.0
CGAGCACGTCTCACCT-1,0.0,0.0,0.0,0.0
CGAGCACGTCTTGATG-1,0.0,0.0,0.0,0.0
CGAGCACGTTAGGGTG-1,0.0,0.0,0.0,0.0
CGAGCACTCGGAGCAA-1,0.0,1.0,0.0,0.0
CGAGCACTCTAACTTC-1,0.0,0.0,0.0,1.0
CGAGCACTCTGCTGCT-1,0.0,0.0,0.0,0.0
CGAGCCAAGTTGAGTA-1,0.0,0.0,0.0,0.0
CGAGCCACAACAACCT-1,0.0,0.0,0.0,0.0
CGAGCCACATTAGGCT-1,0.0,0.0,0.0,0.0
CGAGCCATCACCGGGT-1,1.0,0.0,0.0,0.0
CGATCGGCAGCTCGCA-1,0.0,0.0,0.0,0.0
CGATCGGGTAAGGGCT-1,1.0,0.0,0.0,0.0
CGATCGGGTCCGTCAG-1,0.0,0.0,0.0,0.0
CGATCGGTCAAGGTAA-1,0.0,0.0,0.0,0.0
CGATCGGTCGTCCAGG-1,0.0,0.0,0.0,0.0
CGATGGCAGCTACCGC-1,1.0,0.0,0.0,0.0
CGATGTACACGTTGGC-1,0.0,0.0,0.0,0.0
CGATGTACAGCCTTTC-1,0.0,0.0,0.0,0.0
CGATGTAGTGGTGTAG-1,0.0,0.0,0.0,0.0
CGATGTATCACCAGGC-1,0.0,0.0,1.0,0.0
CGATTGAAGCAATATG-1,0.0,0.0,1.0,0.0
CGATTGAAGCGATATA-1,0.0,0.0,0.0,0.0
CGATTGAAGCGATGAC-1,0.0,0.0,1.0,0.0
CGATTGAAGTACATGA-1,0.0,0.0,0.0,0.0
CGATTGACAAGGACAC-1,0.0,0.0,0.0,0.0
CGATTGAGTACTTGAC-1,0.0,0.0,0.0,0.0
CGCCAAGCATGCAACT-1,0.0,1.0,0.0,0.0
CGCCAAGGTCATATGC-1,0.0,0.0,0.0,0.0
CGCCAAGGTCGTGGCT-1,0.0,0.0,0.0,0.0
CGCCAAGGTGCTGTAT-1,0.0,0.0,0.0,0.0
CGCCAAGTCTGTCTAT-1,0.0,0.0,0.0,0.0
CGCGGTAAGCGTAGTG-1,0.0,0.0,0.0,0.0
CGCGGTAAGGTGCTAG-1,0.0,0.0,0.0,0.0
CGCGGTACAGCTCGAC-1,0.0,0.0,0.0,0.0
CGCGGTACAGGGTATG-1,0.0,0.0,0.0,0.0
CGCGGTAGTAGATTAG-1,0.0,0.0,0.0,0.0
CGCGGTAGTTCGGCAC-1,0.0,0.0,0.0,0.0
CGCGGTATCAGATAAG-1,0.0,0.0,0.0,1.0
CGCGGTATCGGCGCTA-1,0.0,0.0,0.0,0.0
CGCGTTTAGAGCTGGT-1,0.0,0.0,0.0,0.0
CGCGTTTCACGGTTTA-1,0.0,0.0,0.0,0.0
CGCGTTTGTGGCGAAT-1,0.0,0.0,0.0,0.0
CGCGTTTTCAACACTG-1,0.0,0.0,0.0,0.0
CGCGTTTTCCTTTACA-1,0.0,0.0,0.0,0.0
CGCGTTTTCTTGAGGT-1,0.0,0.0,0.0,0.0
CGCTATCAGACTCGGA-1,0.0,0.0,0.0,0.0
CGCTATCAGAGGTTAT-1,1.0,0.0,0.0,0.0
CGCTATCCACCTCGTT-1,0.0,0.0,0.0,0.0
CGCTATCGTGTGTGCC-1,0.0,0.0,0.0,0.0
CGCTATCGTTCGTGAT-1,0.0,0.0,0.0,0.0
CGCTATCTCACTGGGC-1,0.0,0.0,0.0,0.0
CGCTATCTCCGCATAA-1,0.0,1.0,0.0,0.0
CGCTATCTCGGTGTCG-1,0.0,0.0,0.0,0.0
CGCTATCTCTATGTGG-1,0.0,0.0,0.0,0.0
CGCTGGAAGTACGACG-1,0.0,0.0,0.0,0.0
CGCTGGACATCCGCGA-1,0.0,0.0,0.0,0.0
CGCTGGAGTCCATCCT-1,0.0,0.0,0.0,0.0
CGCTGGAGTCGCGGTT-1,0.0,0.0,0.0,0.0
CGCTTCAAGGGTCGAT-1,0.0,0.0,0.0,0.0
CGCTTCACACGAAACG-1,0.0,0.0,0.0,0.0
CGCTTCACACGAAAGC-1,0.0,0.0,0.0,0.0
CGCTTCATCCGGGTGT-1,0.0,0.0,0.0,0.0
CGGACACAGAAGATTC-1,0.0,0.0,0.0,0.0
CGGACACAGGATCGCA-1,0.0,0.0,0.0,0.0
CGGACACAGGCTAGCA-1,0.0,0.0,0.0,0.0
CGGACACGTCGGCTCA-1,0.0,0.0,0.0,0.0
CGGACACGTGGTACAG-1,0.0,0.0,0.0,0.0
CGGACGTAGACTGGGT-1,0.0,0.0,0.0,0.0
CGGACGTAGATCCCGC-1,0.0,0.0,0.0,0.0
CGGACGTAGTGGAGTC-1,0.0,0.0,0.0,0.0
CGGACGTGTACTCGCG-1,0.0,0.0,0.0,0.0
CGGACTGTCACAGGCC-1,0.0,0.0,0.0,0.0
CGGACTGTCCTTTCGG-1,0.0,0.0,0.0,0.0
CGGACTGTCGTATCAG-1,0.0,0.0,0.0,0.0
CGGACTGTCGTTTATC-1,0.0,0.0,0.0,0.0
CGGAGCTCAAGACACG-1,0.0,0.0,0.0,0.0
CGGAGCTCAAGTTCTG-1,0.0,0.0,0.0,0.0
CGGAGTCGTTGATTGC-1,0.0,0.0,0.0,0.0
CGGAGTCTCCGAATGT-1,0.0,0.0,0.0,0.0
CGGCTAGAGAGTAAGG-1,0.0,0.0,0.0,0.0
CGGCTAGAGCAGATCG-1,0.0,0.0,0.0,0.0
CGGCTAGAGTTAGCGG-1,0.0,0.0,0.0,0.0
CGGCTAGCAATGGATA-1,0.0,0.0,0.0,0.0
CGGCTAGGTAAATACG-1,0.0,0.0,0.0,0.0
CGGCTAGTCGGCTACG-1,0.0,0.0,0.0,0.0
CGGGTCAAGCTGAACG-1,0.0,0.0,0.0,0.0
CGGGTCACAGGAATCG-1,0.0,0.0,0.0,0.0
CGGGTCAGTAAACCTC-1,0.0,0.0,0.0,0.0
CGGGTCATCTTACCTA-1,0.0,0.0,0.0,0.0
CGGTTAAAGGATGCGT-1,0.0,0.0,0.0,0.0
CGGTTAATCAGTCAGT-1,0.0,0.0,0.0,0.0
CGGTTAATCGCATGGC-1,0.0,0.0,0.0,0.0
CGGTTAATCTATCCTA-1,0.0,0.0,0.0,0.0
CGTAGCGCAGGGATTG-1,0.0,0.0,0.0,0.0
CGTAGCGTCTGACCTC-1,0.0,0.0,0.0,0.0
CGTAGGCAGATAGTCA-1,0.0,0.0,0.0,0.0
CGTAGGCCACCGGAAA-1,0.0,0.0,0.0,0.0
CGTAGGCCAGCTGGCT-1,0.0,0.0,0.0,0.0
CGTAGGCGTAACGCGA-1,0.0,0.0,0.0,0.0
CGTAGGCGTAGAGTGC-1,0.0,0.0,0.0,0.0
CGTAGGCGTTACGTCA-1,0.0,0.0,0.0,0.0
CGTAGGCTCATTGCCC-1,1.0,0.0,0.0,0.0
CGTCACTAGAGACTAT-1,0.0,0.0,0.0,0.0
CGTCACTAGGATGTAT-1,1.0,0.0,0.0,0.0
CGTCACTGTCCTCTTG-1,0.0,0.0,0.0,0.0
CGTCACTTCCAGATCA-1,0.0,0.0,0.0,0.0
CGTCACTTCCGTAGTA-1,1.0,0.0,0.0,0.0
CGTCAGGCAAGAAGAG-1,0.0,0.0,0.0,0.0
CGTCAGGGTGTCTGAT-1,1.0,0.0,0.0,0.0
CGTCCATAGCTAACTC-1,1.0,0.0,0.0,0.0
CGTCCATAGCTAAGAT-1,0.0,0.0,0.0,0.0
CGTCCATAGGACATTA-1,0.0,0.0,0.0,0.0
CGTCCATCACGCCAGT-1,0.0,0.0,0.0,0.0
CGTCCATTCTCGCATC-1,0.0,0.0,0.0,0.0
CGTCTACAGTGAACAT-1,0.0,0.0,0.0,0.0
CGTCTACCACAACGTT-1,0.0,0.0,0.0,0.0
CGTCTACGTCTTGATG-1,0.0,0.0,0.0,0.0
CGTGAGCCAAGCTGAG-1,0.0,0.0,0.0,0.0
CGTGAGCCAAGTTGTC-1,0.0,0.0,0.0,0.0
CGTGAGCCATCGGAAG-1,0.0,0.0,0.0,0.0
CGTGAGCGTACAGTGG-1,0.0,1.0,0.0,0.0
CGTGAGCGTGCACTTA-1,0.0,0.0,0.0,0.0
CGTGAGCTCGCACTCT-1,0.0,0.0,0.0,0.0
CGTGTAAAGGGTTTCT-1,0.0,0.0,0.0,0.0
CGTGTAAAGTCCGTAT-1,0.0,0.0,0.0,0.0
CGTGTAAGTAGCTTGT-1,0.0,0.0,0.0,0.0
CGTGTAAGTATGAATG-1,0.0,0.0,0.0,0.0
CGTGTAATCACTTATC-1,0.0,0.0,0.0,0.0
CGTGTCTCAAAGTGCG-1,0.0,0.0,0.0,0.0
CGTGTCTCAGGCTGAA-1,0.0,0.0,0.0,0.0
CGTGTCTGTTCGTCTC-1,0.0,0.0,0.0,0.0
CGTGTCTTCCTATGTT-1,0.0,0.0,0.0,0.0
CGTGTCTTCTGGCGAC-1,1.0,0.0,0.0,0.0
CGTTAGACACGGATAG-1,0.0,0.0,0.0,0.0
CGTTAGAGTCTAGCCG-1,0.0,0.0,0.0,0.0
CGTTAGATCTACGAGT-1,0.0,0.0,0.0,0.0
CGTTCTGAGAAGGTGA-1,0.0,0.0,0.0,0.0
CGTTCTGCAGTATGCT-1,0.0,0.0,0.0,0.0
CGTTCTGGTTGCGTTA-1,0.0,0.0,0.0,0.0
CGTTCTGGTTTGACAC-1,1.0,0.0,0.0,0.0
CGTTGGGCAAAGTCAA-1,1.0,0.0,0.0,0.0
CGTTGGGCATCGATTG-1,0.0,0.0,0.0,0.0
CGTTGGGTCTACCAGA-1,0.0,0.0,0.0,0.0
CTAACTTAGAAACCAT-1,0.0,0.0,0.0,0.0
CTAACTTAGCCACCTG-1,0.0,0.0,0.0,0.0
CTAACTTAGCTAGTTC-1,0.0,0.0,0.0,0.0
CTAACTTAGGCTATCT-1,0.0,0.0,0.0,0.0
CTAACTTAGGTACTCT-1,0.0,0.0,0.0,0.0
CTAACTTAGTGGACGT-1,0.0,0.0,0.0,0.0
CTAACTTCAGCTGTAT-1,0.0,0.0,0.0,0.0
CTAACTTTCATGTGGT-1,0.0,0.0,0.0,0.0
CTAAGACAGAGTGAGA-1,0.0,0.0,0.0,1.0
CTAAGACAGCTGCGAA-1,0.0,0.0,0.0,0.0
CTAAGACAGGGATCTG-1,0.0,0.0,0.0,0.0
CTAAGACAGTGAAGTT-1,0.0,0.0,0.0,0.0
CTAAGACAGTTAAGTG-1,0.0,0.0,0.0,0.0
CTAAGACGTAGGGTAC-1,0.0,0.0,0.0,0.0
CTAAGACGTGGTGTAG-1,0.0,0.0,0.0,0.0
CTAAGACTCCGTTGCT-1,0.0,0.0,0.0,0.0
CTAATGGCACCTCGGA-1,0.0,0.0,0.0,0.0
CTAATGGCACGAGGTA-1,0.0,0.0,0.0,0.0
CTAATGGCACTTAAGC-1,0.0,0.0,0.0,0.0
CTAATGGCAGGATTGG-1,0.0,0.0,0.0,0.0
CTAATGGCATGAGCGA-1,0.0,0.0,0.0,0.0
CTAATGGCATTTGCCC-1,0.0,0.0,0.0,0.0
CTAATGGGTAGAGCTG-1,0.0,0.0,0.0,0.0
CTACACCCACATCCGG-1,0.03392405941528119,0.0,0.0,0.9660759405847189
CTACACCGTCCCTTGT-1,0.0,0.0,0.0,0.0
CTACACCTCAGAAATG-1,0.0,0.0,0.0,0.0
CTACACCTCGCCAGCA-1,0.0,0.0,0.0,0.0
CTACACCTCTGACCTC-1,0.0,0.0,0.0,0.0
CTACATTAGGGCATGT-1,0.0,0.0,0.0,0.0
CTACATTCACCTCGTT-1,0.0,0.0,0.0,0.0
CTACATTCAGGCAGTA-1,0.0,0.0,0.0,0.0
CTACATTGTAGCGATG-1,0.0,0.0,0.0,0.0
CTACATTGTTCCAACA-1,0.0,0.0,1.0,0.0
CTACATTGTTTCGCTC-1,0.0,0.0,0.0,0.0
CTACCCATCCGCGGTA-1,0.0,0.0,0.0,0.0
CTACGTCCATCACGAT-1,0.0,0.0,0.0,0.0
CTAGAGTAGCCCAACC-1,0.0,0.0,0.0,0.0
CTAGAGTAGCGCTTAT-1,0.0,0.0,0.0,0.0
CTAGAGTCAAGCTGGA-1,0.0,0.0,0.0,0.0
CTAGAGTCAATTCCTT-1,0.0,0.0,0.0,0.0
CTAGAGTCATCACCCT-1,0.0,0.0,0.0,0.0
CTAGAGTGTCCTGCTT-1,0.0,0.0,0.0,0.0
CTAGAGTTCGCGATCG-1,0.0,0.0,0.0,0.0
CTAGCCTAGGTGATTA-1,0.0,0.0,0.0,0.0
CTAGCCTGTATCAGTC-1,0.0,0.0,0.0,0.0
CTAGCCTTCAATACCG-1,0.0,0.0,0.0,0.0
CTAGCCTTCGAGCCCA-1,0.0,0.0,0.0,0.0
CTAGTGAAGAGAACAG-1,0.0,0.0,0.0,0.0
CTAGTGAGTGCGAAAC-1,0.0,0.0,0.0,0.0
CTAGTGATCACAGGCC-1,0.0,0.0,0.0,0.0
CTAGTGATCATGGTCA-1,0.0,0.0,0.0,0.0
CTAGTGATCGCGTTTC-1,0.0,0.0,0.0,0.0
CTCACACAGGAATCGC-1,0.0,0.0,0.0,0.0
CTCACACAGTACGCGA-1,0.0,0.0,0.0,0.0
CTCACACCACGAAAGC-1,1.0,0.0,0.0,0.0
CTCACACCATCGACGC-1,0.0,0.0,0.0,0.0
CTCACACGTCCAGTGC-1,0.0,0.0,0.0,0.0
CTCACACGTCTAGTCA-1,0.0,0.0,0.0,0.0
CTCACACGTGTTCTTT-1,0.0,0.0,0.0,0.0
CTCACACTCAGAGGTG-1,0.0,0.0,0.0,0.0
CTCACACTCATCGCTC-1,0.0,0.0,0.0,0.0
CTCACACTCCACGAAT-1,0.0,0.0,0.0,0.0
CTCACACTCTGCTGTC-1,0.0,0.0,0.0,0.0
CTCAGAAAGAAACGCC-1,0.0,0.0,0.0,0.0
CTCAGAAAGAAGATTC-1,0.0,0.0,0.0,0.0
CTCAGAAAGCCAGTTT-1,0.0,0.0,0.0,0.0
CTCAGAAGTACCGAGA-1,0.0,0.0,0.0,0.0
CTCAGAAGTCTCACCT-1,0.0,0.0,0.0,0.0
CTCAGAAGTGCCTGGT-1,0.0,0.0,0.0,0.0
CTCAGAAGTTAAGACA-1,0.0,0.0,0.0,0.0
CTCAGAATCATGTCTT-1,0.0,0.0,0.0,0.0
CTCAGAATCGCGCCAA-1,0.0,0.0,0.0,0.0
CTCATTAAGATCGGGT-1,0.0,0.0,0.0,0.0
CTCATTACAATGGAGC-1,0.0,0.0,0.0,0.0
CTCATTACATTTGCTT-1,0.0,0.0,0.0,1.0
CTCATTAGTAGCGTAG-1,0.0,0.0,0.0,0.0
CTCATTAGTCTCTCGT-1,0.0,0.0,0.0,0.0
CTCATTAGTGCTCTTC-1,0.0,0.0,0.0,0.0
CTCATTAGTTACCAGT-1,0.0,0.0,0.0,0.0
CTCCTAGAGAAGCCCA-1,1.0,0.0,0.0,0.0
CTCCTAGCACATTAGC-1,0.0,0.0,0.0,0.0
CTCCTAGCATCGGTTA-1,0.0,0.0,0.0,0.0
CTCCTAGGTACTTGAC-1,0.0,0.0,0.0,0.0
CTCCTAGGTAGTAGTA-1,0.0,0.0,0.0,1.0
CTCCTAGTCCGAAGAG-1,0.0,0.0,0.0,0.0
CTCCTAGTCTCACATT-1,0.0,0.0,0.0,0.0
CTCGAAAGTACAGTGG-1,0.0,0.0,0.0,0.0
CTCGAAAGTGCCTGTG-1,0.0,0.0,0.0,0.0
CTCGAAAGTTGGTTTG-1,0.0,0.0,0.0,0.0
CTCGAAATCACAACGT-1,0.0,0.0,1.0,0.0
CTCGAAATCCAGATCA-1,0.0,0.0,0.0,0.0
CTCGAGGAGATCTGCT-1,0.0,0.0,0.0,0.0
CTCGAGGAGGGAAACA-1,0.0,0.0,0.0,0.0
CTCGAGGAGGTGCACA-1,0.0,0.0,0.0,0.0
CTCGAGGCAGCTGGCT-1,0.0,0.0,0.0,0.0
CTCGAGGGTAGGGACT-1,0.0,0.0,0.0,0.0
CTCGGAGAGGACAGAA-1,0.0,0.0,0.0,0.0
CTCGGAGAGTAATCCC-1,0.0,0.0,0.0,0.0
CTCGGAGCATCCGCGA-1,0.0,0.0,0.0,0.0
CTCGGGAAGAAAGTGG-1,1.0,0.0,0.0,0.0
CTCGGGACACATCCAA-1,0.0,0.0,0.0,0.0
CTCGGGACACGTGAGA-1,1.0,0.0,0.0,0.0
CTCGGGACAGCTTCGG-1,0.0,0.0,0.0,0.0
CTCGGGATCTCTGAGA-1,0.0,0.0,0.0,0.0
CTCGTACAGCAATATG-1,0.0,0.0,0.0,0.0
CTCGTACAGCTGCCCA-1,0.0,0.0,0.0,0.0
CTCGTACAGTTATCGC-1,0.0,0.0,0.0,0.0
CTCGTACCACACTGCG-1,0.0,0.0,0.0,0.0
CTCGTACCAGGTCCAC-1,0.0,0.0,0.0,0.0
CTCGTACTCACTCCTG-1,0.0,0.0,0.0,0.0
CTCGTCAAGGAGTTTA-1,1.0,0.0,0.0,0.0
CTCGTCAAGTGAAGTT-1,0.0,0.0,0.0,0.0
CTCGTCACAATACGCT-1,0.0,0.0,0.0,0.0
CTCGTCACACGGACAA-1,0.0,0.0,0.0,0.0
CTCGTCACAGTCGATT-1,0.0,0.0,0.0,0.0
CTCGTCAGTAAGTAGT-1,0.0,0.0,0.0,0.0
CTCGTCAGTATTCTCT-1,0.0,0.0,0.0,0.0
CTCGTCAGTCAGAAGC-1,1.0,0.0,0.0,0.0
CTCGTCATCAACGGCC-1,0.0,0.0,0.0,0.0
CTCGTCATCTACTATC-1,0.0,0.0,0.0,0.0
CTCTAATAGAAGGTTT-1,0.0,0.0,0.0,0.0
CTCTAATTCCAGTATG-1,0.0,0.0,0.0,0.0
CTCTACGAGATATGGT-1,0.0,0.0,0.0,0.0
CTCTACGAGCTACCTA-1,0.0,0.0,0.0,0.0
CTCTACGCAGATGGCA-1,0.0,0.0,0.0,0.0
CTCTACGGTTGAGGTG-1,0.0,0.0,0.0,0.0
CTCTACGGTTGCGTTA-1,0.0,0.0,0.0,0.0
CTCTGGTAGCATCATC-1,0.0,0.0,0.0,0.0
CTCTGGTGTAGATTAG-1,0.0,0.0,0.0,0.0
CTCTGGTGTCTGATTG-1,0.0,0.0,0.0,0.0
CTCTGGTGTTAGGGTG-1,0.0,0.0,0.0,0.0
CTCTGGTTCAGCAACT-1,0.0,0.0,0.0,0.0
CTCTGGTTCCCAACGG-1,0.0,0.0,0.0,0.0
CTGAAACAGGAGTCTG-1,1.0,0.0,0.0,0.0
CTGAAACCAATCTACG-1,0.0,0.0,0.0,0.0
CTGAAACCACACCGCA-1,0.0,0.0,0.0,0.0
CTGAAACCATCCGTGG-1,1.0,0.0,0.0,0.0
CTGAAACTCCTGCTTG-1,0.0,0.0,0.0,0.0
CTGAAACTCGAGAACG-1,0.0,0.0,0.0,0.0
CTGAAGTCAAATTGCC-1,0.0,0.0,0.0,0.0
CTGAAGTGTAGGCATG-1,0.0,0.0,0.0,0.0
CTGAAGTGTTTCCACC-1,0.0,0.0,0.0,0.0
CTGAAGTTCACCTCGT-1,0.0,0.0,0.0,0.0
CTGATAGAGGTGCTAG-1,0.0,0.0,0.0,0.0
CTGATAGGTAGAGGAA-1,0.0,0.0,0.0,0.0
CTGATAGGTTGCTCCT-1,0.0,0.0,0.0,0.0
CTGATCCAGCCTATGT-1,0.0,0.0,0.0,1.0
CTGATCCAGGGCTCTC-1,0.0,0.0,0.0,0.0
CTGATCCAGTGAAGAG-1,0.0,0.0,0.0,0.0
CTGATCCTCTGTACGA-1,0.0,0.0,1.0,0.0
CTGCCTAAGACTGTAA-1,0.0,0.0,0.0,0.0
CTGCCTAAGGTAGCTG-1,0.0,0.0,0.0,0.0
CTGCCTACAAGACGTG-1,0.0,0.0,0.0,0.0
CTGCCTACAGTCGATT-1,0.0,0.0,0.0,0.0
CTGCCTAGTCATATCG-1,0.0,0.0,0.0,0.0
CTGCCTAGTGAGGCTA-1,0.0,0.0,0.0,0.0
CTGCCTAGTGAGTATA-1,0.0,0.0,0.0,0.0
CTGCCTATCCCTTGTG-1,0.0,0.0,0.0,0.0
CTGCGGAAGAAACGAG-1,0.0,0.0,0.0,0.0
CTGCGGACACGAAACG-1,0.0,0.0,0.0,0.0
CTGCGGACACTTAACG-1,0.0,0.0,0.0,0.0
CTGCGGACATCCGCGA-1,0.0,0.0,0.0,0.0
CTGCGGAGTCAATGTC-1,0.0,0.0,0.0,0.0
CTGCGGAGTCCCGACA-1,0.0,0.0,0.0,0.0
CTGCGGAGTTATCACG-1,1.0,0.0,0.0,0.0
CTGCGGATCGACAGCC-1,0.0,0.0,0.0,0.0
CTGCTGTAGGGAGTAA-1,0.0,0.0,0.0,0.0
CTGCTGTCAAACTGTC-1,0.0,0.0,0.0,0.0
CTGCTGTCAGGTGCCT-1,0.0,0.0,0.0,0.0
CTGCTGTCATCCCACT-1,0.0,0.0,0.0,0.0
CTGCTGTGTCGCTTTC-1,0.0,0.0,0.0,0.0
CTGCTGTTCAAAGACA-1,0.0,0.0,0.0,0.0
CTGCTGTTCCCTTGCA-1,0.0,0.0,0.0,0.0
CTGCTGTTCCGTCATC-1,0.9704764847997006,0.0,0.0,0.029523515200299368
CTGGTCTGTGTAATGA-1,0.0,0.0,0.0,0.0
CTGGTCTGTTAAGACA-1,0.0,0.0,0.0,0.0
CTGGTCTTCCGTCAAA-1,0.0,0.0,0.0,0.0
CTGGTCTTCCTTAATC-1,0.0,0.0,0.0,0.0
CTGTGCTAGGGATCTG-1,0.0,0.0,0.0,0.0
CTGTGCTAGGTACTCT-1,0.0,0.0,0.0,0.0
CTGTGCTCATAGAAAC-1,0.0,0.0,0.0,0.0
CTGTGCTGTAGCGTAG-1,0.0,0.0,0.0,0.0
CTGTGCTTCCTAGAAC-1,0.0,0.0,0.0,0.0
CTGTTTAAGGTCATCT-1,0.0,0.0,0.0,0.0
CTGTTTACAATCTGCA-1,0.0,0.0,0.0,0.0
CTGTTTATCCCATTAT-1,0.0,0.0,0.0,0.0
CTGTTTATCCTTGACC-1,0.0,0.0,0.0,0.0
CTTAACTAGTGTACCT-1,0.0,0.0,0.0,0.0
CTTAACTTCATAAAGG-1,1.0,0.0,0.0,0.0
CTTACCGAGAGTTGGC-1,0.0,0.0,0.0,1.0
CTTACCGAGGTAAACT-1,1.0,0.0,0.0,0.0
CTTACCGAGTGTCCAT-1,0.0,0.0,0.0,0.0
CTTACCGCAAGGACTG-1,0.0,0.0,0.0,0.0
CTTACCGCATCACAAC-1,0.0,0.0,0.0,0.0
CTTACCGGTTTGTTTC-1,0.0,0.0,0.0,0.0
CTTAGGACACAAGCCC-1,0.0,0.0,0.0,0.0
CTTAGGACACTAGTAC-1,0.0,0.0,0.0,0.0
CTTAGGAGTCTCTTAT-1,1.0,0.0,0.0,0.0
CTTAGGATCTGTACGA-1,1.0,0.0,0.0,0.0
CTTCTCTAGACTGTAA-1,0.0,0.0,0.0,0.0
CTTCTCTAGATGTTAG-1,0.0,0.0,0.0,1.0
CTTCTCTCAGTCAGCC-1,0.0,0.0,0.0,0.0
CTTCTCTGTTCGTTGA-1,0.0,0.0,0.0,0.0
CTTCTCTGTTTGACAC-1,0.0,0.0,0.0,0.0
CTTCTCTTCCAGAAGG-1,0.0,0.0,0.0,0.0
CTTGGCTAGTTAGCGG-1,0.0,0.0,0.0,0.0
CTTGGCTGTACTTAGC-1,0.0,0.0,0.0,0.0
CTTGGCTGTGTCGCTG-1,0.0,0.0,0.0,0.0
CTTTGCGAGTACGACG-1,0.0,0.0,0.0,0.0
CTTTGCGCAATAAGCA-1,0.0,0.0,0.0,0.0
CTTTGCGGTCTCTCTG-1,0.0,0.0,0.0,0.0
GAAACTCAGCTAACAA-1,0.0,0.0,0.0,0.0
GAAACTCAGCTAGTCT-1,0.0,0.0,0.0,0.0
GAAACTCAGCTCCCAG-1,0.0,0.0,0.0,0.0
GAAACTCAGGCTAGAC-1,0.0,0.0,0.0,0.0
GAAACTCAGTACGTTC-1,0.0,0.0,0.0,0.0
GAAACTCAGTGTTGAA-1,0.0,0.0,0.0,0.0
GAAACTCCAATGGAGC-1,0.0,0.0,0.0,0.0
GAAACTCCAGGCGATA-1,0.0,0.0,0.0,0.0
GAAACTCCATCTACGA-1,0.0,0.0,0.0,0.0
GAAACTCGTAGCCTCG-1,0.0,0.0,0.0,1.0
GAAACTCGTGCTGTAT-1,0.0,0.0,0.0,0.0
GAAACTCTCAGTTCGA-1,0.0,0.0,0.0,0.0
GAAATGAAGGACCACA-1,0.0,0.0,0.0,0.0
GAAATGAAGTGTCCAT-1,0.0,0.0,0.0,0.0
GAAATGAAGTTGTAGA-1,0.0,0.0,0.0,0.0
GAAATGAGTCCTAGCG-1,0.0,0.0,0.0,0.0
GAAATGATCGCCGTGA-1,0.0,0.0,0.0,0.0
GAAATGATCTTACCGC-1,0.0,0.0,0.0,0.0
GAACATCAGTATCGAA-1,0.0,0.0,0.0,0.0
GAACATCCAAAGGCGT-1,0.0,0.0,0.0,0.0
GAACATCCAAATACAG-1,0.0,0.0,1.0,0.0
GAACATCCAGGGTTAG-1,0.0,0.0,0.0,0.0
GAACATCGTAGGCATG-1,0.0,0.0,0.0,0.0
GAACCTAAGTCCATAC-1,0.0,0.0,0.0,0.0
GAACCTAAGTTAGGTA-1,0.0,0.0,0.0,0.0
GAACCTACAAGCCTAT-1,0.0,0.0,0.0,0.0
GAACCTAGTGCACGAA-1,0.0,0.0,0.0,0.0
GAACCTATCGCCAAAT-1,0.0,0.0,0.0,0.0
GAACCTATCGGCTACG-1,1.0,0.0,0.0,0.0
GAACCTATCTGACCTC-1,0.0,0.0,0.0,0.0
GAACCTATCTTACCGC-1,0.0,0.0,0.0,0.0
GAACGGACAGACAAAT-1,0.0,0.0,0.0,0.0
GAACGGAGTGTGACCC-1,1.0,0.0,0.0,0.0
GAACGGAGTGTGGTTT-1,0.0,0.0,0.0,0.0
GAACGGAGTTTGGGCC-1,0.0,0.0,0.0,0.0
GAACGGATCAACCATG-1,0.0,0.0,0.0,0.0
GAACGGATCACTTATC-1,0.0,0.0,0.0,0.0
GAAGCAGAGGCTAGAC-1,0.0,0.0,0.0,0.0
GAAGCAGAGTCAAGGC-1,0.0,0.0,0.0,0.0
GAAGCAGCAGCTCGCA-1,0.0,0.0,0.0,0.0
GAAGCAGGTATCACCA-1,0.0,0.0,0.0,0.0
GAAGCAGTCAGATAAG-1,1.0,0.0,0.0,0.0
GAAGCAGTCTATCCCG-1,0.0,0.0,0.0,0.0
GAATAAGAGAACTGTA-1,0.0,0.0,0.0,0.0
GAATAAGAGTTAGGTA-1,0.0,0.0,0.0,0.0
GAATAAGTCACAGGCC-1,0.0,0.0,0.0,0.0
GAATAAGTCCTGCTTG-1,0.0,0.0,0.0,0.0
GAATGAAAGCAATATG-1,0.0,0.0,0.0,0.0
GAATGAACACGGCCAT-1,0.0,0.0,0.0,0.0
GAATGAACAGCTTCGG-1,0.0,0.0,0.0,0.0
GAATGAACATAAAGGT-1,0.0,0.0,0.0,0.0
GAATGAACATACAGCT-1,0.0,0.0,0.0,0.0
GACACGCCAGACACTT-1,0.0,0.0,0.0,0.0
GACACGCCATCGACGC-1,0.0,0.0,0.0,0.0
GACACGCGTTAAGGGC-1,0.0,0.0,0.0,0.0
GACACGCTCCCATTTA-1,0.0,0.0,0.0,0.0
GACACGCTCTCATTCA-1,0.0,0.0,0.0,1.0
GACACGCTCTTTACGT-1,0.0,0.0,0.0,0.0
GACAGAGGTTAAGACA-1,0.0,0.0,0.0,0.0
GACAGAGTCACATAGC-1,0.0,0.0,0.0,0.0
GACAGAGTCAGCATGT-1,0.0,0.0,0.0,0.0
GACAGAGTCGGAGCAA-1,0.0,0.0,1.0,0.0
GACCAATAGCGTTTAC-1,0.0,0.0,1.0,0.0
GACCAATAGTCAATAG-1,0.0,0.0,1.0,0.0
GACCAATGTACAAGTA-1,0.0,0.0,0.0,0.0
GACCAATTCTGGTGTA-1,0.0,0.0,0.0,0.0
GACCTGGAGCTTTGGT-1,0.0,0.0,0.0,0.0
GACCTGGCAAAGGTGC-1,0.0,0.0,0.0,0.0
GACCTGGCAGGGAGAG-1,0.0,0.0,0.0,0.0
GACCTGGGTGTGAATA-1,0.0,0.0,0.0,0.0
GACGCGTAGAATGTGT-1,0.0,0.0,0.0,1.0
GACGCGTCAACGCACC-1,0.0,0.0,0.0,0.0
GACGCGTCAAGTCATC-1,0.0,0.0,0.0,0.0
GACGCGTGTGGTCCGT-1,0.0,0.0,0.0,0.0
GACGCGTTCCTAAGTG-1,0.0,0.0,0.0,0.0
GACGGCTAGTTTCCTT-1,0.0,0.0,0.0,0.0
GACGGCTGTCGACTAT-1,0.0,0.0,0.0,0.0
GACGGCTTCACAGGCC-1,0.0,0.0,0.0,0.0
GACGGCTTCCCAAGTA-1,0.0,0.0,0.0,0.0
GACGGCTTCGGTGTCG-1,0.0,0.0,0.0,0.0
GACGTGCAGAGAGCTC-1,0.0,0.0,0.0,0.0
GACGTGCAGAGATGAG-1,0.0,0.0,0.0,0.0
GACGTGCCAGCTCGAC-1,0.0,0.0,0.0,0.0
GACGTGCGTCTGCGGT-1,0.0,0.0,0.0,0.0
GACGTGCTCAGCTCTC-1,0.0,0.0,0.0,0.0
GACGTGCTCATCGATG-1,0.0,0.0,0.0,0.0
GACGTGCTCCACTGGG-1,0.0,0.0,0.0,0.0
GACGTTAAGCCGCCTA-1,0.0,0.0,1.0,0.0
GACGTTAAGTAGCGGT-1,0.0,0.0,0.0,0.0
GACGTTAAGTCAATAG-1,0.0,0.0,0.0,0.0
GACGTTACAACACCTA-1,0.0,0.0,0.0,0.0
GACGTTACAAGGTTCT-1,0.0,0.0,0.0,0.0
GACGTTAGTAACGCGA-1,0.0,0.0,0.0,0.0
GACGTTATCCACGACG-1,0.0,0.0,0.0,0.0
GACTAACAGAGCTGGT-1,0.0,0.0,0.0,0.0
GACTAACGTAAGCACG-1,0.0,0.0,0.0,0.0
GACTAACGTACGACCC-1,0.0,0.0,1.0,0.0
GACTAACTCCAAACTG-1,0.0,0.0,0.0,0.0
GACTACACATAAAGGT-1,0.0,0.0,0.0,0.0
GACTACAGTAACGTTC-1,1.0,0.0,0.0,0.0
GACTACAGTAGTAGTA-1,0.0,0.0,0.0,0.0
GACTACATCATGCATG-1,0.0,0.0,0.0,0.0
GACTGCGAGCTGTTCA-1,0.0,0.0,0.0,0.0
GACTGCGCACAGCCCA-1,0.0,0.0,0.0,0.0
GACTGCGGTTGGTTTG-1,0.0,0.0,0.0,0.0
GAGCAGAAGTTGAGTA-1,0.0,0.0,0.0,0.0
GAGCAGATCCTTTCTC-1,0.0,0.0,0.0,0.0
GAGCAGATCGCCAGCA-1,0.0,0.0,1.0,0.0
GAGGTGAAGAATGTGT-1,0.0,0.0,0.0,0.0
GAGGTGAAGAGTAAGG-1,0.0,0.0,0.0,0.0
GAGGTGACACGCTTTC-1,0.0,0.0,0.0,0.0
GAGGTGATCACCCTCA-1,0.0,0.0,0.0,0.0
GAGTCCGAGCCAGAAC-1,0.0,0.0,1.0,0.0
GAGTCCGAGTACTTGC-1,0.0,0.0,0.0,0.0
GAGTCCGGTATGAATG-1,0.0,0.0,1.0,0.0
GAGTCCGTCAGCTCTC-1,0.0,0.0,0.0,0.0
GAGTCCGTCCTTTCTC-1,0.0,0.0,0.0,0.0
GAGTCCGTCGTTGACA-1,0.0,0.0,0.0,0.0
GATCAGTAGATGCCTT-1,0.0,0.0,0.0,0.0
GATCAGTAGGAGTACC-1,0.0,0.0,0.0,0.0
GATCAGTCAAGGACTG-1,0.0,0.0,0.0,0.0
GATCAGTCAAGTAGTA-1,0.0,0.0,0.0,0.0
GATCAGTGTCGCATCG-1,0.0,0.0,0.0,0.0
GATCAGTTCCAGATCA-1,0.0,0.0,0.0,0.0
GATCAGTTCGGCTTGG-1,0.0,0.0,0.0,0.0
GATCGATAGACAAAGG-1,0.0,0.0,0.0,0.0
GATCGATAGATGGGTC-1,0.0,0.0,0.0,0.0
GATCGATAGATGTGGC-1,0.0,0.0,0.0,0.0
GATCGCGCAAAGTGCG-1,0.0,0.0,0.0,0.0
GATCGCGGTAAACCTC-1,0.0,1.0,0.0,0.0
GATCGCGGTTCCGGCA-1,0.0,0.0,0.0,0.0
GATCGCGTCACTTACT-1,0.0,0.0,0.0,0.0
GATCGCGTCAGGCGAA-1,0.0,0.0,0.0,0.0
GATCGTAAGATATGGT-1,1.0,0.0,0.0,0.0
GATCGTAAGGCTATCT-1,0.0,0.0,0.0,0.0
GATCGTAAGTATCGAA-1,0.0,0.0,0.0,0.0
GATCGTACATTCCTCG-1,0.0,0.0,0.0,0.0
GATCGTAGTGAAATCA-1,0.0,0.0,0.0,0.0
GATCTAGAGAGATGAG-1,0.0,0.0,0.0,0.0
GATCTAGAGAGGTTGC-1,0.0,0.0,0.0,0.0
GATCTAGAGGGCTTCC-1,0.0,0.0,0.0,0.0
GATCTAGCACGGTGTC-1,0.0,0.0,0.0,0.0
GATCTAGGTAAATGTG-1,0.0,0.0,0.0,0.0
GATCTAGGTCGCTTCT-1,0.0,1.0,0.0,0.0
GATCTAGTCATTGCCC-1,0.0,0.0,0.0,0.0
GATGAAAAGTATGACA-1,0.0,0.0,0.0,0.0
GATGAAACAAGAAAGG-1,0.0,0.0,0.0,0.0
GATGAAACACCCAGTG-1,0.0,0.0,0.0,1.0
GATGAAACATTGTGCA-1,0.0,0.0,0.0,0.0
GATGAAATCGAATCCA-1,0.0,0.0,0.0,0.0
GATGAGGAGAGACTTA-1,0.0,0.0,0.0,0.0
GATGAGGCAACGATGG-1,0.0,0.0,0.0,0.0
GATGAGGGTAAGTGTA-1,0.0,0.0,0.0,0.0
GATGAGGGTGAGCGAT-1,0.0,0.0,0.0,0.0
GATGAGGTCCAGATCA-1,0.0,0.0,0.0,0.0
GATGAGGTCGAGAACG-1,0.0,0.0,0.0,0.0
GATGCTAAGATCCTGT-1,0.0,0.0,0.0,0.0
GATGCTAAGTCATGCT-1,0.0,0.0,0.0,0.0
GATGCTACACAGCGTC-1,0.0,0.0,0.0,0.0
GATGCTACAGTTCCCT-1,0.0,0.0,0.0,0.0
GATGCTAGTCTCCATC-1,0.0,0.0,0.0,0.0
GATGCTAGTTCTGTTT-1,0.0,0.0,0.0,0.0
GATTCAGGTTGATTCG-1,0.0,0.0,0.0,0.0
GATTCAGTCATGCATG-1,0.0,0.0,0.0,0.0
GATTCAGTCATGTCTT-1,0.0,0.0,0.0,0.0
GCAAACTAGAGAGCTC-1,1.0,0.0,0.0,0.0
GCAAACTAGAGTGAGA-1,0.0,0.0,0.0,0.0
GCAAACTCAAATCCGT-1,1.0,0.0,0.0,0.0
GCAAACTCAAGCGTAG-1,0.0,0.0,0.0,0.0
GCAAACTCACGTAAGG-1,0.0,0.0,1.0,0.0
GCAAACTCATCCGTGG-1,0.0,0.0,0.0,1.0
GCAAACTGTAATCGTC-1,0.0,0.0,0.0,0.0
GCAAACTGTGCGGTAA-1,0.0,0.0,0.0,0.0
GCAAACTTCCTAGTGA-1,0.0,0.0,0.0,0.0
GCAAACTTCTACCAGA-1,0.0,0.0,0.0,0.0
GCAATCAGTAATCGTC-1,1.0,0.0,0.0,0.0
GCAATCAGTAGGGTAC-1,0.0,0.0,0.0,0.0
GCAATCATCAGCACAT-1,0.0,0.0,0.0,0.0
GCAATCATCCACGACG-1,0.0,0.0,0.0,0.0
GCAATCATCGTCTGAA-1,0.0,0.0,0.0,0.0
GCAATCATCGTTTGCC-1,0.0,0.0,0.0,0.0
GCACATAAGACTACAA-1,0.0,0.0,0.0,0.0
GCACATAAGTTGCAGG-1,0.0,0.0,0.0,0.0
GCACTCTAGGAGTCTG-1,0.0,0.0,0.0,0.0
GCACTCTAGGCATGTG-1,0.0,0.0,0.0,0.0
GCACTCTAGTGTACCT-1,0.0,0.0,0.0,0.0
GCACTCTCAAAGTGCG-1,0.0,0.0,1.0,0.0
GCACTCTCAAGCCCAC-1,1.0,0.0,0.0,0.0
GCACTCTCAGCTGTAT-1,0.0,0.0,0.0,0.0
GCACTCTGTCATGCAT-1,0.0,0.0,0.0,0.0
GCACTCTTCCTATGTT-1,0.0,0.0,0.0,0.0
GCAGCCAAGGTGCTTT-1,0.0,0.0,1.0,0.0
GCAGCCACACACTGCG-1,0.0,0.0,0.0,0.0
GCAGCCACAGTATGCT-1,0.0,0.0,0.0,0.0
GCAGCCACATTCGACA-1,0.0,0.0,0.0,0.0
GCAGCCAGTCAAACTC-1,0.0,0.0,0.0,0.0
GCAGCCATCAAACCGT-1,0.0,0.0,0.0,0.0
GCAGCCATCACCGTAA-1,0.0,0.0,0.0,0.0
GCAGCCATCATACGGT-1,0.0,0.0,0.0,0.0
GCAGTTAAGAAGCCCA-1,0.0,0.0,1.0,0.0
GCAGTTAAGGTCATCT-1,0.0,0.0,0.0,0.0
GCAGTTAAGTCTTGCA-1,0.0,0.0,0.0,0.0
GCAGTTACAAACAACA-1,0.0,0.0,0.0,0.0
GCATACAAGTGTTGAA-1,0.0,0.0,0.0,0.0
GCATACAAGTTACGGG-1,0.0,0.0,0.0,0.0
GCATACATCACCATAG-1,0.0,0.0,0.0,0.0
GCATGATAGGCTCATT-1,0.0,0.0,0.0,0.0
GCATGATAGGCTCTTA-1,0.0,0.0,0.0,0.0
GCATGATAGTTCGCAT-1,0.0,0.0,0.0,0.0
GCATGATCAGGACGTA-1,0.0,0.0,0.0,0.0
GCATGATGTATCTGCA-1,0.0,0.0,0.0,0.0
GCATGATGTCTACCTC-1,0.0,0.0,0.0,0.0
GCATGATTCAACCATG-1,0.0,0.0,0.0,0.0
GCATGATTCCGCATAA-1,0.0,0.0,0.0,0.0
GCATGCGAGCCCGAAA-1,0.0,0.0,0.0,0.0
GCATGCGGTAGGAGTC-1,0.0,0.0,0.0,0.0
GCATGCGTCGCATGAT-1,0.0,0.0,0.0,0.0
GCATGCGTCGGAAACG-1,0.0,0.0,0.0,0.0
GCATGCGTCTTGTCAT-1,0.0,0.0,0.0,0.0
GCATGTAAGCGATGAC-1,0.0,0.0,0.0,0.0
GCATGTACAACAACCT-1,0.0,0.0,0.0,0.0
GCATGTACAATCTGCA-1,0.0,0.0,0.0,0.0
GCATGTACACACCGAC-1,0.0,0.0,0.0,0.0
GCATGTACACGTCAGC-1,0.0,0.0,0.0,1.0
GCATGTACAGACAAGC-1,0.0,0.0,0.0,0.0
GCATGTAGTACTTAGC-1,0.0,0.0,0.0,0.0
GCATGTATCGCCAAAT-1,0.0,0.0,0.0,0.0
GCCAAATAGGCAGTCA-1,0.0,0.0,0.0,0.0
GCCAAATCAAGCCTAT-1,0.0,0.0,0.0,0.0
GCCAAATCAGCATACT-1,1.0,0.0,0.0,0.0
GCCAAATCATGCCCGA-1,0.0,0.0,0.0,0.0
GCCAAATGTATAGGGC-1,0.0,0.0,0.0,0.0
GCCAAATTCAATCTCT-1,0.0,0.0,0.0,0.0
GCCAAATTCCACTGGG-1,0.0,0.0,0.0,0.0
GCCAAATTCGAGAACG-1,0.0,0.0,0.0,0.0
GCCAAATTCTAACTCT-1,0.0,0.0,0.0,0.0
GCCAAATTCTAAGCCA-1,0.0,0.0,0.0,0.0
GCCTCTAAGCCACGTC-1,0.0,0.0,0.0,0.0
GCCTCTACAAGCGATG-1,1.0,0.0,0.0,0.0
GCCTCTACAGACTCGC-1,0.0,0.0,0.0,0.0
GCCTCTATCCTTTACA-1,0.0,0.0,0.0,0.0
GCCTCTATCTTCCTTC-1,0.0,0.0,0.0,0.0
GCGACCACACTTAAGC-1,0.0,0.0,0.0,0.0
GCGACCAGTTCGTGAT-1,0.0,0.0,0.0,0.0
GCGACCAGTTGGGACA-1,0.0,0.0,1.0,0.0
GCGAGAAAGAACTCGG-1,0.0,0.0,0.0,0.0
GCGAGAAAGTACGCCC-1,0.0,0.0,0.0,0.0
GCGAGAACAAACCTAC-1,0.0,0.0,0.0,0.0
GCGAGAAGTGAGTGAC-1,0.0,0.0,0.0,0.0
GCGCAACAGAAGGTGA-1,0.0,0.0,0.0,0.0
GCGCAACAGCATCATC-1,0.0,0.0,0.0,0.0
GCGCAACGTGTCAATC-1,0.0,0.0,0.0,0.0
GCGCAACTCAACACTG-1,0.0,0.0,0.0,0.0
GCGCAACTCTGTTGAG-1,1.0,0.0,0.0,0.0
GCGCAGTAGAGAACAG-1,0.0,0.0,0.0,0.0
GCGCAGTCACTTCGAA-1,0.0,0.0,0.0,0.0
GCGCAGTCAGCTTCGG-1,0.0,0.0,0.0,0.0
GCGCAGTTCACGAAGG-1,0.0,0.0,0.0,0.0
GCGCCAAAGCCAGGAT-1,0.0,0.0,0.0,0.0
GCGCCAACAATGCCAT-1,0.0,0.0,0.0,0.0
GCGCCAACACTTCTGC-1,0.0,0.0,0.0,0.0
GCGCCAATCCCATTTA-1,0.0,0.0,0.0,0.0
GCGCGATAGGGCTCTC-1,0.0,0.0,0.0,0.0
GCGCGATAGTGGTAAT-1,0.0,0.0,0.0,0.0
GCGCGATTCATGTGGT-1,0.0,0.0,0.0,0.0
GCGCGATTCCTAAGTG-1,0.0,0.0,0.0,0.0
GCGGGTTCAAGAAGAG-1,1.0,0.0,0.0,0.0
GCGGGTTCAAGTAGTA-1,0.0,0.0,0.0,0.0
GCGGGTTCACAGCCCA-1,0.0,0.0,0.0,0.0
GCGGGTTTCGTCCGTT-1,0.0,0.0,0.0,0.0
GCGGGTTTCTTGCCGT-1,0.0,0.0,0.0,0.0
GCTCCTACACAGACAG-1,0.0,0.0,0.0,0.0
GCTCCTAGTACCGGCT-1,0.0,0.0,0.0,0.0
GCTCCTATCAAAGTAG-1,1.0,0.0,0.0,0.0
GCTCCTATCTCTAAGG-1,0.0,0.0,0.0,0.0
GCTCTGTAGAGCCTAG-1,0.0,0.0,0.0,0.0
GCTCTGTAGAGGACGG-1,0.0,0.0,0.0,0.0
GCTCTGTAGCTCTCGG-1,0.0,0.0,0.0,0.0
GCTCTGTAGTCCGGTC-1,0.0,0.0,0.0,0.0
GCTCTGTGTAAACGCG-1,0.0,0.0,0.0,0.0
GCTCTGTGTAGCGCTC-1,0.0,0.0,0.0,0.0
GCTCTGTTCGGATGTT-1,0.9868795470361922,0.0,0.0,0.01312045296380786
GCTGCAGAGGATGGAA-1,0.0,0.0,0.0,0.0
GCTGCAGCACTTCTGC-1,0.0,0.0,0.0,0.0
GCTGCAGCATTAGGCT-1,0.0,0.0,0.0,0.0
GCTGCAGGTCCAGTTA-1,0.0,0.0,0.0,0.0
GCTGCAGTCTAACTCT-1,0.0,0.0,0.0,1.0
GCTGCGACAACCGCCA-1,0.0,0.0,0.0,0.0
GCTGCGACAGAGCCAA-1,0.0,0.0,0.0,0.0
GCTGCGAGTAGGCATG-1,0.0,0.0,0.0,0.0
GCTGCGATCTTCGAGA-1,0.0,0.0,1.0,0.0
GCTGCTTTCCGCGGTA-1,0.0,0.0,0.0,0.0
GCTGCTTTCGGGAGTA-1,0.0,0.0,0.0,0.0
GCTTCCAAGCTAGTGG-1,0.0,0.0,0.0,0.0
GCTTCCAAGTTTCCTT-1,0.0,0.0,0.0,0.0
GCTTCCACAGGATCGA-1,0.0,0.0,0.0,0.0
GCTTCCACATTCGACA-1,0.0,0.0,0.0,0.0
GCTTCCAGTAGAGGAA-1,0.0,0.0,0.0,0.0
GCTTCCAGTTACAGAA-1,0.0,0.0,0.0,0.0
GCTTCCAGTTAGATGA-1,0.0,0.0,0.0,0.0
GCTTGAAAGATATGCA-1,0.0,0.0,0.0,0.0
GCTTGAAAGATGTTAG-1,0.0,0.0,0.0,0.0
GCTTGAAAGGGCTCTC-1,0.0,0.0,0.0,0.0
GCTTGAAGTAGAGCTG-1,0.0,0.0,0.0,0.0
GCTTGAATCACTATTC-1,0.0,0.0,0.0,0.0
GCTTGAATCCTGCAGG-1,0.0,0.0,0.0,0.0
GGAACTTAGCCCAACC-1,0.0,0.0,0.0,0.0
GGAACTTCATAGTAAG-1,0.0,0.0,0.0,0.0
GGAACTTTCAAGATCC-1,0.0,0.0,0.0,0.0
GGAACTTTCCAGGGCT-1,0.0,0.0,0.0,0.0
GGAACTTTCCCGACTT-1,0.0,0.0,0.0,0.0
GGAACTTTCCCTAATT-1,0.0,0.0,0.0,0.0
GGAATAAAGGGAGTAA-1,0.0,0.0,0.0,0.0
GGAATAACACCGTTGG-1,0.0,0.0,0.0,0.0
GGAATAACACTAAGTC-1,1.0,0.0,0.0,0.0
GGAATAACAGATGAGC-1,0.0,0.0,0.0,0.0
GGAATAAGTGGTTTCA-1,0.0,0.0,0.0,0.0
GGAATAATCGTACGGC-1,0.0,0.0,0.0,1.0
GGAATAATCTAGAGTC-1,0.0,0.0,0.0,0.0
GGACAAGCAGACACTT-1,0.0,0.0,0.0,0.0
GGACAAGGTAGCTCCG-1,0.0,0.0,0.0,0.0
GGACAAGGTTTGACAC-1,0.0,0.0,0.0,0.0
GGACAAGTCCTTAATC-1,0.0,0.0,0.0,0.0
GGACAGACAACTGCTA-1,0.0,0.0,0.0,0.0
GGACAGACAATGTAAG-1,0.0,0.0,0.0,0.0
GGACAGATCACAGGCC-1,0.0,0.0,0.0,0.0
GGACAGATCCGAGCCA-1,0.0,0.0,0.0,0.0
GGACAGATCCGTTGCT-1,0.0,0.0,0.0,1.0
GGACATTAGATAGTCA-1,0.0,0.0,0.0,0.0
GGACATTCAACGATGG-1,0.0,0.0,0.0,0.0
GGACATTCACACTGCG-1,0.0,0.0,0.0,0.0
GGACATTCATATGAGA-1,0.0,0.0,0.0,0.0
GGACATTTCAACACAC-1,0.0,0.0,0.0,0.0
GGACATTTCCCAAGTA-1,0.0,0.0,0.0,0.0
GGACATTTCCGTTGCT-1,0.0,0.0,0.0,0.0
GGACGTCAGGGTATCG-1,0.0,0.0,0.0,0.0
GGACGTCCATGCAATC-1,0.0,0.0,0.0,0.0
GGACGTCTCCGTCATC-1,0.0,0.0,0.0,0.0
GGACGTCTCGACCAGC-1,0.0,0.0,0.0,0.0
GGACGTCTCTGACCTC-1,0.0,0.0,1.0,0.0
GGAGCAACACTACAGT-1,0.0,0.0,0.0,0.0
GGAGCAAGTTCCTCCA-1,0.0,0.0,0.0,0.0
GGAGCAAGTTGTGGCC-1,1.0,0.0,0.0,0.0
GGAGCAATCCTCAATT-1,0.0,0.0,0.0,0.0
GGATGTTAGCACCGCT-1,0.0,0.0,0.0,0.0
GGATGTTAGTGCAAGC-1,0.0,0.0,0.0,0.0
GGATGTTTCAAGCCTA-1,0.0,0.0,0.0,0.0
GGATGTTTCAGTTTGG-1,0.0,0.0,0.0,1.0
GGATTACAGACCTAGG-1,0.0,0.0,0.0,1.0
GGATTACAGGTGCTTT-1,0.0,0.0,0.0,0.0
GGATTACGTCAAACTC-1,0.0,0.0,0.0,0.0
GGATTACTCCAGAAGG-1,0.0,0.0,0.0,0.0
GGATTACTCGCCATAA-1,0.0,0.0,0.0,0.0
GGATTACTCGCGGATC-1,0.0,0.0,0.0,0.0
GGCAATTCACCGGAAA-1,0.0,0.0,0.0,0.0
GGCAATTGTAGGCATG-1,0.0,0.0,0.0,0.0
GGCAATTGTGATAAAC-1,0.0,0.0,0.0,0.0
GGCAATTTCCTGTAGA-1,0.0,0.0,0.0,0.0
GGCAATTTCTAGCACA-1,0.0,0.0,0.0,0.0
GGCAATTTCTGGAGCC-1,0.0,0.0,0.0,0.0
GGCCGATAGAAGGGTA-1,0.0,0.0,0.0,0.0
GGCCGATAGAAGGTTT-1,0.0,0.0,0.0,0.0
GGCGACTAGTTGAGAT-1,0.0,0.0,0.0,0.0
GGCGACTCACACAGAG-1,0.0,0.0,0.0,0.0
GGCGACTCACGGCCAT-1,0.0,0.0,0.0,0.0
GGCGACTGTACCGTAT-1,0.0,0.0,0.0,0.0
GGCGACTGTGCGAAAC-1,0.0,0.0,1.0,0.0
GGCGTGTGTACTTCTT-1,0.0,0.0,0.0,0.0
GGCGTGTTCTGATTCT-1,0.0,0.0,0.0,0.0
GGCTCGAAGGAATGGA-1,0.0,0.0,0.0,1.0
GGCTCGACACCAACCG-1,0.0,0.0,0.0,0.0
GGCTCGACATTCGACA-1,0.0,0.0,0.0,0.0
GGCTCGAGTCCAAGTT-1,1.0,0.0,0.0,0.0
GGCTCGAGTTCGGGCT-1,1.0,0.0,0.0,0.0
GGCTCGATCCAAATGC-1,1.0,0.0,0.0,0.0
GGCTCGATCGAGCCCA-1,0.0,0.0,0.0,0.0
GGCTGGTAGTGACATA-1,0.0,0.0,0.0,1.0
GGCTGGTCAAGCGCTC-1,0.0,0.0,0.0,0.0
GGCTGGTGTACGAAAT-1,0.0,0.0,0.0,0.0
GGCTGGTTCAGAGGTG-1,0.0,0.0,0.0,0.0
GGCTGGTTCCAAGTAC-1,0.0,0.0,0.0,0.0
GGCTGGTTCCCATTTA-1,0.0,1.0,0.0,0.0
GGGAATGAGACACGAC-1,0.0,0.0,0.0,0.0
GGGAATGAGGAGTCTG-1,0.0,0.0,0.0,0.0
GGGAATGAGGTGTGGT-1,0.0,0.0,0.0,0.0
GGGAATGGTTATCGGT-1,0.0,0.0,0.0,0.0
GGGACCTAGCAAATCA-1,0.0,0.0,0.0,0.0
GGGACCTGTCATCCCT-1,0.0,0.0,0.0,0.0
GGGACCTGTTGCCTCT-1,0.0,1.0,0.0,0.0
GGGACCTTCAGCTCGG-1,0.0,0.0,0.0,0.0
GGGAGATAGGTAAACT-1,0.0,0.0,0.0,0.0
GGGAGATAGTTCCACA-1,0.0,0.0,0.0,0.0
GGGAGATCAGGTCCAC-1,0.0,0.0,0.0,0.0
GGGAGATCATCGGTTA-1,0.0,0.0,0.0,0.0
GGGAGATGTTACTGAC-1,1.0,0.0,0.0,0.0
GGGAGATTCAAGGTAA-1,0.0,0.0,0.0,0.0
GGGATGAGTCTACCTC-1,0.0,0.0,0.0,0.0
GGGATGATCTATCGCC-1,0.0,0.0,0.0,0.0
GGGCACTAGCTGGAAC-1,0.0,0.0,0.0,0.0
GGGCACTAGTACACCT-1,0.0,0.0,0.0,0.0
GGGCACTAGTAGTGCG-1,0.0,0.0,0.0,0.0
GGGCACTCAAGGTTTC-1,0.0,0.0,0.0,0.0
GGGCACTGTAACGCGA-1,0.0,0.0,0.0,0.0
GGGCACTGTCATCCCT-1,0.0,0.0,0.0,0.0
GGGCACTTCGGTTAAC-1,0.0,0.0,0.0,0.0
GGGCACTTCGTTTATC-1,0.0,0.0,0.0,0.0
GGGCACTTCTGAAAGA-1,1.0,0.0,0.0,0.0
GGGCACTTCTTAGAGC-1,0.0,0.0,0.0,0.0
GGGCATCAGGCGCTCT-1,0.0,0.0,0.0,0.0
GGGCATCAGGGCTTGA-1,0.0,0.0,0.0,0.0
GGGCATCTCACATACG-1,1.0,0.0,0.0,0.0
GGGCATCTCAGTACGT-1,1.0,0.0,0.0,0.0
GGGCATCTCTCAACTT-1,0.0,0.0,0.0,0.0
GGGTCTGAGAAGCCCA-1,0.0,0.0,0.0,0.0
GGGTCTGAGACTAAGT-1,0.0,0.0,0.0,0.0
GGGTCTGGTCCATGAT-1,0.0,0.0,0.0,0.0
GGGTCTGGTGCGAAAC-1,0.0,0.0,0.0,0.0
GGGTCTGGTGTGAAAT-1,0.0,0.0,0.0,0.0
GGGTCTGGTTCTGAAC-1,0.0,0.0,0.0,0.0
GGGTCTGTCCCGGATG-1,0.0,0.0,0.0,0.0
GGGTTGCAGGACTGGT-1,0.0,0.0,0.0,0.0
GGTATTGAGCTACCGC-1,0.0,0.0,0.0,0.0
GGTATTGAGGACATTA-1,0.0,0.0,0.0,0.0
GGTGAAGAGATATACG-1,0.0,0.0,0.0,0.0
GGTGAAGAGCCTTGAT-1,0.0,0.0,0.0,0.0
GGTGAAGAGTACACCT-1,0.0,0.0,1.0,0.0
GGTGAAGCAAACTGTC-1,0.0,0.0,0.0,0.0
GGTGAAGCAAAGGTGC-1,0.0,0.0,0.0,0.0
GGTGAAGCAATAAGCA-1,0.0,0.0,1.0,0.0
GGTGAAGCACACCGAC-1,0.0,0.0,0.0,0.0
GGTGAAGCAGTATAAG-1,1.0,0.0,0.0,0.0
GGTGAAGGTGCCTGTG-1,0.0,0.0,0.0,0.0
GGTGAAGTCCCGACTT-1,0.0,0.0,0.0,0.0
GGTGCGTAGAGCTATA-1,0.0,0.0,1.0,0.0
GGTGCGTAGAGGACGG-1,0.0,0.0,0.0,0.0
GGTGTTAAGGGTTTCT-1,0.0,0.0,0.0,0.0
GGTGTTATCTAGAGTC-1,1.0,0.0,0.0,0.0
GTAACGTAGTCCATAC-1,0.0,0.0,0.0,1.0
GTAACGTCATTCACTT-1,0.0,0.0,0.0,0.0
GTAACGTGTAAGTTCC-1,0.0,0.0,0.0,0.0
GTAACGTGTACTTAGC-1,0.0,0.0,0.0,0.0
GTAACTGAGCAATCTC-1,0.0,0.0,0.0,0.0
GTAACTGAGTAGATGT-1,0.0,0.0,0.0,0.0
GTAACTGCAAAGTGCG-1,0.0,0.0,0.0,0.0
GTAACTGCATGGGAAC-1,0.0,0.0,0.0,0.0
GTAACTGGTAACGACG-1,0.0,0.0,0.0,0.0
GTAACTGGTCCCGACA-1,0.0,0.0,0.0,1.0
GTAACTGGTCGAGATG-1,0.0,0.0,1.0,0.0
GTAACTGTCCAACCAA-1,0.0,0.0,0.0,0.0
GTACGTAAGGACACCA-1,0.0,0.0,1.0,0.0
GTACGTACAAAGTCAA-1,0.0,0.0,0.0,0.0
GTACGTAGTGCAGTAG-1,0.0,0.0,0.0,0.0
GTACGTAGTGGTCTCG-1,0.0,0.0,0.0,0.0
GTACGTAGTTTAGGAA-1,0.0,0.0,0.0,0.0
GTACGTATCTCTTGAT-1,0.0,0.0,0.0,0.0
GTACTCCAGATCCCGC-1,0.0,0.0,0.0,0.0
GTACTCCAGCTGCGAA-1,0.0,0.0,0.0,0.0
GTACTCCAGGTGATAT-1,0.0,0.0,0.0,0.0
GTACTCCCACAGCGTC-1,0.0,0.0,0.0,0.0
GTACTCCGTCGACTGC-1,0.0,0.0,0.0,0.0
GTACTCCTCAACACTG-1,0.0,0.0,0.0,0.0
GTACTCCTCATGTAGC-1,0.0,0.0,0.0,0.0
GTACTCCTCTATCGCC-1,0.0,0.0,0.0,0.0
GTACTCCTCTTACCTA-1,0.0,0.0,0.0,0.0
GTACTTTAGAGGTACC-1,0.0,0.0,0.0,0.0
GTACTTTCACATAACC-1,0.0,0.0,0.0,0.0
GTACTTTCACGGCTAC-1,0.0,0.0,0.0,0.0
GTACTTTCAGACACTT-1,0.0,0.0,0.0,0.0
GTAGGCCAGCTGCAAG-1,0.0,0.0,0.0,0.0
GTAGGCCCAGCCTATA-1,0.0,0.0,0.0,0.0
GTAGGCCTCACATAGC-1,0.0,0.0,0.0,0.0
GTAGGCCTCCCTGACT-1,0.0,0.0,0.0,0.0
GTAGTCATCCGAACGC-1,0.0,0.0,0.0,0.0
GTATCTTAGTGTCTCA-1,0.0,0.0,0.0,0.0
GTATCTTCACGGTAAG-1,0.0,0.0,0.0,0.0
GTATCTTCATGAAGTA-1,0.0,0.0,1.0,0.0
GTATCTTCATGGATGG-1,0.0,0.0,0.0,0.0
GTATTCTAGCCACGTC-1,0.0,0.0,0.0,0.0
GTATTCTAGCCAGTTT-1,0.0,0.0,0.0,0.0
GTATTCTCAATGGTCT-1,0.0,0.0,0.0,0.0
GTATTCTCACGCATCG-1,0.0,0.0,0.0,0.0
GTATTCTGTCTCTCTG-1,0.0,0.0,1.0,0.0
GTATTCTGTGCTGTAT-1,0.0,0.0,0.0,0.0
GTATTCTGTGTCCTCT-1,1.0,0.0,0.0,0.0
GTCAAGTAGAGCCCAA-1,0.0,0.0,0.0,0.0
GTCAAGTCATTTCAGG-1,0.0,0.0,0.0,0.0
GTCAAGTTCCACTGGG-1,0.0,0.0,0.0,0.0
GTCAAGTTCCGTAGGC-1,0.0,0.0,0.0,0.0
GTCACAAAGGCAAAGA-1,0.0,0.0,0.0,0.0
GTCACAAGTCGCCATG-1,0.0,0.0,0.0,0.0
GTCACAAGTTGTACAC-1,0.0,0.0,0.0,0.0
GTCACAAGTTTAGGAA-1,0.0,0.0,1.0,0.0
GTCACAATCAGCGACC-1,0.0,0.0,0.0,0.0
GTCACAATCATCATTC-1,0.0,0.0,0.0,0.0
GTCACAATCCGCATCT-1,0.0,0.0,0.0,0.0
GTCACAATCGAACGGA-1,0.0,0.0,0.0,0.0
GTCACAATCTGGGCCA-1,0.0,0.0,0.0,0.0
GTCACAATCTTACCGC-1,0.0,0.0,0.0,0.0
GTCACAATCTTGTCAT-1,0.0,0.0,1.0,0.0
GTCACGGGTGCAACGA-1,0.0,0.0,1.0,0.0
GTCACGGTCCTACAGA-1,0.0,0.0,0.0,0.0
GTCATTTAGCTAACTC-1,0.0,0.0,0.0,0.0
GTCATTTAGTACGCGA-1,1.0,0.0,0.0,0.0
GTCATTTAGTTGCAGG-1,0.0,0.0,0.0,0.0
GTCATTTCACGTCTCT-1,0.0,0.0,0.0,0.0
GTCATTTCAGCCAGAA-1,1.0,0.0,0.0,0.0
GTCATTTCAGTGGGAT-1,0.0,0.0,0.0,0.0
GTCATTTTCTTTCCTC-1,0.0,0.0,0.0,0.0
GTCCTCAAGAGTAATC-1,0.0,0.0,0.0,0.0
GTCCTCAAGCAGGCTA-1,0.0,0.0,0.0,0.0
GTCCTCAGTCTCGTTC-1,0.0,0.0,0.0,0.0
GTCCTCAGTTAAGGGC-1,1.0,0.0,0.0,0.0
GTCGGGTCAACGCACC-1,0.0,0.0,0.0,0.0
GTCGGGTGTACGCACC-1,0.0,0.0,0.0,0.0
GTCGGGTGTAGGACAC-1,0.0,0.0,0.0,0.0
GTCGGGTGTTGATTGC-1,0.0,0.0,0.0,0.0
GTCGGGTTCAGAAATG-1,0.0,0.0,0.0,0.0
GTCGGGTTCATTTGGG-1,0.0,0.0,0.0,0.0
GTCGGGTTCTGCGTAA-1,0.0,0.0,0.0,0.0
GTCGTAAAGAGAGCTC-1,0.0,0.0,0.0,0.0
GTCGTAAGTAAATGTG-1,0.0,0.0,0.0,0.0
GTCGTAATCAGGATCT-1,0.0,0.0,0.0,0.0
GTCGTAATCCACGAAT-1,0.0,0.0,0.0,0.0
GTCGTAATCTTAGAGC-1,0.0,0.0,0.0,0.0
GTCTCGTCACTGTTAG-1,0.0,0.0,0.0,0.0
GTCTCGTCAGTCTTCC-1,0.0,0.0,0.0,1.0
GTCTCGTGTAACGTTC-1,0.0,0.0,0.0,0.0
GTCTCGTGTTCCTCCA-1,0.0,0.0,0.0,0.0
GTCTCGTGTTTGTTTC-1,0.0,0.0,0.0,0.0
GTCTCGTTCGTTTATC-1,0.0,0.0,0.0,0.0
GTCTTCGTCGGAAACG-1,0.0,0.0,0.0,0.0
GTGAAGGAGAAGGTTT-1,0.0,0.0,0.0,0.0
GTGAAGGCACCGATAT-1,0.0,0.0,1.0,0.0
GTGAAGGCACCGGAAA-1,0.0,0.0,0.0,0.0
GTGAAGGCAGTTAACC-1,0.0,0.0,0.0,0.0
GTGAAGGGTAAACACA-1,0.0,0.0,0.0,0.0
GTGAAGGTCACGGTTA-1,0.0,0.0,0.0,0.0
GTGAAGGTCGCTTAGA-1,0.0,0.0,0.0,0.0
GTGCAGCAGATCCGAG-1,0.0,0.0,0.0,0.0
GTGCAGCAGCTGATAA-1,0.0,0.0,0.0,0.0
GTGCAGCAGGGTCTCC-1,0.0,0.0,0.0,0.0
GTGCAGCCAGGACCCT-1,0.0,0.0,0.0,0.0
GTGCATAAGCTAACTC-1,0.0,0.0,1.0,0.0
GTGCATAGTTACCAGT-1,0.0,0.0,0.0,0.0
GTGCATATCCGTCATC-1,0.0,0.0,0.0,0.0
GTGCGGTAGGGTATCG-1,0.0,0.0,0.0,0.0
GTGCGGTCACGTCAGC-1,0.0,0.0,0.0,0.0
GTGCGGTGTACAAGTA-1,0.0,0.0,0.0,0.0
GTGCGGTGTACCATCA-1,0.0,0.0,0.0,0.0
GTGCTTCAGGGCTTGA-1,0.0,0.0,0.0,1.0
GTGCTTCCACCCAGTG-1,0.0,0.0,0.0,0.0
GTGCTTCCACGAAACG-1,0.0,0.0,0.0,0.0
GTGCTTCGTCCGTTAA-1,0.0,0.0,0.0,0.0
GTGCTTCTCGTTTAGG-1,0.0,0.0,0.0,0.0
GTGCTTCTCTCAACTT-1,0.0,0.0,0.0,0.0
GTGGGTCAGCGTGAAC-1,0.0,0.0,0.0,0.0
GTGGGTCAGCTATGCT-1,0.0,0.0,0.0,0.0
GTGGGTCCAAGTTCTG-1,0.0,0.0,0.0,0.0
GTGGGTCCACGCTTTC-1,1.0,0.0,0.0,0.0
GTGGGTCCAGACAAAT-1,0.0,0.0,0.0,0.0
GTGGGTCGTCTCTTTA-1,0.0,0.0,0.0,1.0
GTGGGTCTCAAACCAC-1,0.0,0.0,0.0,0.0
GTGGGTCTCGCAAGCC-1,0.0,0.0,0.0,0.0
GTGTGCGAGAATTCCC-1,0.0,0.0,0.0,0.0
GTGTGCGCAAACGTGG-1,0.0,0.0,0.0,0.0
GTGTTAGAGGAATCGC-1,0.0,0.0,0.0,0.0
GTGTTAGAGTACGCCC-1,0.0,0.0,0.0,0.0
GTGTTAGAGTTGAGTA-1,0.0,0.0,0.0,0.0
GTGTTAGGTGACTACT-1,0.0,0.0,0.0,0.0
GTTAAGCAGAGCTGGT-1,0.0,0.0,0.0,0.0
GTTAAGCAGAGTTGGC-1,0.0,0.0,0.0,0.0
GTTAAGCAGCTAACAA-1,0.0,0.0,0.0,0.0
GTTAAGCAGGAGCGAG-1,0.0,0.0,0.0,0.0
GTTAAGCCACAAGCCC-1,0.0,0.0,0.0,0.0
GTTAAGCCATCCGGGT-1,0.0,0.0,0.0,0.0
GTTAAGCCATTGCGGC-1,0.0,0.0,0.0,0.0
GTTAAGCGTGAGTATA-1,1.0,0.0,0.0,0.0
GTTAAGCTCAGAGACG-1,0.0,0.0,0.0,0.0
GTTACAGAGCACCGCT-1,0.0,0.0,0.0,0.0
GTTCATTAGACTCGGA-1,0.0,0.0,0.0,0.0
GTTCATTCAATCGGTT-1,0.0,0.0,0.0,0.0
GTTCATTCATACAGCT-1,0.0,1.0,0.0,0.0
GTTCATTCATCAGTCA-1,0.0,0.0,0.0,0.0
GTTCATTGTAGCGCTC-1,0.0,0.0,0.0,0.0
GTTCATTTCTTATCTG-1,0.0,0.0,0.0,1.0
GTTCGGGAGCCGATTT-1,0.0,0.0,0.0,0.0
GTTCGGGAGTACCGGA-1,0.0,0.0,0.0,0.0
GTTCGGGCATGGGAAC-1,0.0,0.0,0.0,0.0
GTTCGGGGTTTGACAC-1,0.0,0.0,0.0,0.0
GTTCGGGTCCAGGGCT-1,0.0,0.0,0.0,0.0
GTTCGGGTCCGTCATC-1,0.0,0.0,0.0,0.0
GTTCTCGCACATGGGA-1,0.0,0.0,0.0,0.0
GTTCTCGCAGGCTGAA-1,0.0,0.0,0.0,0.0
GTTCTCGGTTCGCTAA-1,0.0,0.0,0.0,0.0
GTTTCTAGTGACTACT-1,0.0,0.0,0.0,0.0
GTTTCTATCAGTTTGG-1,1.0,0.0,0.0,0.0
GTTTCTATCCAAATGC-1,0.0,0.0,0.0,0.0
GTTTCTATCCCTTGCA-1,0.0,0.0,0.0,0.0
GTTTCTATCCTCCTAG-1,0.0,0.0,0.0,0.0
TAAACCGAGATCGGGT-1,0.0,0.0,0.0,0.0
TAAACCGAGGATTCGG-1,0.0,0.0,1.0,0.0
TAAACCGCAAACAACA-1,0.0,0.0,0.0,0.0
TAAACCGCAACACCTA-1,0.0,0.0,0.0,0.0
TAAACCGCAACGATGG-1,0.0,0.0,0.0,0.0
TAAACCGCAGTCAGAG-1,0.0,0.0,0.0,0.0
TAAACCGGTAATTGGA-1,0.0,0.0,0.0,0.0
TAAACCGGTAGGGTAC-1,0.0,0.0,0.0,0.0
TAAACCGGTGTGGTTT-1,0.0,0.0,0.0,0.0
TAAACCGTCCTCAATT-1,0.0,0.0,0.0,0.0
TAAGAGACATTGAGCT-1,0.0,0.0,0.0,0.0
TAAGAGAGTAGCTCCG-1,0.0,0.0,0.0,0.0
TAAGAGAGTCACCCAG-1,0.0,0.0,0.0,0.0
TAAGAGATCGATAGAA-1,0.0,0.0,0.0,0.0
TAAGAGATCTAACTTC-1,0.0,0.0,0.0,0.0
TAAGCGTCACAACGTT-1,1.0,0.0,0.0,0.0
TAAGCGTCATCACCCT-1,0.0,0.0,0.0,0.0
TAAGCGTTCAGAGACG-1,0.0,0.0,0.0,0.0
TAAGTGCAGTACGTAA-1,0.0,0.0,0.0,0.0
TAAGTGCAGTATGACA-1,0.0,0.0,0.0,0.0
TAAGTGCCACCAGGCT-1,0.0,0.0,0.0,0.0
TAAGTGCGTTACCAGT-1,1.0,0.0,0.0,0.0
TAAGTGCTCAACCAAC-1,0.0,0.0,1.0,0.0
TACACGAAGTGATCGG-1,0.0,0.0,0.0,0.0
TACACGACAGATGGGT-1,0.0,0.0,0.0,0.0
TACACGAGTAGCCTAT-1,0.0,0.0,0.0,0.0
TACACGAGTGTTCTTT-1,0.0,0.0,0.0,0.0
TACACGATCCTAAGTG-1,0.0,0.0,0.0,0.0
TACACGATCTATCCTA-1,0.0,0.0,0.0,0.0
TACAGTGAGGTCGGAT-1,0.0,0.0,0.0,0.0
TACAGTGAGTCGAGTG-1,0.0,1.0,0.0,0.0
TACAGTGCAGGCTGAA-1,0.0,0.0,0.0,0.0
TACAGTGCAGTTCCCT-1,0.0,0.0,0.0,0.0
TACAGTGGTAGCACGA-1,0.0,0.0,0.0,0.0
TACAGTGGTCTTCGTC-1,0.0,0.0,0.0,0.0
TACAGTGTCATTTGGG-1,0.0,0.0,0.0,0.0
TACCTATAGGACACCA-1,0.0,0.0,0.0,0.0
TACCTATAGGGTGTTG-1,0.0,0.0,0.0,0.0
TACCTATCATCTCGCT-1,0.0,0.0,0.0,0.0
TACCTATTCACCGGGT-1,0.0,0.0,0.0,0.0
TACCTTACAAGGCTCC-1,0.0,0.0,0.0,0.0
TACCTTACAGCTCGAC-1,1.0,0.0,0.0,0.0
TACCTTATCTGGTATG-1,0.0,0.0,0.0,0.0
TACCTTATCTTGACGA-1,0.0,0.0,0.0,0.0
TACGGATGTAGCGTAG-1,0.0,0.0,0.0,0.0
TACGGATGTGAGTATA-1,0.0,0.0,0.0,0.0
TACGGGCTCAAAGACA-1,0.0,0.0,0.0,0.0
TACGGGCTCAGTTAGC-1,0.0,0.0,0.0,0.0
TACGGGCTCATGTGGT-1,0.0,0.0,0.0,0.0
TACGGGCTCCTGCTTG-1,0.0,0.0,0.0,0.0
TACGGTAAGCGATGAC-1,0.0,0.0,0.0,0.0
TACGGTAAGTGGTCCC-1,0.0,0.0,0.0,0.0
TACGGTACATTACCTT-1,0.0,0.0,0.0,0.0
TACGGTAGTATAGGTA-1,0.0,0.0,0.0,0.0
TACGGTAGTCTAGCCG-1,0.0,0.0,0.0,0.0
TACGGTATCGCATGAT-1,0.0,0.0,0.0,0.0
TACGGTATCGTAGATC-1,0.0,0.0,0.0,0.0
TACTCATCATTTGCCC-1,0.0,0.0,0.0,0.0
TACTCATGTAACGTTC-1,0.0,0.0,0.0,1.0
TACTCATTCGCACTCT-1,0.0,0.0,0.0,0.0
TACTCGCGTCATACTG-1,0.0,0.0,0.0,1.0
TACTCGCTCAACACTG-1,0.0,0.0,0.0,0.0
TACTCGCTCCTACAGA-1,0.0,0.0,0.0,0.0
TACTCGCTCGCTGATA-1,0.0,0.0,0.0,0.0
TACTTACTCACGAAGG-1,0.0,0.0,0.0,0.0
TACTTGTAGGCGATAC-1,0.0,0.0,0.0,0.0
TACTTGTCAATCTGCA-1,0.0,0.0,0.0,0.0
TACTTGTCAGATTGCT-1,0.0,0.0,0.0,0.0
TACTTGTGTAGCCTAT-1,0.0,0.0,1.0,0.0
TACTTGTGTTATGCGT-1,0.0,0.0,0.0,0.0
TACTTGTTCAGGCCCA-1,0.0,0.0,0.0,0.0
TAGACCAAGCGTTCCG-1,0.0,0.0,0.0,0.0
TAGACCACACAAGTAA-1,1.0,0.0,0.0,0.0
TAGACCACATAGGATA-1,0.0,0.0,0.0,0.0
TAGACCAGTAGCGATG-1,0.0,0.0,0.0,0.0
TAGACCAGTAGCGCAA-1,0.0,0.0,0.0,0.0
TAGACCATCACAGGCC-1,0.0,0.0,1.0,0.0
TAGACCATCGGAAATA-1,0.0,0.0,0.0,0.0
TAGAGCTAGGCCGAAT-1,0.0,0.0,0.0,0.0
TAGAGCTCACATTAGC-1,0.0,0.0,0.0,0.0
TAGAGCTCAGATGGCA-1,0.0,0.0,0.0,0.0
TAGAGCTCATTACCTT-1,0.0,0.0,0.0,0.0
TAGAGCTGTACCCAAT-1,0.0,0.0,0.0,0.0
TAGAGCTGTCTCAACA-1,0.0,0.0,0.0,1.0
TAGAGCTGTTCAACCA-1,0.0,0.0,0.0,0.0
TAGAGCTGTTGAACTC-1,0.0,0.0,0.0,0.0
TAGAGCTTCAAGGTAA-1,0.0,0.0,0.0,0.0
TAGCCGGAGTATCTCG-1,0.0,0.0,0.0,0.0
TAGCCGGCAGCCAATT-1,0.0,0.0,0.0,0.0
TAGGCATAGGCTAGGT-1,1.0,0.0,0.0,0.0
TAGGCATCAATCTGCA-1,0.0,0.0,0.0,0.0
TAGGCATCAGACGCTC-1,0.0,0.0,0.0,0.0
TAGGCATGTAACGTTC-1,0.0,0.0,0.0,0.0
TAGGCATTCAACCAAC-1,0.0,0.0,0.0,0.0
TAGGCATTCATCTGCC-1,0.0,0.0,1.0,0.0
TAGGCATTCCGTTGTC-1,0.0,0.0,1.0,0.0
TAGTGGTAGATCACGG-1,0.0,0.0,0.0,0.0
TAGTGGTAGTGGACGT-1,0.0,0.0,0.0,0.0
TAGTGGTCAAGTCATC-1,0.0,0.0,0.0,0.0
TAGTGGTGTAACGCGA-1,0.0,0.0,0.0,0.0
TAGTTGGCAACTGGCC-1,0.0,0.0,0.0,0.0
TAGTTGGGTACTTAGC-1,0.0,0.0,0.0,0.0
TATCAGGAGAACTCGG-1,0.0,0.0,0.0,0.0
TATCAGGAGAGCCTAG-1,0.0,0.0,0.0,0.0
TATCAGGAGAGTTGGC-1,0.0,0.0,0.0,0.0
TATCAGGAGCTAACTC-1,0.0,0.0,0.0,0.0
TATCAGGCATAGGATA-1,0.0,0.0,0.0,1.0
TATCAGGGTGACGGTA-1,0.0,0.0,0.0,0.0
TATCAGGTCGCATGGC-1,0.0,1.0,0.0,0.0
TATCTCAAGATATACG-1,0.0,0.0,0.0,0.0
TATCTCAAGCCACTAT-1,0.0,0.0,0.0,0.0
TATCTCAAGCTAACAA-1,1.0,0.0,0.0,0.0
TATCTCAAGGAATTAC-1,0.0,0.0,0.0,0.0
TATCTCAGTCGCGTGT-1,0.0,0.0,0.0,0.0
TATCTCAGTTTGACAC-1,0.0,0.0,0.0,0.0
TATCTCATCAACACTG-1,0.0,0.0,0.0,0.0
TATCTCATCTGCAAGT-1,0.0,0.0,0.0,0.0
TATGCCCCAGACAAAT-1,0.0,0.0,1.0,0.0
TATTACCAGATAGGAG-1,0.0,0.0,0.0,0.0
TATTACCAGTGTCCCG-1,0.0,0.0,0.0,0.0
TATTACCTCTCGAGTA-1,0.0,0.0,0.0,0.0
TCAACGAAGACTTTCG-1,0.0,0.0,0.0,0.0
TCAACGACACGTCAGC-1,0.0,0.0,0.0,0.0
TCAACGAGTTCAGACT-1,0.0,0.0,0.0,0.0
TCAACGATCTAGAGTC-1,0.0,0.0,0.0,0.0
TCAATCTAGGTACTCT-1,0.0,0.0,0.0,0.0
TCAATCTAGTCCATAC-1,0.0,0.0,0.0,0.0
TCAATCTCATCAGTCA-1,0.0,0.0,0.0,0.0
TCAATCTGTCAGCTAT-1,0.0,0.0,0.0,0.0
TCAATCTGTTCCGGCA-1,0.0,0.0,0.0,0.0
TCAATCTTCATGGTCA-1,0.0,0.0,0.0,0.0
TCAATCTTCATGTCCC-1,0.0,0.0,0.0,0.0
TCAATCTTCGCCTGTT-1,0.0,0.0,0.0,0.0
TCACAAGCAAGGACAC-1,0.0,0.0,0.0,0.0
TCACAAGCAATAGCGG-1,0.0,0.0,0.0,0.0
TCACGAAAGCTGCGAA-1,0.0,0.0,0.0,0.0
TCACGAAAGTGCAAGC-1,0.0,0.0,0.0,0.0
TCACGAACATCACGAT-1,0.0,0.0,0.0,0.0
TCAGATGAGTCAAGCG-1,0.0,0.0,0.0,0.0
TCAGATGCAAATACAG-1,1.0,0.0,0.0,0.0
TCAGATGCAATCGGTT-1,0.0,0.0,1.0,0.0
TCAGATGCATTAGGCT-1,0.0,0.0,0.0,0.0
TCAGATGGTACCATCA-1,0.0,0.0,0.0,0.0
TCAGATGTCCCTGACT-1,0.0,0.0,0.0,0.0
TCAGCAAAGATCCTGT-1,0.0,0.0,0.0,0.0
TCAGCAACAGAGCCAA-1,0.0,0.0,0.0,0.0
TCAGCAATCCATGAAC-1,0.0,0.0,0.0,0.0
TCAGCTCAGCCTTGAT-1,0.0,0.0,0.0,0.0
TCAGCTCAGTGAACAT-1,1.0,0.0,0.0,0.0
TCAGCTCCAACACCTA-1,0.0,0.0,0.0,0.0
TCAGCTCGTATAATGG-1,0.0,0.0,0.0,0.0
TCAGCTCGTTAAAGTG-1,0.0,0.0,0.0,0.0
TCAGCTCTCAAACCAC-1,0.0,0.0,0.0,0.0
TCAGCTCTCCTACAGA-1,0.0,0.0,0.0,0.0
TCAGCTCTCGTGGACC-1,0.0,0.0,0.0,0.0
TCAGCTCTCTGCGTAA-1,0.0,0.0,0.0,0.0
TCAGGATAGCCCAGCT-1,0.0,0.0,0.0,0.0
TCAGGATGTCCGCTGA-1,0.0,0.0,0.0,0.0
TCAGGTAAGGATGGAA-1,0.0,0.0,0.0,0.0
TCAGGTACAATCAGAA-1,0.0,0.0,0.0,0.0
TCAGGTACAATGGATA-1,0.0,0.0,0.0,0.0
TCAGGTAGTCTCTTTA-1,0.0,0.0,0.0,0.0
TCAGGTAGTGGTCTCG-1,0.0,0.0,0.0,0.0
TCAGGTATCAGAGCTT-1,0.0,0.0,1.0,0.0
TCAGGTATCTAACTGG-1,0.0,0.0,0.0,0.0
TCATTACCAAGAGGCT-1,0.0,0.0,0.0,0.0
TCATTACCACGGCTAC-1,0.0,0.0,0.0,1.0
TCATTACCAGTGGAGT-1,0.0,0.0,0.0,0.0
TCATTACCATCACGAT-1,0.0,0.0,0.0,0.0
TCATTACTCAGTTCGA-1,0.0,0.0,0.0,0.0
TCATTACTCGCCAAAT-1,0.0,0.0,0.0,0.0
TCATTACTCGTGGTCG-1,0.0,0.0,0.0,0.0
TCATTTGTCCCAAGTA-1,0.0,0.0,0.0,0.0
TCATTTGTCTAACTTC-1,0.0,0.0,0.0,0.0
TCCACACAGCAGCGTA-1,0.0,0.0,0.0,0.0
TCCACACAGTCAATAG-1,0.0,0.0,0.0,0.0
TCCACACCACTATCTT-1,0.0,0.0,0.0,0.0
TCCACACGTACCTACA-1,0.0,0.0,0.0,0.0
TCCACACGTTCAGGCC-1,0.0,0.0,0.0,0.0
TCCACACTCGGCTTGG-1,0.0,0.0,0.0,0.0
TCCCGATCAGTATAAG-1,0.0,0.0,0.0,0.0
TCCCGATGTGCCTGGT-1,0.0,0.0,0.0,0.0
TCCCGATGTTGTACAC-1,0.0,0.0,0.0,0.0
TCCCGATTCAGGTAAA-1,0.0,0.0,0.0,0.0
TCCCGATTCTGAAAGA-1,0.0,0.0,0.0,0.0
TCCCGATTCTTGTTTG-1,0.0,0.0,0.0,0.0
TCGAGGCAGTAAGTAC-1,0.0,0.0,0.0,0.0
TCGAGGCCACCGTTGG-1,0.0,0.0,0.0,0.0
TCGAGGCGTATCTGCA-1,1.0,0.0,0.0,0.0
TCGAGGCGTTCGTTGA-1,0.0,0.0,0.0,0.0
TCGAGGCTCGTCACGG-1,0.0,0.0,0.0,0.0
TCGAGGCTCTACCAGA-1,1.0,0.0,0.0,0.0
TCGAGGCTCTGTCCGT-1,1.0,0.0,0.0,0.0
TCGCGAGAGCTGTCTA-1,0.0,0.0,0.0,0.0
TCGCGAGCAAACAACA-1,0.0,0.0,0.0,0.0
TCGCGAGGTGCGAAAC-1,0.0,0.0,0.0,0.0
TCGCGAGTCACCCGAG-1,0.0,0.0,0.0,0.0
TCGCGTTAGCTCCTCT-1,0.0,0.0,0.0,1.0
TCGCGTTCAAGTCATC-1,0.0,0.0,0.0,0.0
TCGCGTTCAGTAGAGC-1,0.0,0.0,0.0,0.0
TCGCGTTCATAGACTC-1,0.0,0.0,0.0,0.0
TCGCGTTGTCACACGC-1,0.0,0.0,0.0,0.0
TCGCGTTGTCATATGC-1,0.0,0.0,0.0,0.0
TCGGGACAGTGACTCT-1,0.0,0.0,0.0,0.0
TCGGGACCAGGATTGG-1,0.0,0.0,0.0,0.0
TCGGGACCATACTACG-1,0.0,0.0,0.0,0.0
TCGGGACCATTGCGGC-1,0.0,0.0,0.0,0.0
TCGGGACGTTGTCTTT-1,0.0,0.0,0.0,0.0
TCGGTAAAGGCAGGTT-1,0.0,0.0,0.0,0.0
TCGTACCCAACGATCT-1,0.0,0.0,0.0,0.0
TCGTACCGTAGCCTAT-1,0.0,0.0,0.0,0.0
TCGTACCGTCAGAATA-1,0.0,0.0,0.0,0.0
TCGTACCGTCATATGC-1,0.0,0.0,0.0,0.0
TCGTACCGTGCACGAA-1,0.0,0.0,0.0,0.0
TCGTACCTCTATCGCC-1,0.0,0.0,0.0,0.0
TCTATTGAGATATGGT-1,0.0,0.0,0.0,0.0
TCTATTGAGCTAAACA-1,0.0,0.0,0.0,0.0
TCTATTGAGTCGCCGT-1,0.0,0.0,0.0,0.0
TCTATTGCATGGAATA-1,0.0,0.0,0.0,0.0
TCTATTGGTGCAGGTA-1,0.0,0.0,0.0,0.0
TCTCATACATCACGTA-1,0.0,0.0,0.0,0.0
TCTCATAGTTATGTGC-1,0.0,0.0,0.0,0.0
TCTCATATCTCAAACG-1,0.0,0.0,0.0,0.0
TCTCTAAAGTGAACGC-1,0.0,0.0,0.0,0.0
TCTCTAAAGTTACGGG-1,0.0,0.0,0.0,0.0
TCTCTAACACAACGCC-1,1.0,0.0,0.0,0.0
TCTCTAACAGGAATCG-1,0.0,0.0,0.0,0.0
TCTCTAACATCGGACC-1,0.0,0.0,0.0,0.0
TCTCTAACATTGGGCC-1,0.0,0.0,0.0,0.0
TCTCTAATCCCATTTA-1,0.0,0.0,0.0,0.0
TCTCTAATCTACCTGC-1,0.0,0.0,0.0,0.0
TCTCTAATCTTTACAC-1,0.0,0.0,0.0,0.0
TCTGAGAAGTCCGGTC-1,0.0,0.0,0.0,0.0
TCTGAGAAGTGGCACA-1,0.0,0.0,0.0,0.0
TCTGAGACATGGGAAC-1,0.0,0.0,0.0,0.0
TCTGAGAGTTTGTTTC-1,0.0,0.0,0.0,0.0
TCTGAGATCCATGAGT-1,1.0,0.0,0.0,0.0
TCTGAGATCGCGTAGC-1,1.0,0.0,0.0,0.0
TCTGGAAAGGGATGGG-1,0.0,0.0,0.0,0.0
TCTGGAACAAGTTGTC-1,0.0,0.0,0.0,0.0
TCTGGAAGTCCGAAGA-1,0.0,0.0,0.0,0.0
TCTGGAATCACGGTTA-1,1.0,0.0,0.0,0.0
TCTGGAATCCAAGTAC-1,0.0,0.0,0.0,0.0
TCTGGAATCCAGTATG-1,0.0,0.0,0.0,0.0
TCTGGAATCTCCTATA-1,1.0,0.0,0.0,0.0
TCTTCGGCATCACGAT-1,0.0,0.0,0.0,0.0
TCTTCGGTCCATGAGT-1,0.0,0.0,0.0,0.0
TCTTCGGTCTGCTGCT-1,0.0,0.0,0.0,0.0
TCTTTCCAGGGTGTGT-1,0.0,0.0,0.0,0.0
TCTTTCCAGTCCATAC-1,0.0,0.0,0.0,0.0
TCTTTCCAGTGCGTGA-1,0.0,0.0,0.0,0.0
TGAAAGAAGACGACGT-1,1.0,0.0,0.0,0.0
TGAAAGAAGCGCCTCA-1,0.0,0.0,0.0,0.0
TGAAAGAAGGATTCGG-1,0.0,0.0,0.0,0.0
TGAAAGAAGGTGGGTT-1,0.0,0.0,0.0,0.0
TGAAAGACAACACCCG-1,0.0,0.0,0.0,0.0
TGAAAGACAATAACGA-1,0.0,0.0,0.0,0.0
TGAAAGACAGCGTCCA-1,0.0,0.0,0.0,0.0
TGAAAGACAGGTGCCT-1,0.0,0.0,0.0,0.0
TGAAAGATCCTTGACC-1,0.0,0.0,0.0,0.0
TGAAAGATCGAATGGG-1,0.0,0.0,0.0,0.0
TGACAACCAACACGCC-1,0.0,0.0,0.0,0.0
TGACAACCATCCGTGG-1,0.0,0.0,0.0,0.0
TGACGGCCACGTCAGC-1,0.0,0.0,0.0,0.0
TGACGGCGTTGGTGGA-1,0.0,0.0,0.0,0.0
TGACTAGCACAGATTC-1,0.0,0.0,0.0,0.0
TGACTAGCAGTCGTGC-1,0.0,0.0,0.0,0.0
TGACTAGGTGAGCGAT-1,0.0,0.0,0.0,0.0
TGACTAGGTGCCTGCA-1,0.0,0.0,0.0,0.0
TGACTAGTCCTTGGTC-1,0.0,0.0,0.0,0.0
TGACTTTAGACAAGCC-1,0.0,0.0,0.0,0.0
TGACTTTCAGACAGGT-1,0.0,0.0,0.0,0.0
TGACTTTCAGCGATCC-1,0.0,0.0,0.0,0.0
TGACTTTCATGGTAGG-1,1.0,0.0,0.0,0.0
TGACTTTGTTACCAGT-1,1.0,0.0,0.0,0.0
TGACTTTTCAGGATCT-1,0.0,0.0,0.0,0.0
TGACTTTTCATCTGCC-1,0.0,0.0,0.0,0.0
TGACTTTTCGCAAGCC-1,0.0,0.0,0.0,0.0
TGAGAGGGTCCAGTAT-1,0.0,0.0,0.0,0.0
TGAGCATCATGGGACA-1,0.0,0.0,0.0,0.0
TGAGCCGAGTCATGCT-1,0.0,0.0,0.0,0.0
TGAGCCGCAGATCTGT-1,0.0,0.0,0.0,0.0
TGAGCCGGTGCACCAC-1,0.0,0.0,0.0,0.0
TGAGCCGTCTTCATGT-1,0.0,0.0,0.0,0.0
TGAGGGAAGCTATGCT-1,0.0,0.0,0.0,0.0
TGAGGGACATCACGAT-1,0.0,0.0,0.0,0.0
TGAGGGATCGTGGGAA-1,0.0,0.0,0.0,0.0
TGATTTCCACCCATGG-1,0.0,0.0,0.0,0.0
TGATTTCCATCCAACA-1,0.0,0.0,0.0,0.0
TGATTTCCATCCTTGC-1,1.0,0.0,0.0,0.0
TGATTTCGTAGCGTAG-1,0.0,0.0,0.0,0.0
TGATTTCGTATGGTTC-1,0.0,0.0,0.0,0.0
TGATTTCGTTTAGGAA-1,0.0,0.0,0.0,0.0
TGCACCTCAGTGGGAT-1,0.0,0.0,0.0,0.0
TGCACCTGTGTGACCC-1,0.0,0.0,0.0,0.0
TGCACCTTCCTTAATC-1,0.0,0.0,0.0,0.0
TGCACCTTCGCCATAA-1,0.0,0.0,0.0,0.0
TGCACCTTCGTTTAGG-1,0.0,0.0,0.0,0.0
TGCCAAAAGTGGAGAA-1,0.0,0.0,1.0,0.0
TGCCAAATCAGTGCAT-1,0.0,0.0,0.0,0.0
TGCCCATAGCTCCCAG-1,1.0,0.0,0.0,0.0
TGCCCATAGGTTCCTA-1,1.0,0.0,0.0,0.0
TGCCCATAGTGGGTTG-1,0.0,0.0,0.0,0.0
TGCCCATCAATTCCTT-1,0.0,0.0,0.0,0.0
TGCCCATCACATGTGT-1,0.0,0.0,0.0,1.0
TGCCCATTCACTTCAT-1,0.0,0.0,0.0,0.0
TGCCCTACACGAAATA-1,0.0,0.0,0.0,1.0
TGCCCTACAGCCACCA-1,0.0,0.0,0.0,0.0
TGCCCTATCATATCGG-1,0.0,0.0,0.0,0.0
TGCGCAGAGGGAGTAA-1,0.0,0.0,0.0,0.0
TGCGCAGGTCAACTGT-1,0.0,0.0,0.0,0.0
TGCGCAGTCGCGCCAA-1,0.0,0.0,0.0,0.0
TGCGGGTAGATAGCAT-1,0.0,0.0,0.0,0.0
TGCGGGTCAGGGTACA-1,0.0,0.0,0.0,0.0
TGCGGGTCATGCCCGA-1,0.0,0.0,0.0,0.0
TGCGGGTTCCCTGACT-1,0.0,0.0,0.0,0.0
TGCGTGGAGACCTAGG-1,0.0,0.0,0.0,0.0
TGCGTGGAGGCGTACA-1,0.0,0.0,0.0,1.0
TGCGTGGCACAGGAGT-1,0.0,0.0,0.0,0.0
TGCGTGGCAGCGTTCG-1,0.0,0.0,0.0,0.0
TGCGTGGGTCTAACGT-1,0.0,0.0,0.0,0.0
TGCGTGGTCTGATTCT-1,0.0,0.0,0.0,0.0
TGCTACCCAAGTCATC-1,0.0,0.0,0.0,1.0
TGCTACCCAGCAGTTT-1,0.0,0.0,0.0,0.0
TGCTACCCAGCCTGTG-1,1.0,0.0,0.0,0.0
TGCTACCGTCGCCATG-1,0.0,0.0,1.0,0.0
TGCTACCTCAACCATG-1,0.0,0.0,0.0,0.0
TGCTACCTCGCGTTTC-1,0.0,0.0,0.0,0.0
TGCTACCTCTCGTTTA-1,0.0,0.0,0.0,0.0
TGCTGCTAGGAGCGAG-1,0.0,0.0,0.0,1.0
TGCTGCTCAAGCCGCT-1,0.0,0.0,0.0,0.0
TGGACGCAGCAGGTCA-1,0.0,0.0,1.0,0.0
TGGACGCCAACTTGAC-1,0.0,0.0,0.0,0.0
TGGACGCCATCTACGA-1,0.0,0.0,0.0,0.0
TGGACGCCATGGGAAC-1,0.0,0.0,0.0,0.0
TGGACGCGTACCGAGA-1,0.0,0.0,0.0,0.0
TGGACGCGTCATATCG-1,0.0,0.0,0.0,0.0
TGGACGCTCGTCTGCT-1,0.0,0.0,0.0,0.0
TGGACGCTCTGTGCAA-1,0.0,0.0,0.0,0.0
TGGCCAGTCGGTGTTA-1,0.0,0.0,0.0,0.0
TGGCCAGTCTCAAGTG-1,0.0,0.0,0.0,0.0
TGGCGCAAGAGCCCAA-1,1.0,0.0,0.0,0.0
TGGCGCAAGCACCGCT-1,0.0,0.0,0.0,0.0
TGGCGCACATTGGTAC-1,0.0,0.0,0.0,0.0
TGGCGCATCCGAAGAG-1,0.0,0.0,0.0,0.0
TGGCTGGAGCGATCCC-1,1.0,0.0,0.0,0.0
TGGCTGGAGTTACGGG-1,0.0,0.0,0.0,0.0
TGGCTGGCACGTGAGA-1,1.0,0.0,0.0,0.0
TGGCTGGCAGGAATCG-1,0.0,0.0,0.0,0.0
TGGCTGGCAGTTAACC-1,0.0,0.0,0.0,0.0
TGGCTGGGTCATGCCG-1,0.0,0.0,0.0,0.0
TGGCTGGGTTGTGGCC-1,0.0,0.0,0.0,0.0
TGGCTGGTCGAATGGG-1,0.0,0.0,0.0,0.0
TGGGAAGAGGAATTAC-1,0.0,0.0,0.0,0.0
TGGGAAGCAATGGAAT-1,0.0,0.0,0.0,0.0
TGGGAAGCAGGTTTCA-1,0.0,0.0,0.0,0.0
TGGGAAGCATCCCACT-1,0.0,0.0,0.0,0.0
TGGGAAGGTAGCGTGA-1,0.0,0.0,0.0,0.0
TGGGAAGGTCGGCACT-1,0.0,0.0,0.0,0.0
TGGGAAGGTTAAGGGC-1,0.0,0.0,0.0,0.0
TGGGAAGGTTAGGGTG-1,0.0,0.0,0.0,0.0
TGGGAAGTCTTAACCT-1,0.0,0.0,0.0,1.0
TGGGCGTAGTTAAGTG-1,0.0,0.0,0.0,0.0
TGGGCGTGTGTGAAAT-1,0.0,0.0,0.0,0.0
TGGGCGTTCCTAGAAC-1,0.0,0.0,0.0,0.0
TGGGCGTTCTCGTTTA-1,0.0,0.0,1.0,0.0
TGGGCGTTCTTCAACT-1,0.0,0.0,0.0,0.0
TGGTTAGAGGTCATCT-1,0.0,0.0,0.0,0.0
TGGTTAGCACCAGATT-1,0.0,0.0,0.0,0.0
TGGTTAGGTAAACACA-1,0.0,0.0,0.0,0.0
TGGTTAGGTTGATTGC-1,0.0,0.0,0.0,0.0
TGGTTAGTCAGCATGT-1,0.0,0.0,0.0,0.0
TGGTTCCGTTCACGGC-1,0.0,0.0,0.0,0.0
TGGTTCCTCCAACCAA-1,0.0,0.0,0.0,0.0
TGTATTCAGTATCGAA-1,0.0,0.0,0.0,0.0
TGTATTCCACGTCTCT-1,0.0,0.0,0.0,0.0
TGTATTCCATGACGGA-1,0.0,0.0,1.0,0.0
TGTATTCGTGCAACTT-1,0.0,0.0,0.0,0.0
TGTCCCAAGGTAAACT-1,1.0,0.0,0.0,0.0
TGTCCCACACTTACGA-1,0.0,0.0,0.0,0.0
TGTCCCAGTGATGTCT-1,1.0,0.0,0.0,0.0
TGTCCCATCACAGTAC-1,1.0,0.0,0.0,0.0
TGTGGTAAGCCGTCGT-1,0.0,0.0,0.0,0.0
TGTGGTACAATCTACG-1,0.0,0.0,0.0,0.0
TGTGGTACATGCAATC-1,1.0,0.0,0.0,0.0
TGTGGTATCTGCGGCA-1,0.0,0.0,0.0,0.0
TGTGTTTAGCCACGCT-1,0.0,0.0,0.0,0.0
TGTGTTTCAAGCCTAT-1,0.0,0.0,0.0,0.0
TGTGTTTTCGTCTGCT-1,0.0,0.0,0.0,0.0
TGTTCCGAGCAGACTG-1,0.0,0.0,1.0,0.0
TGTTCCGAGCGTAATA-1,0.0,0.0,0.0,0.0
TGTTCCGGTTGCCTCT-1,0.0,0.0,0.0,0.0
TGTTCCGTCATGTCTT-1,0.0,0.0,0.0,0.0
TTAACTCAGAGTAATC-1,0.0,0.0,0.0,0.0
TTAACTCAGGATTCGG-1,0.0,0.0,0.0,0.0
TTAACTCCAAGCGTAG-1,0.0,0.0,0.0,0.0
TTAACTCCATCGGTTA-1,0.0,0.0,0.0,0.0
TTAACTCGTCCGAATT-1,0.0,0.0,0.0,0.0
TTAACTCGTGGCGAAT-1,0.0,0.0,0.0,0.0
TTAACTCGTTTGGCGC-1,0.0,0.0,0.0,0.0
TTAACTCTCAGTGTTG-1,0.0,0.0,0.0,0.0
TTAGGACAGATCTGCT-1,0.0,0.0,0.0,0.0
TTAGGACCAAGACGTG-1,0.0,0.0,0.0,0.0
TTAGGACCATGCTAGT-1,0.0,0.0,0.0,0.0
TTAGGACGTCCCGACA-1,0.0,0.0,0.0,0.0
TTAGGCAAGGCACATG-1,0.0,0.0,0.0,0.0
TTAGTTCAGATAGGAG-1,0.0,0.0,0.0,0.0
TTAGTTCAGTTAGCGG-1,0.0,0.0,0.0,0.0
TTAGTTCAGTTTCCTT-1,0.0,0.0,0.0,0.0
TTAGTTCTCTGCCAGG-1,0.0,0.0,1.0,0.0
TTAGTTCTCTTGTTTG-1,0.0,0.0,0.0,0.0
TTATGCTCATGAACCT-1,0.0,0.0,0.0,0.0
TTATGCTGTATAGGTA-1,0.0,1.0,0.0,0.0
TTCCCAGGTCACTTCC-1,0.0,0.0,0.0,0.0
TTCCCAGTCAAGGCTT-1,0.0,0.0,0.0,0.0
TTCCCAGTCATTGCGA-1,0.0,0.0,0.0,0.0
TTCGAAGAGACAAGCC-1,0.0,0.0,0.0,0.0
TTCGAAGCAGCGTAAG-1,0.0,0.0,0.0,0.0
TTCGAAGGTTCCACAA-1,0.0,0.0,0.0,0.0
TTCGGTCAGAAACGAG-1,0.0,0.0,0.0,0.0
TTCGGTCAGTTCGCGC-1,0.0,0.0,0.0,0.0
TTCGGTCGTACTTAGC-1,0.0,0.0,0.0,0.0
TTCGGTCGTCGCCATG-1,0.0,0.0,0.0,0.0
TTCGGTCTCACGAAGG-1,0.0,0.0,0.0,0.0
TTCGGTCTCCAGAGGA-1,0.0,0.0,0.0,0.0
TTCGGTCTCGGTCCGA-1,0.0,0.0,0.0,0.0
TTCGGTCTCGGTTAAC-1,0.0,0.0,0.0,0.0
TTCTACAAGGCTCTTA-1,0.0,0.0,0.0,0.0
TTCTACAAGGGCACTA-1,0.0,0.0,0.0,0.0
TTCTACAAGGGTGTTG-1,0.0,0.0,0.0,0.0
TTCTACAAGGTAGCTG-1,0.0,0.0,0.0,0.0
TTCTACACAGGGTATG-1,0.0,0.0,0.0,1.0
TTCTACACATTGGCGC-1,0.0,0.0,0.0,0.0
TTCTACAGTTATGTGC-1,0.0,0.0,0.0,0.0
TTCTACATCACAGGCC-1,0.0,0.0,0.0,0.0
TTCTCAAAGAACTCGG-1,0.0,0.0,0.0,0.0
TTCTCAAAGTAACCCT-1,0.0,0.0,0.0,0.0
TTCTCAAAGTGGGCTA-1,0.0,0.0,0.0,1.0
TTCTCAAGTGTAACGG-1,0.0,0.0,0.0,0.0
TTCTCAATCCTAGAAC-1,0.0,0.0,0.0,0.0
TTCTCCTAGAGACTTA-1,0.0,0.0,0.0,0.0
TTCTCCTAGCAAATCA-1,1.0,0.0,0.0,0.0
TTCTCCTAGTTGTAGA-1,0.0,0.0,0.0,0.0
TTCTCCTGTTAAAGAC-1,0.0,0.0,0.0,0.0
TTCTCCTTCAACACGT-1,0.0,0.0,0.0,0.0
TTCTCCTTCGCATGAT-1,0.0,0.0,0.0,0.0
TTCTTAGAGTACCGGA-1,1.0,0.0,0.0,0.0
TTCTTAGCAGGATCGA-1,0.0,0.0,0.0,0.0
TTCTTAGCAGTCACTA-1,0.0,0.0,0.0,0.0
TTCTTAGGTGAACCTT-1,0.0,0.0,0.0,1.0
TTCTTAGGTGTATGGG-1,0.0,0.0,0.0,0.0
TTGAACGAGTCACGCC-1,0.0,0.0,0.0,0.0
TTGAACGCACTCAGGC-1,0.0,0.0,0.0,0.0
TTGAACGCATGGATGG-1,0.0,0.0,0.0,0.0
TTGAACGGTTAAGACA-1,0.0,0.0,1.0,0.0
TTGAACGTCTGTCTCG-1,0.0,0.0,0.0,0.0
TTGACTTAGGATGGAA-1,0.0,0.0,1.0,0.0
TTGACTTAGGATTCGG-1,0.0,0.0,0.0,0.0
TTGACTTAGGGATGGG-1,0.0,0.0,0.0,0.0
TTGACTTGTATAATGG-1,0.0,0.0,0.0,0.0
TTGACTTGTTAGTGGG-1,0.0,0.0,0.0,0.0
TTGACTTTCTTCTGGC-1,0.0,0.0,0.0,0.0
TTGCCGTAGCTGGAAC-1,0.0,0.0,0.0,0.0
TTGCCGTCACCGAAAG-1,0.0,0.0,0.0,0.0
TTGCCGTCACGAAATA-1,0.0,0.0,0.0,0.0
TTGCCGTCATTTGCCC-1,0.0,0.0,0.0,0.0
TTGCGTCAGCAGACTG-1,0.0,0.0,1.0,0.0
TTGCGTCAGTCTCCTC-1,0.0,0.0,0.0,0.0
TTGCGTCCAAGAGTCG-1,1.0,0.0,0.0,0.0
TTGCGTCCACGAAATA-1,0.0,0.0,0.0,0.0
TTGCGTCCACGAGGTA-1,0.0,0.0,0.0,0.0
TTGCGTCGTCGCGTGT-1,0.0,0.0,0.0,1.0
TTGGAACCACAACGCC-1,0.0,0.0,0.0,0.0
TTGGAACCACTGTCGG-1,0.0,0.0,0.0,0.0
TTGGAACCAGTCACTA-1,1.0,0.0,0.0,0.0
TTGGAACCATGCCCGA-1,0.0,0.0,0.0,0.0
TTGGAACGTCCAACTA-1,1.0,0.0,0.0,0.0
TTGGCAAAGCTAACTC-1,0.0,0.0,0.0,0.0
TTGGCAACAATGAAAC-1,0.0,0.0,0.0,0.0
TTGGCAACATGCTAGT-1,0.0,0.0,0.0,0.0
TTGGCAATCATTTGGG-1,0.0,0.0,0.0,0.0
TTGTAGGAGGCTCATT-1,0.0,0.0,0.0,0.0
TTGTAGGCAGTGACAG-1,0.0,0.0,0.0,0.0
TTGTAGGCATAGGATA-1,0.0,0.0,0.0,0.0
TTGTAGGCATGTAGTC-1,0.0,0.0,0.0,0.0
TTGTAGGTCGCCAGCA-1,0.0,0.0,0.0,0.0
TTGTAGGTCTCCAACC-1,0.0,0.0,0.0,0.0
TTTACTGAGATGCCAG-1,0.0,0.0,0.0,0.0
TTTACTGAGTGTACGG-1,0.0,0.0,0.0,0.0
TTTACTGGTACCGCTG-1,0.0,0.0,0.0,0.0
TTTACTGTCAGAGGTG-1,0.0,0.0,0.0,0.0
TTTATGCAGGCCCTCA-1,1.0,0.0,0.0,0.0
TTTATGCAGTGTCCCG-1,0.0,0.0,0.0,0.0
TTTATGCGTAGCGCAA-1,1.0,0.0,0.0,0.0
TTTCCTCAGACATAAC-1,0.0,0.0,0.0,0.0
TTTCCTCCAACGATCT-1,0.0,0.0,0.0,0.0
TTTCCTCCACCGCTAG-1,0.0,0.0,0.0,0.0
TTTCCTCGTTCTGAAC-1,0.0,0.0,0.0,0.0
TTTCCTCTCTGAAAGA-1,0.0,0.0,0.0,0.0
TTTGCGCAGACCACGA-1,0.0,0.0,0.0,0.0
TTTGCGCAGTATTGGA-1,0.0,0.0,0.0,0.0
TTTGCGCTCGCACTCT-1,0.0,0.0,0.0,0.0
TTTGGTTAGGAGCGAG-1,0.0,0.0,0.0,0.0
TTTGGTTCACAACTGT-1,0.0,0.0,0.0,0.0
TTTGGTTCATTGAGCT-1,0.0,0.0,0.0,0.0
TTTGGTTGTAATCACC-1,0.0,0.0,0.0,0.0
TTTGGTTGTCCTCCAT-1,0.0,0.0,0.0,0.0
TTTGGTTGTGCGAAAC-1,0.0,0.0,0.0,0.0
TTTGTCAAGTGCCAGA-1,0.0,0.0,0.0,0.0
TTTGTCACAGGCGATA-1,0.0,0.0,0.0,0.0
TTTGTCACATCACGTA-1,1.0,0.0,0.0,0.0
TTTGTCAGTACTTAGC-1,0.0,0.0,0.0,0.0
TTTGTCATCACCGGGT-1,0.0,0.0,0.0,0.0
TTTGTCATCCGCTGTT-1,0.0,0.0,0.0,0.0
