barcode,speed
AAACCTGGTGGCAAAC-1,0.0003800122
AAACCTGTCGCATGGC-1,0.00095267984
AAACCTGTCGTACCGG-1,0.0013386419
AAACGGGCACTAAGTC-1,0.00029086444
AAACGGGCACTAGTAC-1,0.007226066
AAACGGGGTTCATGGT-1,6.702608e-05
AAACGGGGTTCTGAAC-1,0.0022256724
AAAGATGAGCTAGGCA-1,0.0003678153
AAAGATGGTTTGCATG-1,0.00033397647
AAAGATGTCGCCAGCA-1,0.0030332261
AAAGCAAAGAGTTGGC-1,0.0016859681
AAAGCAAAGCGCCTTG-1,0.0016983135
AAAGCAAAGCGTGAAC-1,0.00048535937
AAAGCAAGTATAGGTA-1,0.012449425
AAAGCAATCAGCGACC-1,0.00010127657
AAAGCAATCGCGCCAA-1,0.00035996264
AAAGCAATCGGACAAG-1,0.00078088994
AAAGCAATCTTGAGGT-1,0.002315183
AAAGTAGAGAGATGAG-1,0.00028800685
AAAGTAGTCAGAGGTG-1,0.00052048604
AAATGCCAGTGAATTG-1,0.001344494
AAATGCCCACATAACC-1,0.0012461542
AAATGCCGTGGTTTCA-1,0.009325108
AAATGCCTCAGTTGAC-1,0.0010737682
AAATGCCTCCAGGGCT-1,0.00015858497
AACACGTCACGTGAGA-1,0.0031695836
AACACGTGTCTGCCAG-1,0.0016273459
AACACGTGTGGCAAAC-1,0.0011160298
AACACGTTCATGCATG-1,0.00019935844
AACACGTTCATTATCC-1,0.0015770243
AACACGTTCCTCAACC-1,0.0023268482
AACCATGAGATCCCGC-1,0.0005093961
AACCATGAGTGACATA-1,0.013410086
AACCATGCAAGCTGTT-1,0.00018476558
AACCATGCACCAACCG-1,0.0014017279
AACCATGCATTAGGCT-1,8.8475885e-05
AACCATGGTGTGGTTT-1,0.005504558
AACCATGGTTGGACCC-1,0.00013342116
AACCGCGTCGGCTACG-1,0.0014261245
AACGTTGCACAGGTTT-1,0.0014964188
AACGTTGCACCCAGTG-1,0.0032738124
AACGTTGGTACAGCAG-1,0.009948804
AACGTTGGTCTGCGGT-1,0.0015094912
AACGTTGTCCCAACGG-1,0.009174411
AACGTTGTCCCATTTA-1,0.00055319926
AACGTTGTCCTTAATC-1,0.0024221288
AACGTTGTCGCCCTTA-1,0.0016227997
AACTCAGAGGGTATCG-1,0.0020283242
AACTCAGCACAGACTT-1,0.0006746099
AACTCAGTCCCAACGG-1,0.001553521
AACTCAGTCTAACCGA-1,0.006459146
AACTCAGTCTTTACGT-1,0.00026342963
AACTCCCCAATAAGCA-1,0.0021497668
AACTCCCGTAGCACGA-1,0.0031286601
AACTCCCGTTACCGAT-1,0.00043896594
AACTCCCTCGGCCGAT-1,0.004289365
AACTCTTAGGCATGTG-1,0.0011916124
AACTCTTCACCAACCG-1,0.0002953869
AACTCTTGTATTCTCT-1,0.00019575168
AACTCTTGTGCTCTTC-1,0.0016812154
AACTCTTTCACCTCGT-1,0.0017300388
AACTCTTTCTAACCGA-1,0.0002102825
AACTGGTAGACAAAGG-1,0.003931106
AACTGGTAGCCACTAT-1,0.0024324427
AACTGGTAGGAATCGC-1,0.00019406849
AACTGGTAGTTAAGTG-1,0.0010775835
AACTGGTCAGCCAGAA-1,0.0003529813
AACTGGTCATATACGC-1,0.002043947
AACTGGTCATCTGGTA-1,0.00036118706
AACTTTCCACGAAACG-1,0.001762218
AACTTTCCACGGTAAG-1,0.0013022117
AACTTTCCATCTACGA-1,0.00036336575
AACTTTCGTTAGATGA-1,0.00017070744
AACTTTCTCATGTAGC-1,0.0018063703
AAGACCTCAACGATGG-1,0.0021970582
AAGACCTCAGGTGGAT-1,0.005360136
AAGACCTGTAAAGGAG-1,0.00093801244
AAGACCTGTAATCACC-1,0.0011424769
AAGACCTGTCGGGTCT-1,0.002936061
AAGACCTGTGACGGTA-1,0.0007654723
AAGCCGCAGGCTATCT-1,0.00041272113
AAGCCGCGTAGCTGCC-1,0.0010255632
AAGCCGCGTTCCAACA-1,0.00070539035
AAGGAGCGTACCTACA-1,0.00041967587
AAGGAGCGTATCAGTC-1,0.00040778492
AAGGAGCTCATCATTC-1,0.002642208
AAGGAGCTCTCGAGTA-1,0.0014313458
AAGGCAGCAAGCGATG-1,0.000601076
AAGGCAGGTGCCTGTG-1,0.00055276416
AAGGCAGTCAATCACG-1,0.0045202593
AAGGCAGTCGAATCCA-1,0.0016465479
AAGGCAGTCGTGGGAA-1,0.0008503301
AAGGTTCCAGACGCCT-1,0.0013220788
AAGGTTCCAGTTAACC-1,0.00032026067
AAGGTTCGTCTCGTTC-1,0.0013499118
AAGGTTCGTGGAAAGA-1,0.001563113
AAGGTTCTCGTATCAG-1,0.00034347418
AAGGTTCTCTGCGACG-1,0.005437148
AAGTCTGAGATAGCAT-1,0.0010371312
AAGTCTGCAATCTACG-1,0.0005651048
AAGTCTGCAGACAGGT-1,0.0009368914
AATCCAGAGACGCAAC-1,0.001747529
AATCCAGAGGGCTCTC-1,0.005404849
AATCCAGAGGTTCCTA-1,0.00051254826
AATCCAGCAAAGGTGC-1,0.0018080279
AATCCAGCACTCTGTC-1,0.00854339
AATCCAGGTACAGTTC-1,0.00049972185
AATCCAGGTCTCCACT-1,0.001497948
AATCCAGTCGCTAGCG-1,7.242748e-05
AATCCAGTCTCGAGTA-1,0.0010165973
ACACCAACATTACCTT-1,0.00033272052
ACACCAATCCTGCCAT-1,0.007609058
ACACCCTGTAAGTGTA-1,0.0017819322
ACACCCTGTACTTGAC-1,0.0012099135
ACACCCTTCAGTTGAC-1,0.010929606
ACACCGGAGAGCAATT-1,0.0009811734
ACACCGGAGTCGAGTG-1,0.0061315605
ACACCGGCAGTCACTA-1,0.001589475
ACACCGGCATGGTCAT-1,0.00073888723
ACACCGGGTTATCACG-1,0.0032536741
ACACCGGTCTTTACAC-1,0.0020723892
ACACTGATCAGCTGGC-1,0.0014761908
ACAGCCGGTTCCAACA-1,0.002427427
ACAGCCGGTTCCACAA-1,0.00145172
ACAGCCGTCGCCAGCA-1,0.00024484488
ACAGCCGTCTCCAACC-1,0.0007459252
ACAGCTAAGCTCCCAG-1,0.0006162559
ACAGCTACATGAGCGA-1,0.0006789741
ACAGCTAGTGTGACCC-1,0.00051748473
ACAGCTAGTTAGGGTG-1,0.00024392533
ACAGCTATCAACACCA-1,0.00218574
ACAGCTATCGCATGAT-1,0.0007260754
ACAGCTATCTCTTGAT-1,0.00021698368
ACATACGAGCTTATCG-1,0.003231185
ACATACGCACTTAAGC-1,0.00080060057
ACATACGGTTCAGGCC-1,0.0022486448
ACATACGTCACCGTAA-1,0.0008067552
ACATACGTCAGAGCTT-1,0.010391948
ACATACGTCTCACATT-1,0.0026266037
ACATCAGAGACAGGCT-1,0.00041941556
ACATCAGTCACCTTAT-1,7.068907e-05
ACATCAGTCTTGACGA-1,0.0015966366
ACATGGTAGGCCCTCA-1,0.0004217358
ACATGGTAGTGAACAT-1,0.00056058523
ACATGGTCACTAAGTC-1,0.0011110491
ACATGGTCAGGAATGC-1,0.0011042764
ACATGGTCATGATCCA-1,0.00038184167
ACATGGTGTTGACGTT-1,0.0007802788
ACATGGTTCTGTCTCG-1,0.003948449
ACCAGTAAGCCCAATT-1,0.00043680693
ACCAGTAAGGTAGCTG-1,0.00231224
ACCAGTAAGTTGAGAT-1,0.0010786314
ACCAGTACAGGCGATA-1,0.006076885
ACCAGTACAGTCGTGC-1,2.0241343e-05
ACCAGTATCGGAGGTA-1,0.00022566025
ACCAGTATCGGTTAAC-1,0.0024716936
ACCCACTAGACAGACC-1,0.00024641427
ACCCACTAGTTAGCGG-1,0.0029323243
ACCCACTCAGTCGATT-1,0.000613759
ACCCACTGTATATGGA-1,0.00034478592
ACCCACTGTGACTACT-1,0.00032033285
ACCCACTGTGAGCGAT-1,0.0019292857
ACCCACTTCCTCCTAG-1,0.00020961686
ACCCACTTCTAACTTC-1,0.00016675526
ACCCACTTCTACTCAT-1,0.013107207
ACCGTAACATCGGACC-1,0.0019902226
ACCGTAAGTACGCACC-1,0.00031309813
ACCGTAAGTCACTGGC-1,0.0019987589
ACCGTAATCGTGGACC-1,0.00015953253
ACCGTAATCTTGCCGT-1,0.00070821337
ACCTTTACACGCATCG-1,0.0011764334
ACCTTTAGTCTTGTCC-1,0.0003663581
ACCTTTATCGTGGGAA-1,0.0003041782
ACGAGCCCAATGAATG-1,0.0019936233
ACGAGCCCACAGATTC-1,0.007848847
ACGAGCCGTGCTAGCC-1,0.0040555215
ACGAGGAAGGTACTCT-1,0.0002183702
ACGAGGACATATGGTC-1,0.0011176608
ACGAGGAGTAGATTAG-1,0.0021734661
ACGAGGAGTTGAGGTG-1,0.0016784654
ACGAGGATCTTGCAAG-1,0.0011000948
ACGAGGATCTTTAGGG-1,0.0031508221
ACGATACAGTGGGTTG-1,0.000777404
ACGATGTAGACCGGAT-1,0.0026368021
ACGATGTAGATGCGAC-1,0.00038646834
ACGATGTAGCTACCGC-1,0.0014117436
ACGATGTAGGTAAACT-1,0.00033492615
ACGATGTCAAGCCGTC-1,0.0059307725
ACGATGTCACTTAACG-1,0.0059603173
ACGATGTCATTCACTT-1,0.000846997
ACGATGTTCCATGAGT-1,0.00024387866
ACGATGTTCCCACTTG-1,0.0024455225
ACGCAGCAGAAAGTGG-1,0.00130205
ACGCAGCAGAGGGATA-1,0.0013985044
ACGCAGCCACCTGGTG-1,0.00033987188
ACGCAGCGTACATGTC-1,0.0006638718
ACGCAGCGTCAACATC-1,0.00054831326
ACGCAGCGTGTTGAGG-1,0.00030695758
ACGCAGCTCACCTTAT-1,0.0003621286
ACGCCAGCAATGTTGC-1,0.0015226443
ACGCCAGCACGAAGCA-1,0.00039063074
ACGCCAGCACGCCAGT-1,0.000457014
ACGCCAGGTTCCCTTG-1,0.0009040053
ACGCCAGGTTCGCTAA-1,0.0012870603
ACGCCAGTCATCATTC-1,0.0047006775
ACGCCAGTCGCCTGTT-1,0.0033378692
ACGCCGAAGCGTAGTG-1,0.0019145533
ACGCCGAGTATGGTTC-1,0.00032519735
ACGGAGAAGTGGTAAT-1,0.00055894814
ACGGAGACATAACCTG-1,0.005684325
ACGGAGAGTCATATGC-1,0.0010485582
ACGGCCAAGCCAACAG-1,0.00090275
ACGGCCACACCAGCAC-1,0.00013186235
ACGGCCAGTATTAGCC-1,0.002276998
ACGGCCAGTCCTCTTG-1,0.0005177881
ACGGGCTAGCGTGTCC-1,0.00095536606
ACGGGCTCACAGAGGT-1,0.00037898845
ACGGGCTCAGACGCAA-1,0.00058217003
ACGGGCTCATGACATC-1,0.0005134653
ACGGGCTTCCGGGTGT-1,0.001636393
ACGGGTCAGGTTCCTA-1,0.0004950326
ACGGGTCCAAGAAAGG-1,0.011257498
ACGGGTCCACAGATTC-1,0.0008744998
ACGGGTCCACAGCGTC-1,0.0011501283
ACGGGTCCAGCTGCAC-1,0.0005578954
ACGGGTCCATCGGAAG-1,0.07099037
ACGGGTCGTAAAGGAG-1,0.0017789662
ACGGGTCGTATCAGTC-1,0.00077717507
ACGGGTCGTGGAAAGA-1,0.0013769353
ACGGGTCGTTCTGAAC-1,0.0002427399
ACGGGTCTCAAACAAG-1,0.012006392
ACGGGTCTCATGTAGC-1,0.00019637358
ACGGGTCTCCAATGGT-1,0.00022423104
ACGGGTCTCCATTCTA-1,0.001281925
ACGGGTCTCGCCATAA-1,0.0011549162
ACGGGTCTCTACTTAC-1,0.0023398022
ACGTCAAAGACTAGGC-1,0.00026300742
ACGTCAACAGACACTT-1,0.0011734382
ACTATCTAGAGTACCG-1,0.0033543182
ACTATCTTCTTGTCAT-1,0.21733525
ACTGAACAGTGGGCTA-1,0.0026408962
ACTGAACAGTGGTAGC-1,0.000712736
ACTGAACCAAACAACA-1,0.00053314853
ACTGAACCAAGGACAC-1,0.0004457513
ACTGAACCAATCCAAC-1,0.0026665288
ACTGAACGTCCAAGTT-1,0.0008188154
ACTGAGTAGTAATCCC-1,0.00036423703
ACTGAGTCAAAGCAAT-1,0.0013887223
ACTGAGTCACCATCCT-1,0.0016846822
ACTGAGTCAGCTCGAC-1,0.0010601833
ACTGAGTGTCTCATCC-1,0.0026959635
ACTGAGTGTTAGATGA-1,0.0028985767
ACTGATGAGCGTGAGT-1,0.0038367864
ACTGATGTCACCCTCA-1,0.00049192796
ACTGATGTCATGTCCC-1,0.00012676953
ACTGCTCAGACTGGGT-1,0.0031781655
ACTGCTCCACTTAACG-1,0.0056886626
ACTGCTCTCTACCAGA-1,0.00029858985
ACTGTCCAGAAACGAG-1,0.0017432282
ACTGTCCCACGAAACG-1,0.0003069682
ACTGTCCCAGCGAACA-1,0.0011880638
ACTGTCCTCTCCTATA-1,0.0016780789
ACTGTCCTCTGAGGGA-1,0.00041631
ACTTACTAGTAGCCGA-1,0.0005075537
ACTTACTGTTCCACAA-1,0.0008412029
ACTTACTTCAGAGACG-1,0.00044585724
ACTTACTTCCAGGGCT-1,0.035480242
ACTTACTTCCCTGACT-1,0.00030709166
ACTTGTTAGGACTGGT-1,0.0012327825
ACTTGTTCATTGAGCT-1,0.0011234949
ACTTGTTGTTCAGGCC-1,0.007913842
ACTTGTTTCTGGTTCC-1,0.00097201474
ACTTGTTTCTGTCCGT-1,0.00020372464
ACTTTCAAGCTAAGAT-1,0.0007625525
ACTTTCACACTGTCGG-1,0.0006882221
ACTTTCACAGGGTACA-1,0.0001903452
ACTTTCAGTAAATGTG-1,0.0021290614
ACTTTCATCAGCTGGC-1,0.0008688233
ACTTTCATCATGGTCA-1,0.0010427083
ACTTTCATCTACTCAT-1,0.002151758
AGAATAGAGGTGCTAG-1,0.0020992572
AGAATAGAGGTTCCTA-1,0.001407321
AGAATAGAGTTACCCA-1,0.0015899863
AGACGTTAGATCACGG-1,0.0105286
AGACGTTAGCCGATTT-1,0.0006526479
AGACGTTGTAAGTGTA-1,0.0027163613
AGACGTTGTGGAAAGA-1,0.002445803
AGACGTTTCGGAAACG-1,0.0039466084
AGAGCGAAGCAGCGTA-1,0.00062130165
AGAGCGAGTGATGCCC-1,0.012912791
AGAGCTTAGGACTGGT-1,0.0012782776
AGAGCTTCACGGTAAG-1,0.0044476753
AGAGCTTCATCCGTGG-1,0.00055063906
AGAGCTTTCATGCAAC-1,0.0017848833
AGAGTGGAGACGCAAC-1,0.0014611515
AGAGTGGAGCGCTTAT-1,0.0017339305
AGAGTGGAGGAGCGTT-1,0.0016706988
AGAGTGGAGGTGGGTT-1,0.000325738
AGAGTGGCAATCACAC-1,0.0044905036
AGAGTGGCAATGGAGC-1,0.0013136928
AGAGTGGGTGCTTCTC-1,0.0020570885
AGATCTGAGAGGGCTT-1,6.0329072e-05
AGATCTGCACATTTCT-1,0.0051677083
AGATCTGTCTCTTGAT-1,0.00050116156
AGATTGCAGCTAACTC-1,0.00054948486
AGATTGCGTAAGCACG-1,0.00016439059
AGATTGCGTATGGTTC-1,0.0010662468
AGATTGCGTGGTCTCG-1,0.00023291729
AGATTGCTCCCTTGTG-1,0.0002912285
AGCAGCCGTGATGCCC-1,0.005425785
AGCAGCCGTTAGTGGG-1,0.0004563518
AGCAGCCTCCCGGATG-1,0.00030948472
AGCAGCCTCCGCGTTT-1,0.00042279437
AGCATACCACCAGGCT-1,0.00095768546
AGCATACTCAATAAGG-1,0.0064405333
AGCATACTCGTAGGTT-1,0.0010604385
AGCCTAAAGCGTCTAT-1,0.0016063582
AGCCTAATCGAGCCCA-1,0.0003623516
AGCGGTCAGCTAAACA-1,0.00072213274
AGCGGTCAGGTGTTAA-1,0.0010373098
AGCGGTCCAGGATCGA-1,0.0003319558
AGCGGTCGTAAGAGGA-1,0.00039652726
AGCGGTCGTCACTGGC-1,0.0027611807
AGCGTATAGAATTCCC-1,0.0013651781
AGCGTATAGTGAAGTT-1,0.00038677978
AGCGTATCAATCAGAA-1,0.0023657752
AGCGTATCAATCGAAA-1,0.00053435616
AGCGTATCACATCTTT-1,0.00049599545
AGCGTATGTTACGACT-1,0.00081434264
AGCGTATTCGTAGGAG-1,0.0012456566
AGCGTCGGTATATGGA-1,0.0064557716
AGCGTCGGTCGTTGTA-1,0.0040618554
AGCGTCGGTGTTTGTG-1,0.00055896956
AGCTCCTAGTAATCCC-1,0.0056219753
AGCTCCTAGTCCGTAT-1,0.0006971084
AGCTCCTCACAGAGGT-1,0.00053252454
AGCTCCTGTTATTCTC-1,0.00088582514
AGCTCTCCAAAGGTGC-1,0.005387621
AGCTCTCGTTATCGGT-1,0.00039819526
AGCTCTCGTTGGTAAA-1,0.0002903231
AGCTCTCTCCTTGGTC-1,9.400552e-05
AGCTCTCTCTGCGACG-1,0.008165751
AGCTTGATCATACGGT-1,0.00031242557
AGCTTGATCGAGAGCA-1,0.0008384933
AGGCCACCACACAGAG-1,0.0010052596
AGGCCACCACGGCGTT-1,0.0014065807
AGGCCACGTACGACCC-1,0.00091151806
AGGCCACGTACTCGCG-1,0.0002730366
AGGCCACGTGCCTTGG-1,0.002526446
AGGCCACGTTAAGAAC-1,0.0036749407
AGGCCGTAGAAACGAG-1,0.00026993515
AGGCCGTCAATCGAAA-1,0.00085088075
AGGCCGTCACGTAAGG-1,0.00089398836
AGGGAGTAGACACTAA-1,0.0013336048
AGGGAGTCAGTATGCT-1,0.0006285922
AGGGAGTTCAAAGACA-1,0.0008559717
AGGGAGTTCTGACCTC-1,0.0007510417
AGGGATGAGAATTGTG-1,0.0012576263
AGGGATGAGTAGCCGA-1,0.003648831
AGGGATGGTGCTGTAT-1,0.0021855696
AGGGTGAAGCCATCGC-1,0.0051749568
AGGGTGAAGGGTCGAT-1,0.0005367744
AGGGTGACAATCAGAA-1,0.0014382409
AGGGTGATCTACTTAC-1,0.0037533734
AGGTCATAGCCAGTTT-1,0.00045542297
AGGTCATAGGAGTACC-1,0.00033762073
AGGTCATGTAAATACG-1,0.0014706025
AGGTCCGAGAACAATC-1,0.00048919965
AGGTCCGAGACCTTTG-1,0.0014331354
AGGTCCGCAGCGTAAG-1,0.012910505
AGGTCCGCATCGGGTC-1,0.000125047
AGGTCCGCATTGTGCA-1,0.0004814173
AGGTCCGGTCATTAGC-1,0.0010076277
AGGTCCGGTCGCTTCT-1,0.0007400973
AGGTCCGGTGATGCCC-1,0.00078937615
AGGTCCGTCACCAGGC-1,0.00047944876
AGGTCCGTCTACGAGT-1,0.0003243169
AGGTCCGTCTGGAGCC-1,0.0005357506
AGTAGTCCATGGATGG-1,0.00048215777
AGTAGTCGTAAGTGTA-1,0.0017235405
AGTAGTCGTGCCTGTG-1,0.00097285595
AGTAGTCTCAAACAAG-1,0.00041607246
AGTAGTCTCAAAGTAG-1,0.0021634458
AGTAGTCTCCCAGGTG-1,0.0064985133
AGTCTTTAGCTCCTTC-1,0.0008949637
AGTCTTTCAACACCTA-1,0.015306161
AGTCTTTCACAGATTC-1,0.0033368743
AGTCTTTGTCGCGTGT-1,0.0011495394
AGTCTTTGTTCCATGA-1,0.001617357
AGTCTTTTCATGCATG-1,0.0006764501
AGTCTTTTCCACGTTC-1,0.0022304342
AGTGAGGAGCCGCCTA-1,0.0057602744
AGTGAGGCATTTCACT-1,0.0039277705
AGTGAGGGTAGCTGCC-1,0.001433013
AGTGAGGTCCTAGAAC-1,0.0007371458
AGTGGGAAGCTATGCT-1,0.00222559
AGTGGGAAGGCAATTA-1,0.0014818676
AGTGGGACAAGTCATC-1,0.0005208928
AGTGGGACATACCATG-1,0.0011326589
AGTGGGAGTCATATGC-1,0.0004748273
AGTGGGAGTCGGATCC-1,0.00173529
AGTGGGATCCTAAGTG-1,0.0010340229
AGTGGGATCGTAGATC-1,0.006243948
AGTGTCAGTTCCACGG-1,0.0007830013
AGTGTCATCGTTGCCT-1,0.0024864583
AGTGTCATCTCATTCA-1,0.0026330433
AGTTGGTCACTCAGGC-1,0.00021514289
AGTTGGTCAGTCAGCC-1,0.00060551934
ATAACGCGTCCGAACC-1,0.00023290809
ATAACGCTCAGCTCTC-1,0.0025148499
ATAACGCTCCACGAAT-1,0.00549104
ATAAGAGAGTCGTACT-1,0.00033595166
ATAAGAGCAGCTGTGC-1,0.002772657
ATAAGAGCAGGTGGAT-1,0.000432531
ATAAGAGGTATGGTTC-1,0.0016238426
ATAAGAGTCGGAGGTA-1,0.0026957337
ATAGACCAGTGGACGT-1,0.00190164
ATAGACCCAAGCGAGT-1,0.00056896574
ATAGACCGTAAGAGGA-1,0.00057685527
ATAGACCGTCGGCATC-1,0.002090945
ATAGACCGTTGAGTTC-1,0.004496578
ATAGACCTCGCCTGTT-1,0.00023505549
ATAGACCTCGGATGTT-1,0.00077945093
ATCACGAAGTAATCCC-1,0.00066344626
ATCACGAGTCCAGTTA-1,0.002131471
ATCACGAGTCTGATTG-1,0.00036994417
ATCACGATCCACGAAT-1,0.0004977009
ATCACGATCTCGAGTA-1,0.0071959873
ATCACGATCTGTCAAG-1,0.0021258928
ATCATCTAGCTGGAAC-1,0.00018514198
ATCATCTGTATTACCG-1,0.0050475486
ATCATCTGTGTTGAGG-1,0.0003931135
ATCATCTGTTCCACGG-1,0.0006729616
ATCATGGAGGATATAC-1,0.0009952016
ATCATGGGTGTTCGAT-1,0.00011877064
ATCATGGTCACCACCT-1,0.00087073894
ATCATGGTCGCTAGCG-1,0.0056143627
ATCATGGTCTTGCAAG-1,0.0018691343
ATCCACCAGGCATTGG-1,0.00179505
ATCCACCCAAGTCATC-1,0.0037681635
ATCCACCTCCACGTTC-1,0.00031757707
ATCCACCTCTAACCGA-1,0.00044216902
ATCCGAAAGAAGATTC-1,0.0016080508
ATCCGAAAGAATGTGT-1,0.005027174
ATCCGAAAGGTGTTAA-1,0.003483989
ATCCGAAAGTCGAGTG-1,0.0014570847
ATCCGAACATGCCTAA-1,0.0013432796
ATCCGAAGTGGAAAGA-1,0.00025639337
ATCCGAAGTTGTGGCC-1,0.00067846914
ATCCGAATCATGTCCC-1,0.00034871828
ATCGAGTAGCGCTCCA-1,0.0020751264
ATCGAGTAGCTAAGAT-1,0.00024108037
ATCGAGTCAAGTTCTG-1,0.0013666855
ATCGAGTCAATGACCT-1,0.005028486
ATCGAGTCAGGAATGC-1,0.00020992612
ATCGAGTCATCACCCT-1,0.0015831401
ATCGAGTTCCTTTCTC-1,0.00025754052
ATCTACTCAGCAGTTT-1,0.0010392888
ATCTACTTCAAACGGG-1,0.00045872596
ATCTACTTCACTGGGC-1,0.00014346164
ATCTACTTCCGCGCAA-1,0.0021623916
ATCTGCCAGATCGGGT-1,0.0006128214
ATCTGCCAGTCGTACT-1,0.00056209986
ATCTGCCCAAATCCGT-1,0.002069938
ATCTGCCCATCCGGGT-1,0.00094566745
ATCTGCCTCGCAAACT-1,0.0017486548
ATGAGGGAGCTGCCCA-1,0.0006709281
ATGAGGGAGTACGTTC-1,0.00027697062
ATGAGGGCACGGATAG-1,0.0001858376
ATGAGGGGTTACCAGT-1,0.00087057217
ATGAGGGTCTTCAACT-1,0.005687126
ATGCGATAGATCCCAT-1,0.0011186464
ATGCGATCAGACACTT-1,0.00027239654
ATGCGATGTGCCTTGG-1,0.003713081
ATGCGATTCACGCGGT-1,0.00041880846
ATGCGATTCCTGTAGA-1,0.00124099
ATGCGATTCGAATCCA-1,0.00034190004
ATGCGATTCTCGATGA-1,0.0009958833
ATGGGAGAGCTGAAAT-1,0.00014627565
ATGGGAGGTGGTTTCA-1,0.00067751174
ATGGGAGTCACAACGT-1,0.0007138707
ATGTGTGAGGTGCACA-1,0.00087898504
ATGTGTGAGGTTCCTA-1,0.000115614246
ATGTGTGAGTATCGAA-1,0.0009712824
ATGTGTGCATCCGTGG-1,0.00024538717
ATGTGTGCATGGATGG-1,0.0019054704
ATGTGTGGTAACGACG-1,0.0005972631
ATGTGTGGTCGTTGTA-1,0.0024552247
ATGTGTGGTGCTTCTC-1,0.0010979882
ATGTGTGTCTACCAGA-1,0.0020848415
ATGTGTGTCTAGCACA-1,0.0019370165
ATTACTCTCGGCGGTT-1,0.0004498797
ATTACTCTCGGTTAAC-1,0.00039980942
ATTATCCAGCCAACAG-1,0.001830993
ATTATCCCAAGGACTG-1,8.43343e-05
ATTCTACCAGTTCCCT-1,0.0011930268
ATTCTACCATTAGGCT-1,0.0025726089
ATTCTACGTCGCGAAA-1,0.0031303058
ATTCTACGTTCAGGCC-1,0.03362618
ATTCTACTCAATCTCT-1,0.00052048324
ATTCTACTCAGGCAAG-1,0.0024424253
ATTGGACAGAAGGGTA-1,0.00064046297
ATTGGACAGTTGAGTA-1,0.0010662414
ATTGGACCATGTCCTC-1,0.0029425689
ATTGGACGTCAGCTAT-1,0.0006629386
ATTGGACGTTAAGAAC-1,0.00043637495
ATTGGACGTTAGTGGG-1,0.0069235433
ATTGGTGAGTAGGTGC-1,0.001689537
ATTGGTGGTATGAAAC-1,0.0010194315
ATTGGTGGTTCCTCCA-1,0.0015536606
ATTGGTGTCAAAGTAG-1,0.0007820032
ATTGGTGTCACAAACC-1,0.0002852141
ATTTCTGGTCTTCGTC-1,0.00026912315
ATTTCTGGTTACAGAA-1,0.000892475
ATTTCTGTCCGTAGGC-1,0.0008014752
CAACCAAAGCCACGTC-1,0.0032575948
CAACCAACAACACCTA-1,0.004407899
CAACCAACAATCCAAC-1,0.000328097
CAACCAACACTTAAGC-1,0.0014741401
CAACCAACATGGATGG-1,0.0006132987
CAACCAAGTCCTAGCG-1,0.0012081497
CAACCAAGTTCTGTTT-1,0.0031141134
CAACCTCAGCAGATCG-1,0.010265889
CAACCTCAGGTGCAAC-1,0.0009727597
CAACCTCCATGCCTTC-1,0.00069560186
CAACTAGAGTCACGCC-1,0.0009077197
CAACTAGCAAACAACA-1,0.0010249796
CAACTAGTCACAGTAC-1,0.0024215805
CAAGAAACAAAGGTGC-1,0.03188142
CAAGAAAGTCATGCAT-1,0.0008499889
CAAGAAATCATGCATG-1,0.000815644
CAAGAAATCTCGTTTA-1,0.00023803469
CAAGAAATCTGGCGTG-1,0.0025744217
CAAGATCAGATATGCA-1,0.21414044
CAAGATCAGCAATATG-1,0.01081364
CAAGATCCACGACTCG-1,0.0008658808
CAAGATCTCTCTAGGA-1,0.0007062658
CAAGGCCAGGCTCATT-1,0.00048018515
CAAGGCCGTCTAGAGG-1,0.11870221
CAAGGCCGTGTTGAGG-1,0.0010986733
CAAGTTGCAAGCGAGT-1,0.0005174025
CAAGTTGGTCCTAGCG-1,0.00092842476
CAAGTTGTCAAACCAC-1,0.0004958883
CAAGTTGTCATTATCC-1,0.0010781814
CACAAACAGTCAAGCG-1,0.0009110761
CACAAACCAACTGGCC-1,0.0068680444
CACAAACCACTCAGGC-1,0.0008146672
CACAAACGTCGTCTTC-1,0.00016390371
CACAAACGTGCGATAG-1,9.814481e-05
CACAAACTCAACACCA-1,0.0005126757
CACACAAAGCCACTAT-1,0.0051954547
CACACAAAGTGTACTC-1,0.000387437
CACACAAAGTTCGCGC-1,0.0010680733
CACACAAGTCACACGC-1,0.0015785292
CACACAAGTCGAAAGC-1,0.0036431788
CACACAATCGGAAATA-1,0.00029085734
CACACCTTCCACGCAG-1,0.0030044455
CACACTCAGGCTCTTA-1,0.0054740356
CACACTCCAGCCAGAA-1,0.000285724
CACACTCGTCTAAAGA-1,0.0006314836
CACACTCGTTATCCGA-1,0.00042226686
CACACTCTCTATCCTA-1,0.00075477455
CACAGGCCACGACTCG-1,0.002640733
CACAGGCGTTCGCGAC-1,0.004529657
CACAGGCTCCATTCTA-1,0.00022196288
CACAGGCTCCGTACAA-1,0.0034037773
CACAGTAAGTAGGCCA-1,0.001971057
CACAGTACATGCGCAC-1,0.0014041465
CACAGTAGTACATCCA-1,0.0015287837
CACAGTAGTTCGCTAA-1,0.0009832075
CACAGTAGTTGTCGCG-1,0.00025547136
CACAGTATCAATCTCT-1,0.0017508437
CACATAGGTGGTTTCA-1,0.0003772194
CACATAGTCCATTCTA-1,0.0008473981
CACATTTAGAATCTCC-1,0.0014605375
CACATTTAGACACTAA-1,0.0015159599
CACATTTAGTGGACGT-1,0.0006688017
CACATTTCAAGCCCAC-1,0.00041686042
CACATTTCACACCGAC-1,0.0016429744
CACATTTCACTTAAGC-1,0.0008791823
CACATTTGTACGCTGC-1,0.0017619408
CACCACTAGACAATAC-1,0.0005621506
CACCACTAGTGTCTCA-1,0.0006042215
CACCACTCACTTCTGC-1,0.0004322513
CACCACTCATTTGCTT-1,0.003616606
CACCACTGTACCGTTA-1,0.00051207794
CACCACTGTCGATTGT-1,0.0018894796
CACCACTGTCTGGAGA-1,0.0010634467
CACCACTGTGTGGTTT-1,0.0013039694
CACCACTGTTCAGCGC-1,0.0001989355
CACCACTTCCCACTTG-1,0.002430592
CACCAGGAGTGGAGTC-1,0.004101708
CACCAGGCAAACTGCT-1,0.00024403687
CACCAGGGTCTCACCT-1,0.00026164253
CACCAGGTCGAATGGG-1,0.00086961384
CACCTTGAGAGGGCTT-1,0.0010258965
CACCTTGAGCCACGCT-1,0.00019628876
CACCTTGAGTACGATA-1,0.012148889
CACCTTGAGTAGTGCG-1,0.00074600836
CACCTTGCAAGGCTCC-1,0.010213269
CACCTTGCATGCAATC-1,0.00031167298
CACCTTGGTATATGAG-1,0.00044548078
CACCTTGGTCCGTGAC-1,0.01472331
CACTCCATCGCTGATA-1,0.0003169961
CAGAATCAGCTAACTC-1,0.0017333735
CAGAATCAGTTAAGTG-1,0.00042545152
CAGAATCCACAGACAG-1,0.0007398451
CAGAATCCATCACGAT-1,0.0007367189
CAGAATCCATTACCTT-1,0.00047592848
CAGAATCGTATTCGTG-1,0.0010992355
CAGAATCTCCTGCCAT-1,0.00035537157
CAGAGAGAGTCATGCT-1,0.0014990362
CAGAGAGAGTCCTCCT-1,0.0044236328
CAGAGAGCAGTGGGAT-1,0.006370956
CAGAGAGGTGCAGACA-1,0.0011929304
CAGATCAAGAGGTTAT-1,0.008467134
CAGATCAAGGCGACAT-1,0.001102447
CAGATCAAGGGCACTA-1,0.0021047827
CAGATCAAGTGAACGC-1,0.00040501522
CAGATCACACACCGAC-1,0.00254444
CAGATCACACATGACT-1,0.0003616257
CAGATCACAGCGTAAG-1,0.0009432971
CAGATCACAGCGTCCA-1,0.000333893
CAGATCACATGAAGTA-1,0.00041398834
CAGATCAGTCGACTAT-1,0.000228936
CAGATCAGTGATGATA-1,0.001596152
CAGATCATCAATAAGG-1,0.00074571196
CAGATCATCGTGACAT-1,0.00062001287
CAGCAGCAGAAGGTTT-1,0.00030480948
CAGCAGCAGCCAGTAG-1,0.0013527157
CAGCAGCAGCCATCGC-1,0.00023023781
CAGCAGCAGTGTACGG-1,0.004747914
CAGCAGCCACCGAAAG-1,0.0005597191
CAGCAGCCATCTCCCA-1,0.00088750134
CAGCAGCTCGGTCCGA-1,0.0018071206
CAGCATAAGCCGATTT-1,0.00044467853
CAGCATAAGGCTAGGT-1,0.004419014
CAGCCGAAGAAGGGTA-1,0.0012967208
CAGCCGACATGCCTAA-1,0.0013600141
CAGCCGAGTCTAGGTT-1,0.0049396283
CAGCCGATCCAGAAGG-1,0.0011414257
CAGCCGATCCGAACGC-1,0.0034034175
CAGCCGATCTACTTAC-1,0.00018817728
CAGCGACCAAGACGTG-1,0.0002154348
CAGCGACGTTGACGTT-1,0.0016516226
CAGCGACTCGGAGCAA-1,0.00027607218
CAGCTAACAGCATGAG-1,0.0073637147
CAGCTAAGTGGTACAG-1,0.0005967061
CAGCTAATCATCATTC-1,0.0004289341
CAGCTAATCGCCGTGA-1,0.0036496136
CAGCTAATCTGCGACG-1,7.62247e-05
CAGCTGGCACGTAAGG-1,0.00036510994
CAGCTGGGTCGCTTTC-1,0.00023866181
CAGCTGGGTGACCAAG-1,0.00020091399
CAGCTGGTCAGAGACG-1,0.0006814151
CAGCTGGTCCACTGGG-1,0.0036062347
CAGGTGCAGGCAATTA-1,0.001048208
CAGGTGCAGTAGCGGT-1,0.00044287162
CAGGTGCCACTTGGAT-1,0.0038350376
CAGGTGCCATGACATC-1,0.0016762164
CAGGTGCGTGTGCGTC-1,0.001323657
CAGTAACAGATCGATA-1,0.0008012812
CAGTAACCAGATCTGT-1,0.0008110147
CAGTAACCATCACGAT-1,0.00046572994
CAGTCCTAGATCACGG-1,0.004097805
CAGTCCTAGGGAAACA-1,0.00012040339
CAGTCCTAGTATGACA-1,0.00059683644
CAGTCCTCAAGGCTCC-1,0.0016405673
CAGTCCTGTAGCTCCG-1,0.004409564
CATATGGAGCTACCGC-1,0.0006763503
CATATGGAGGCTCTTA-1,0.0007068204
CATATGGCAAAGCAAT-1,0.00045583278
CATATGGCAACTTGAC-1,0.0004614736
CATATGGCAATGGAGC-1,0.00035809545
CATATGGCATGACGGA-1,0.008218806
CATATGGCATTACCTT-1,0.00086435856
CATATGGGTTCCTCCA-1,0.0021925948
CATATGGTCACCGTAA-1,0.00011196385
CATATTCAGCTGTCTA-1,0.007467244
CATATTCAGGAGTCTG-1,0.0004357521
CATATTCGTAGATTAG-1,0.0010798485
CATATTCGTTCTCATT-1,0.0006997607
CATATTCTCAGTGTTG-1,0.001140464
CATCAAGAGAGGGCTT-1,0.19853035
CATCAAGAGGGATCTG-1,0.0029190457
CATCAAGGTCAGTGGA-1,0.00042638113
CATCAAGGTGACCAAG-1,0.00053856143
CATCAAGGTTCAGTAC-1,0.0004024152
CATCAAGTCCTACAGA-1,0.0010585793
CATCAAGTCTGGTTCC-1,0.000389136
CATCAGAAGCTTTGGT-1,0.0017798225
CATCAGAGTGATAAGT-1,0.00039678864
CATCAGATCCTAGAAC-1,0.00015531051
CATCAGATCTCAAACG-1,0.0034137717
CATCCACAGAAACCTA-1,0.01630853
CATCCACAGAGTGACC-1,0.0004799642
CATCCACCATTCTTAC-1,0.00047969838
CATCCACTCAGATAAG-1,0.008175227
CATCCACTCCATGAAC-1,0.0014878312
CATCCACTCCGTTGTC-1,0.0035736465
CATCGAAAGATCCCAT-1,0.00019912887
CATCGAAAGGTAGCTG-1,0.00063757686
CATCGAAAGTACTTGC-1,0.0010504449
CATCGAAGTATCACCA-1,0.0018426126
CATCGAAGTCGACTAT-1,0.0033963039
CATCGAAGTCTCGTTC-1,0.0036327527
CATCGAAGTTCCATGA-1,0.003428899
CATCGAAGTTGCTCCT-1,0.0008422831
CATCGAATCAATACCG-1,0.0015074469
CATCGAATCAGTTAGC-1,0.0051786155
CATCGAATCATCTGCC-1,0.0010972837
CATCGGGCAACTGCGC-1,0.0010044585
CATCGGGGTGTTTGTG-1,0.00023201303
CATGACAAGTCGTTTG-1,0.0005458451
CATGACACAGCGTCCA-1,0.00093430775
CATGACACATGTTGAC-1,0.0006396469
CATGACAGTAGCGCTC-1,0.0002554634
CATGACAGTCAACTGT-1,0.24509193
CATGACAGTCAGGACA-1,0.00028492606
CATGCCTCACAACTGT-1,0.00018914825
CATGCCTCAGTCACTA-1,0.00038954944
CATGCCTGTGCCTGCA-1,0.00013985488
CATGGCGAGAATCTCC-1,0.0014242539
CATGGCGCAGACAGGT-1,0.0018185049
CATGGCGGTAGGACAC-1,0.0004291828
CATGGCGGTCGTCTTC-1,0.0032044847
CATGGCGGTCGTGGCT-1,0.0003826323
CATGGCGGTGCGATAG-1,0.0017656367
CATGGCGGTTTGGCGC-1,0.00027838504
CATGGCGTCAAACCAC-1,0.0018004837
CATTATCCACCAGATT-1,0.0027264275
CATTATCTCTTAGAGC-1,0.00057267246
CATTCGCCACTTAACG-1,0.00033301912
CATTCGCCAGCGATCC-1,0.0031434805
CATTCGCGTTATGCGT-1,0.0019581523
CATTCGCTCGACCAGC-1,0.00025953108
CATTCGCTCTCAAACG-1,0.002274431
CCAATCCAGTCCAGGA-1,0.0005452816
CCAATCCCAGGCTCAC-1,0.0023844684
CCAATCCCATTGGGCC-1,0.0007098819
CCAATCCTCTGGCGAC-1,0.0006999785
CCACCTACACGACGAA-1,0.0030354848
CCACCTACAGGGTACA-1,0.00597219
CCACCTAGTAATCGTC-1,0.0014257772
CCACCTAGTTGGTGGA-1,0.0021214972
CCACCTATCTCTAGGA-1,0.0012381307
CCACGGAAGCAGGTCA-1,0.00036029826
CCACGGAAGGATATAC-1,0.0016052804
CCACGGAAGGCAGGTT-1,0.0072689024
CCACGGAAGTCCCACG-1,0.00045655476
CCACGGACATCCTAGA-1,0.0018069216
CCACGGAGTGAGTGAC-1,0.009501784
CCACGGATCACTCCTG-1,0.0047941767
CCACGGATCCAAGTAC-1,0.00028641525
CCACGGATCCGATATG-1,0.00037262394
CCACTACGTAAACGCG-1,0.00097071374
CCACTACGTGATGTGG-1,0.0019317718
CCACTACGTTGCCTCT-1,0.00054011843
CCACTACTCTATCCCG-1,0.0006736578
CCACTACTCTGGTTCC-1,0.0024860715
CCAGCGAGTAGCACGA-1,0.01715045
CCAGCGATCCGCATCT-1,0.0015259323
CCAGCGATCTAGAGTC-1,0.00038289852
CCATGTCCAAACTGTC-1,0.00025099728
CCATGTCCAAAGGCGT-1,0.0003682607
CCATGTCCAATGAAAC-1,0.0010193632
CCATGTCCAATGAATG-1,0.00017481289
CCATGTCGTACGACCC-1,0.00031863828
CCATGTCGTAGTAGTA-1,0.001406011
CCATGTCGTCAACTGT-1,0.0014379894
CCATGTCTCACGACTA-1,0.00048141298
CCATTCGAGGAGTAGA-1,0.00054758793
CCATTCGAGTCTCAAC-1,0.0014244103
CCCAATCGTAGGAGTC-1,0.00097022194
CCCAATCGTCGATTGT-1,0.0008627637
CCCAATCGTCTTCGTC-1,0.0022652023
CCCAATCTCCCTTGCA-1,0.0030083808
CCCAGTTAGCTGCAAG-1,0.0061506457
CCCAGTTAGCTGCCCA-1,0.00088027644
CCCAGTTCACATCTTT-1,0.0035903975
CCCAGTTGTTTACTCT-1,0.00647996
CCCAGTTTCAAAGTAG-1,0.0002018451
CCCAGTTTCGCCTGAG-1,0.0024807153
CCCAGTTTCTTCATGT-1,0.0013721021
CCCTCCTAGACAAAGG-1,0.0005259861
CCCTCCTAGTTGAGAT-1,0.001764293
CCCTCCTCAGTCAGCC-1,0.0013193464
CCCTCCTGTCATCGGC-1,0.0030662257
CCCTCCTTCGTCACGG-1,0.00048082753
CCGGGATAGCAGGTCA-1,0.00027014915
CCGGGATGTCAGAAGC-1,0.012315262
CCGGGATTCAAAGTAG-1,0.00052588247
CCGGTAGAGGCTCTTA-1,0.005344992
CCGGTAGAGTATCTCG-1,0.00020386564
CCGGTAGAGTGGGTTG-1,0.00041301065
CCGGTAGCACCGATAT-1,0.00011281591
CCGGTAGCAGTAACGG-1,0.0012240283
CCGGTAGCATCCAACA-1,0.0020164505
CCGGTAGGTGGCAAAC-1,0.0005297331
CCGGTAGTCACTGGGC-1,0.0020167022
CCGTACTAGAAGATTC-1,0.000923275
CCGTACTGTCTCTCGT-1,0.00072031363
CCGTGGAGTAATTGGA-1,0.0032749344
CCGTGGAGTCAACTGT-1,0.00022178942
CCGTGGAGTGATGTGG-1,0.00019690419
CCGTGGATCGGTGTTA-1,0.0047656843
CCGTGGATCTCGTTTA-1,0.0010927859
CCGTTCAAGCGATCCC-1,0.002114688
CCGTTCAAGCTAACTC-1,0.0009097262
CCGTTCAAGGGATGGG-1,0.0021116256
CCGTTCAAGTCGAGTG-1,0.0006492829
CCGTTCAGTGATAAGT-1,0.01066571
CCTAAAGAGAAACCTA-1,0.00037236884
CCTAAAGAGCACGCCT-1,0.002412411
CCTAAAGCACAGACAG-1,0.00069692585
CCTAAAGTCAGTCCCT-1,0.0020318455
CCTACACAGGTGCAAC-1,0.0009957987
CCTACACAGTTAAGTG-1,0.0027060811
CCTACACCACAGGAGT-1,0.0035333347
CCTACACCACCTCGGA-1,0.030323869
CCTACACGTCTTGCGG-1,0.00063584704
CCTACACTCCACTGGG-1,0.0006546548
CCTACCAAGTATTGGA-1,0.0007155191
CCTACCACACAACGTT-1,0.004296322
CCTACCACAGCCTTTC-1,0.0011965621
CCTACCAGTGAGGGTT-1,0.0044329003
CCTACCATCCGCGCAA-1,0.00080686604
CCTAGCTAGCGCCTTG-1,0.0007708156
CCTAGCTAGGTAGCTG-1,0.0008814772
CCTAGCTCATACGCCG-1,0.0041993526
CCTAGCTGTCTAGAGG-1,0.004230565
CCTAGCTTCAGTCAGT-1,0.0003016258
CCTATTACACCGAAAG-1,0.00031422012
CCTATTACAGCGTTCG-1,0.00047367008
CCTATTAGTTACCAGT-1,0.005256654
CCTATTATCCACGTGG-1,0.013270816
CCTATTATCTAACTCT-1,0.0016820454
CCTATTATCTTGCATT-1,0.0019263909
CCTCAGTAGCAGATCG-1,0.0005257337
CCTCTGAAGGCCCTCA-1,0.0010410683
CCTCTGAAGGGTTCCC-1,0.0011333463
CCTCTGACAAAGGAAG-1,0.0007652867
CCTCTGACAATAACGA-1,0.00058153993
CCTCTGACAGGACGTA-1,0.002151588
CCTCTGATCACGGTTA-1,0.0010563405
CCTTACGCAAGTCATC-1,0.005443562
CCTTACGCACCGATAT-1,0.0038699454
CCTTACGGTCAAACTC-1,0.00050162646
CCTTACGTCAACACTG-1,0.00019058019
CCTTACGTCATGCATG-1,0.00034746484
CCTTCCCCAAGCTGTT-1,0.011595889
CCTTCCCCAATAGAGT-1,0.0009442675
CCTTCCCCACGCATCG-1,0.0014456516
CCTTCCCCATTTGCTT-1,0.00037135658
CCTTCCCGTTGTTTGG-1,0.00016325006
CCTTCCCTCTACTTAC-1,0.0014955532
CCTTCGAAGATCCCAT-1,0.003322488
CCTTCGACACATCCAA-1,9.292816e-05
CCTTCGACACCTATCC-1,0.010596802
CCTTCGAGTAGCTGCC-1,0.0005808362
CCTTCGAGTCTGATCA-1,0.00063665543
CCTTCGAGTGAGTATA-1,0.002312589
CCTTCGATCACTTACT-1,0.0009924565
CCTTCGATCTTGAGAC-1,0.00066872593
CCTTTCTAGGCCCGTT-1,0.0005252753
CCTTTCTCAAGCGAGT-1,0.0010897001
CCTTTCTGTGATGCCC-1,0.00078466936
CCTTTCTTCAGTGCAT-1,0.0014897711
CGAACATAGAAGATTC-1,0.0003966713
CGAACATAGAAGGACA-1,0.0004393196
CGAACATAGCCAACAG-1,0.00031277034
CGAACATAGGAATCGC-1,0.0005175379
CGAACATCAAATTGCC-1,0.0010263345
CGAACATCAATAACGA-1,0.0051277755
CGAACATGTCCAACTA-1,0.008779524
CGAACATGTTATCACG-1,0.00018368507
CGAACATTCATGCAAC-1,0.0036621117
CGAACATTCCCAAGTA-1,0.0011276584
CGAACATTCCGCATAA-1,0.0014088051
CGAACATTCGATCCCT-1,0.0008904205
CGAATGTAGAGTAATC-1,0.000548582
CGAATGTAGTCATGCT-1,0.0006840208
CGAATGTCAATGGAAT-1,0.0025915015
CGAATGTCACCTTGTC-1,0.0005903486
CGAATGTCATATGAGA-1,0.0001937999
CGAATGTGTTGCTCCT-1,0.00070126157
CGAATGTTCATCATTC-1,0.0100076245
CGAATGTTCTCTGAGA-1,0.004894162
CGAATGTTCTGCGGCA-1,0.0008740017
CGACCTTGTAATCGTC-1,0.00014745133
CGACCTTGTCGAATCT-1,0.0002863067
CGACCTTGTCTCCCTA-1,0.008026561
CGACCTTTCCGTCAAA-1,0.00028739372
CGACCTTTCGCAAGCC-1,0.0014062461
CGACCTTTCGCTGATA-1,0.0023889057
CGACTTCAGATGCCAG-1,0.012734195
CGACTTCCAACGATCT-1,0.0013247271
CGACTTCCACGCGAAA-1,0.00022946182
CGACTTCCATTTCAGG-1,0.0058448673
CGACTTCGTTCCATGA-1,0.00019296401
CGACTTCTCGTGGGAA-1,0.0011181496
CGAGAAGCACACTGCG-1,0.00039249612
CGAGAAGGTTACTGAC-1,0.00036436287
CGAGAAGTCCTAGGGC-1,0.0006213888
CGAGAAGTCTCTGCTG-1,0.015857613
CGAGCACAGAACTGTA-1,0.0010858967
CGAGCACAGCAGACTG-1,0.0001516776
CGAGCACAGGAATTAC-1,0.0017235542
CGAGCACAGGTGCTAG-1,0.005527639
CGAGCACGTCATATCG-1,0.0016673958
CGAGCACGTCTCACCT-1,0.0011364813
CGAGCACGTCTTGATG-1,0.004601827
CGAGCACGTTAGGGTG-1,0.00079228735
CGAGCACTCGGAGCAA-1,0.019594306
CGAGCACTCTAACTTC-1,0.0015022393
CGAGCACTCTGCTGCT-1,0.00087323796
CGAGCCAAGTTGAGTA-1,0.002102179
CGAGCCACAACAACCT-1,7.1795286e-05
CGAGCCACATTAGGCT-1,0.00028528037
CGAGCCATCACCGGGT-1,0.002537865
CGATCGGCAGCTCGCA-1,0.00014504479
CGATCGGGTAAGGGCT-1,0.005088969
CGATCGGGTCCGTCAG-1,0.004487794
CGATCGGTCAAGGTAA-1,0.0032408666
CGATCGGTCGTCCAGG-1,0.00014547921
CGATGGCAGCTACCGC-1,0.002227204
CGATGTACACGTTGGC-1,0.00027128303
CGATGTACAGCCTTTC-1,0.0016665837
CGATGTAGTGGTGTAG-1,0.0015865072
CGATGTATCACCAGGC-1,0.0035381473
CGATTGAAGCAATATG-1,0.005308607
CGATTGAAGCGATATA-1,0.00028042292
CGATTGAAGCGATGAC-1,0.01316788
CGATTGAAGTACATGA-1,0.0020301086
CGATTGACAAGGACAC-1,0.00062558375
CGATTGAGTACTTGAC-1,0.0008227432
CGCCAAGCATGCAACT-1,0.002809848
CGCCAAGGTCATATGC-1,0.0013715363
CGCCAAGGTCGTGGCT-1,0.00056649296
CGCCAAGGTGCTGTAT-1,0.0054070516
CGCCAAGTCTGTCTAT-1,0.004716468
CGCGGTAAGCGTAGTG-1,0.00018991735
CGCGGTAAGGTGCTAG-1,0.00052779407
CGCGGTACAGCTCGAC-1,0.0012707512
CGCGGTACAGGGTATG-1,0.002307225
CGCGGTAGTAGATTAG-1,0.00081964454
CGCGGTAGTTCGGCAC-1,0.0003630075
CGCGGTATCAGATAAG-1,0.0010552016
CGCGGTATCGGCGCTA-1,0.000639523
CGCGTTTAGAGCTGGT-1,0.0011903812
CGCGTTTCACGGTTTA-1,0.00013629837
CGCGTTTGTGGCGAAT-1,0.0006198077
CGCGTTTTCAACACTG-1,0.0004540408
CGCGTTTTCCTTTACA-1,0.0007711745
CGCGTTTTCTTGAGGT-1,0.0014464065
CGCTATCAGACTCGGA-1,0.0013588268
CGCTATCAGAGGTTAT-1,0.0017831067
CGCTATCCACCTCGTT-1,0.0010409756
CGCTATCGTGTGTGCC-1,0.00036074987
CGCTATCGTTCGTGAT-1,0.00022332976
CGCTATCTCACTGGGC-1,0.00034360625
CGCTATCTCCGCATAA-1,0.0072828955
CGCTATCTCGGTGTCG-1,0.00086998614
CGCTATCTCTATGTGG-1,6.859671e-05
CGCTGGAAGTACGACG-1,0.0008690258
CGCTGGACATCCGCGA-1,0.00051958766
CGCTGGAGTCCATCCT-1,0.0003696393
CGCTGGAGTCGCGGTT-1,0.0004695734
CGCTTCAAGGGTCGAT-1,0.002887581
CGCTTCACACGAAACG-1,0.00081505167
CGCTTCACACGAAAGC-1,0.0013535027
CGCTTCATCCGGGTGT-1,0.0010776863
CGGACACAGAAGATTC-1,0.0027416104
CGGACACAGGATCGCA-1,0.00081600784
CGGACACAGGCTAGCA-1,0.0006385401
CGGACACGTCGGCTCA-1,0.00073160045
CGGACACGTGGTACAG-1,0.0001221996
CGGACGTAGACTGGGT-1,6.6170636e-05
CGGACGTAGATCCCGC-1,0.004665982
CGGACGTAGTGGAGTC-1,0.0009333814
CGGACGTGTACTCGCG-1,0.004175727
CGGACTGTCACAGGCC-1,0.00015620016
CGGACTGTCCTTTCGG-1,0.0012059315
CGGACTGTCGTATCAG-1,0.0018582746
CGGACTGTCGTTTATC-1,0.003217492
CGGAGCTCAAGACACG-1,0.0010252359
CGGAGCTCAAGTTCTG-1,0.0007545607
CGGAGTCGTTGATTGC-1,0.0005588365
CGGAGTCTCCGAATGT-1,0.002154107
CGGCTAGAGAGTAAGG-1,0.004345742
CGGCTAGAGCAGATCG-1,0.00058541837
CGGCTAGAGTTAGCGG-1,0.0002593619
CGGCTAGCAATGGATA-1,0.00027578574
CGGCTAGGTAAATACG-1,0.0001284224
CGGCTAGTCGGCTACG-1,0.0014338956
CGGGTCAAGCTGAACG-1,0.00071960245
CGGGTCACAGGAATCG-1,0.0018467054
CGGGTCAGTAAACCTC-1,0.0021721534
CGGGTCATCTTACCTA-1,0.00059804413
CGGTTAAAGGATGCGT-1,0.00059506256
CGGTTAATCAGTCAGT-1,0.0012297556
CGGTTAATCGCATGGC-1,0.00077632046
CGGTTAATCTATCCTA-1,0.00032632102
CGTAGCGCAGGGATTG-1,0.00055066904
CGTAGCGTCTGACCTC-1,0.000224396
CGTAGGCAGATAGTCA-1,0.0006610271
CGTAGGCCACCGGAAA-1,0.0028813435
CGTAGGCCAGCTGGCT-1,0.002342857
CGTAGGCGTAACGCGA-1,0.0011988839
CGTAGGCGTAGAGTGC-1,0.00032247242
CGTAGGCGTTACGTCA-1,0.0010526199
CGTAGGCTCATTGCCC-1,0.0012669835
CGTCACTAGAGACTAT-1,0.00041778045
CGTCACTAGGATGTAT-1,0.006904786
CGTCACTGTCCTCTTG-1,0.001192138
CGTCACTTCCAGATCA-1,0.00097216084
CGTCACTTCCGTAGTA-1,0.0026880037
CGTCAGGCAAGAAGAG-1,0.0005323914
CGTCAGGGTGTCTGAT-1,0.002874063
CGTCCATAGCTAACTC-1,0.002888599
CGTCCATAGCTAAGAT-1,0.0003509419
CGTCCATAGGACATTA-1,0.00080492516
CGTCCATCACGCCAGT-1,0.00073664036
CGTCCATTCTCGCATC-1,0.0003336823
CGTCTACAGTGAACAT-1,0.0004882448
CGTCTACCACAACGTT-1,0.00045182137
CGTCTACGTCTTGATG-1,0.000977281
CGTGAGCCAAGCTGAG-1,0.0015687982
CGTGAGCCAAGTTGTC-1,0.00045388108
CGTGAGCCATCGGAAG-1,0.0005580253
CGTGAGCGTACAGTGG-1,0.003260999
CGTGAGCGTGCACTTA-1,0.0010351995
CGTGAGCTCGCACTCT-1,0.0016353484
CGTGTAAAGGGTTTCT-1,0.002487611
CGTGTAAAGTCCGTAT-1,0.0026852498
CGTGTAAGTAGCTTGT-1,0.00083530776
CGTGTAAGTATGAATG-1,0.00045118842
CGTGTAATCACTTATC-1,0.0012088439
CGTGTCTCAAAGTGCG-1,0.00014594091
CGTGTCTCAGGCTGAA-1,0.0014864228
CGTGTCTGTTCGTCTC-1,0.00052626437
CGTGTCTTCCTATGTT-1,0.00019780485
CGTGTCTTCTGGCGAC-1,0.0033385416
CGTTAGACACGGATAG-1,0.0022205494
CGTTAGAGTCTAGCCG-1,0.002142343
CGTTAGATCTACGAGT-1,0.001644382
CGTTCTGAGAAGGTGA-1,0.009784724
CGTTCTGCAGTATGCT-1,0.0025711895
CGTTCTGGTTGCGTTA-1,0.0017815931
CGTTCTGGTTTGACAC-1,0.003991898
CGTTGGGCAAAGTCAA-1,0.0024804259
CGTTGGGCATCGATTG-1,0.003236722
CGTTGGGTCTACCAGA-1,0.00050753116
CTAACTTAGAAACCAT-1,0.0006450472
CTAACTTAGCCACCTG-1,0.000979701
CTAACTTAGCTAGTTC-1,0.0011213676
CTAACTTAGGCTATCT-1,0.0001273949
CTAACTTAGGTACTCT-1,0.0015457404
CTAACTTAGTGGACGT-1,0.00046172232
CTAACTTCAGCTGTAT-1,0.0025481225
CTAACTTTCATGTGGT-1,0.00087349326
CTAAGACAGAGTGAGA-1,0.0013736698
CTAAGACAGCTGCGAA-1,0.0006763306
CTAAGACAGGGATCTG-1,0.0018423592
CTAAGACAGTGAAGTT-1,0.0029023786
CTAAGACAGTTAAGTG-1,0.0010840837
CTAAGACGTAGGGTAC-1,0.0019724364
CTAAGACGTGGTGTAG-1,0.0020984747
CTAAGACTCCGTTGCT-1,0.0008401358
CTAATGGCACCTCGGA-1,0.0037062212
CTAATGGCACGAGGTA-1,0.001476902
CTAATGGCACTTAAGC-1,0.0002632828
CTAATGGCAGGATTGG-1,0.071172506
CTAATGGCATGAGCGA-1,0.001019826
CTAATGGCATTTGCCC-1,0.0003541824
CTAATGGGTAGAGCTG-1,0.00049794326
CTACACCCACATCCGG-1,0.012570125
CTACACCGTCCCTTGT-1,0.0008192724
CTACACCTCAGAAATG-1,0.00063347124
CTACACCTCGCCAGCA-1,0.001913121
CTACACCTCTGACCTC-1,0.0005181914
CTACATTAGGGCATGT-1,0.0010274979
CTACATTCACCTCGTT-1,0.0018300669
CTACATTCAGGCAGTA-1,0.00024992772
CTACATTGTAGCGATG-1,0.003031836
CTACATTGTTCCAACA-1,0.0015458791
CTACATTGTTTCGCTC-1,0.0002885987
CTACCCATCCGCGGTA-1,0.00031486555
CTACGTCCATCACGAT-1,0.00024160361
CTAGAGTAGCCCAACC-1,0.003942476
CTAGAGTAGCGCTTAT-1,0.00045573365
CTAGAGTCAAGCTGGA-1,0.00046206595
CTAGAGTCAATTCCTT-1,0.0018577703
CTAGAGTCATCACCCT-1,0.00020209714
CTAGAGTGTCCTGCTT-1,0.00084185787
CTAGAGTTCGCGATCG-1,8.0492304e-05
CTAGCCTAGGTGATTA-1,0.001982435
CTAGCCTGTATCAGTC-1,0.00045077872
CTAGCCTTCAATACCG-1,0.00016714871
CTAGCCTTCGAGCCCA-1,0.006610096
CTAGTGAAGAGAACAG-1,0.0008901484
CTAGTGAGTGCGAAAC-1,0.0025680363
CTAGTGATCACAGGCC-1,0.0011031074
CTAGTGATCATGGTCA-1,0.0015950273
CTAGTGATCGCGTTTC-1,0.0006832827
CTCACACAGGAATCGC-1,0.00057934853
CTCACACAGTACGCGA-1,0.0012317204
CTCACACCACGAAAGC-1,0.0004968616
CTCACACCATCGACGC-1,0.0020502429
CTCACACGTCCAGTGC-1,0.0011169224
CTCACACGTCTAGTCA-1,0.00039979172
CTCACACGTGTTCTTT-1,0.0004769813
CTCACACTCAGAGGTG-1,0.0023203886
CTCACACTCATCGCTC-1,0.0022737419
CTCACACTCCACGAAT-1,0.0005272788
CTCACACTCTGCTGTC-1,0.00039975662
CTCAGAAAGAAACGCC-1,0.00023849739
CTCAGAAAGAAGATTC-1,0.0027740512
CTCAGAAAGCCAGTTT-1,0.0007198568
CTCAGAAGTACCGAGA-1,0.0007650799
CTCAGAAGTCTCACCT-1,0.0015964676
CTCAGAAGTGCCTGGT-1,0.00072528236
CTCAGAAGTTAAGACA-1,0.0011698242
CTCAGAATCATGTCTT-1,0.0039169644
CTCAGAATCGCGCCAA-1,0.006139702
CTCATTAAGATCGGGT-1,0.0009722594
CTCATTACAATGGAGC-1,0.0010214987
CTCATTACATTTGCTT-1,0.0009865916
CTCATTAGTAGCGTAG-1,0.0024532403
CTCATTAGTCTCTCGT-1,7.2507314e-06
CTCATTAGTGCTCTTC-1,0.0007831172
CTCATTAGTTACCAGT-1,0.00040677917
CTCCTAGAGAAGCCCA-1,0.0047722347
CTCCTAGCACATTAGC-1,0.0014124586
CTCCTAGCATCGGTTA-1,0.0017531768
CTCCTAGGTACTTGAC-1,0.0018632483
CTCCTAGGTAGTAGTA-1,0.001651961
CTCCTAGTCCGAAGAG-1,0.0027292615
CTCCTAGTCTCACATT-1,9.228727e-05
CTCGAAAGTACAGTGG-1,0.0021442103
CTCGAAAGTGCCTGTG-1,0.00082606386
CTCGAAAGTTGGTTTG-1,0.000444037
CTCGAAATCACAACGT-1,0.002287987
CTCGAAATCCAGATCA-1,0.001196891
CTCGAGGAGATCTGCT-1,0.00013212777
CTCGAGGAGGGAAACA-1,0.00035409228
CTCGAGGAGGTGCACA-1,0.001289006
CTCGAGGCAGCTGGCT-1,0.00094237016
CTCGAGGGTAGGGACT-1,0.00019519747
CTCGGAGAGGACAGAA-1,0.0015319809
CTCGGAGAGTAATCCC-1,0.0002220944
CTCGGAGCATCCGCGA-1,0.0025130552
CTCGGGAAGAAAGTGG-1,0.0017107034
CTCGGGACACATCCAA-1,0.00052152335
CTCGGGACACGTGAGA-1,0.0013736105
CTCGGGACAGCTTCGG-1,0.001529073
CTCGGGATCTCTGAGA-1,0.0002756591
CTCGTACAGCAATATG-1,0.0012888612
CTCGTACAGCTGCCCA-1,0.00060318934
CTCGTACAGTTATCGC-1,0.0016158446
CTCGTACCACACTGCG-1,0.0008231632
CTCGTACCAGGTCCAC-1,0.00031650445
CTCGTACTCACTCCTG-1,0.0011771418
CTCGTCAAGGAGTTTA-1,0.007488842
CTCGTCAAGTGAAGTT-1,0.002827093
CTCGTCACAATACGCT-1,0.00040548787
CTCGTCACACGGACAA-1,0.000311686
CTCGTCACAGTCGATT-1,0.0012348413
CTCGTCAGTAAGTAGT-1,0.0021730915
CTCGTCAGTATTCTCT-1,0.0032834671
CTCGTCAGTCAGAAGC-1,0.0047520082
CTCGTCATCAACGGCC-1,0.0007809799
CTCGTCATCTACTATC-1,0.0037041665
CTCTAATAGAAGGTTT-1,5.8565143e-05
CTCTAATTCCAGTATG-1,0.00018214874
CTCTACGAGATATGGT-1,0.00019608001
CTCTACGAGCTACCTA-1,0.00064406515
CTCTACGCAGATGGCA-1,0.0035770626
CTCTACGGTTGAGGTG-1,0.002457177
CTCTACGGTTGCGTTA-1,0.00091739063
CTCTGGTAGCATCATC-1,0.0017749139
CTCTGGTGTAGATTAG-1,0.0016934689
CTCTGGTGTCTGATTG-1,0.0045807185
CTCTGGTGTTAGGGTG-1,0.0012358506
CTCTGGTTCAGCAACT-1,0.0004364035
CTCTGGTTCCCAACGG-1,0.00021376822
CTGAAACAGGAGTCTG-1,0.005377333
CTGAAACCAATCTACG-1,0.00054087135
CTGAAACCACACCGCA-1,0.0010926506
CTGAAACCATCCGTGG-1,0.0038098672
CTGAAACTCCTGCTTG-1,0.00021074768
CTGAAACTCGAGAACG-1,0.0011567732
CTGAAGTCAAATTGCC-1,8.7503526e-05
CTGAAGTGTAGGCATG-1,0.0007999807
CTGAAGTGTTTCCACC-1,0.0017553502
CTGAAGTTCACCTCGT-1,0.0008252713
CTGATAGAGGTGCTAG-1,0.009607103
CTGATAGGTAGAGGAA-1,0.007344199
CTGATAGGTTGCTCCT-1,0.0029384238
CTGATCCAGCCTATGT-1,0.0014435281
CTGATCCAGGGCTCTC-1,0.00052458345
CTGATCCAGTGAAGAG-1,0.0024306525
CTGATCCTCTGTACGA-1,0.006886568
CTGCCTAAGACTGTAA-1,0.00046148733
CTGCCTAAGGTAGCTG-1,0.00020814654
CTGCCTACAAGACGTG-1,0.00085680647
CTGCCTACAGTCGATT-1,0.00047705253
CTGCCTAGTCATATCG-1,0.00048333913
CTGCCTAGTGAGGCTA-1,0.00016808155
CTGCCTAGTGAGTATA-1,0.00040799883
CTGCCTATCCCTTGTG-1,0.007965159
CTGCGGAAGAAACGAG-1,0.0010220672
CTGCGGACACGAAACG-1,0.002973558
CTGCGGACACTTAACG-1,0.00015298091
CTGCGGACATCCGCGA-1,0.00017940969
CTGCGGAGTCAATGTC-1,0.0007136063
CTGCGGAGTCCCGACA-1,0.0022078725
CTGCGGAGTTATCACG-1,0.0071421433
CTGCGGATCGACAGCC-1,0.0010817213
CTGCTGTAGGGAGTAA-1,0.001395514
CTGCTGTCAAACTGTC-1,0.002591405
CTGCTGTCAGGTGCCT-1,0.00039798176
CTGCTGTCATCCCACT-1,0.0028906295
CTGCTGTGTCGCTTTC-1,0.0023921982
CTGCTGTTCAAAGACA-1,0.00078636897
CTGCTGTTCCCTTGCA-1,0.0013450095
CTGCTGTTCCGTCATC-1,0.0058573605
CTGGTCTGTGTAATGA-1,0.0034964606
CTGGTCTGTTAAGACA-1,0.0015901624
CTGGTCTTCCGTCAAA-1,0.00066150166
CTGGTCTTCCTTAATC-1,0.0025285247
CTGTGCTAGGGATCTG-1,0.0012351684
CTGTGCTAGGTACTCT-1,0.0028891293
CTGTGCTCATAGAAAC-1,0.000355866
CTGTGCTGTAGCGTAG-1,0.00022283057
CTGTGCTTCCTAGAAC-1,0.00055876834
CTGTTTAAGGTCATCT-1,0.0007837312
CTGTTTACAATCTGCA-1,0.0010696477
CTGTTTATCCCATTAT-1,0.001695308
CTGTTTATCCTTGACC-1,0.00064226263
CTTAACTAGTGTACCT-1,0.0013110951
CTTAACTTCATAAAGG-1,0.0057640374
CTTACCGAGAGTTGGC-1,0.0020710654
CTTACCGAGGTAAACT-1,0.0008961139
CTTACCGAGTGTCCAT-1,0.00070982816
CTTACCGCAAGGACTG-1,0.00035232535
CTTACCGCATCACAAC-1,0.0005138158
CTTACCGGTTTGTTTC-1,0.00016145328
CTTAGGACACAAGCCC-1,0.002121392
CTTAGGACACTAGTAC-1,0.00046526568
CTTAGGAGTCTCTTAT-1,0.0034285355
CTTAGGATCTGTACGA-1,0.002265125
CTTCTCTAGACTGTAA-1,0.00026776094
CTTCTCTAGATGTTAG-1,0.00064293615
CTTCTCTCAGTCAGCC-1,0.0006423608
CTTCTCTGTTCGTTGA-1,0.00046021666
CTTCTCTGTTTGACAC-1,0.0008363854
CTTCTCTTCCAGAAGG-1,0.0035217814
CTTGGCTAGTTAGCGG-1,0.0009259268
CTTGGCTGTACTTAGC-1,0.0017344783
CTTGGCTGTGTCGCTG-1,0.000815008
CTTTGCGAGTACGACG-1,0.00026663757
CTTTGCGCAATAAGCA-1,0.006555537
CTTTGCGGTCTCTCTG-1,0.0010051078
GAAACTCAGCTAACAA-1,0.0003790412
GAAACTCAGCTAGTCT-1,0.00030251674
GAAACTCAGCTCCCAG-1,0.0017403676
GAAACTCAGGCTAGAC-1,4.608903e-05
GAAACTCAGTACGTTC-1,0.0014571934
GAAACTCAGTGTTGAA-1,0.0008065861
GAAACTCCAATGGAGC-1,0.0008674557
GAAACTCCAGGCGATA-1,0.0005465176
GAAACTCCATCTACGA-1,0.001119868
GAAACTCGTAGCCTCG-1,0.046578363
GAAACTCGTGCTGTAT-1,0.000318032
GAAACTCTCAGTTCGA-1,0.0011762122
GAAATGAAGGACCACA-1,0.0011201954
GAAATGAAGTGTCCAT-1,0.00015394881
GAAATGAAGTTGTAGA-1,0.00093895406
GAAATGAGTCCTAGCG-1,0.0010883065
GAAATGATCGCCGTGA-1,0.0009965878
GAAATGATCTTACCGC-1,0.00095253426
GAACATCAGTATCGAA-1,0.0011229138
GAACATCCAAAGGCGT-1,0.0026147244
GAACATCCAAATACAG-1,0.0031487893
GAACATCCAGGGTTAG-1,0.00076783716
GAACATCGTAGGCATG-1,0.0033062694
GAACCTAAGTCCATAC-1,0.019587122
GAACCTAAGTTAGGTA-1,0.00043789743
GAACCTACAAGCCTAT-1,0.004794106
GAACCTAGTGCACGAA-1,0.0005721908
GAACCTATCGCCAAAT-1,0.0018462619
GAACCTATCGGCTACG-1,0.003945731
GAACCTATCTGACCTC-1,0.0023419803
GAACCTATCTTACCGC-1,0.0004230724
GAACGGACAGACAAAT-1,0.0019136688
GAACGGAGTGTGACCC-1,0.014569617
GAACGGAGTGTGGTTT-1,0.0015199725
GAACGGAGTTTGGGCC-1,0.0004403187
GAACGGATCAACCATG-1,0.00036396203
GAACGGATCACTTATC-1,7.895871e-05
GAAGCAGAGGCTAGAC-1,0.00079890375
GAAGCAGAGTCAAGGC-1,0.0012246141
GAAGCAGCAGCTCGCA-1,0.00055984873
GAAGCAGGTATCACCA-1,0.20157112
GAAGCAGTCAGATAAG-1,0.0011824163
GAAGCAGTCTATCCCG-1,0.0006968131
GAATAAGAGAACTGTA-1,0.00064653397
GAATAAGAGTTAGGTA-1,0.00014762284
GAATAAGTCACAGGCC-1,0.0014509596
GAATAAGTCCTGCTTG-1,0.0011759342
GAATGAAAGCAATATG-1,0.00091837824
GAATGAACACGGCCAT-1,0.0009101385
GAATGAACAGCTTCGG-1,0.00028375068
GAATGAACATAAAGGT-1,0.001601342
GAATGAACATACAGCT-1,0.012651651
GACACGCCAGACACTT-1,0.0010210171
GACACGCCATCGACGC-1,0.0034015072
GACACGCGTTAAGGGC-1,7.255785e-05
GACACGCTCCCATTTA-1,0.00020032893
GACACGCTCTCATTCA-1,0.0027371051
GACACGCTCTTTACGT-1,0.0024217411
GACAGAGGTTAAGACA-1,0.013845361
GACAGAGTCACATAGC-1,0.0010003936
GACAGAGTCAGCATGT-1,0.002005319
GACAGAGTCGGAGCAA-1,0.007957128
GACCAATAGCGTTTAC-1,0.008497117
GACCAATAGTCAATAG-1,0.024950448
GACCAATGTACAAGTA-1,0.0019413211
GACCAATTCTGGTGTA-1,0.0016728945
GACCTGGAGCTTTGGT-1,0.00018792124
GACCTGGCAAAGGTGC-1,0.0002486068
GACCTGGCAGGGAGAG-1,0.0025564926
GACCTGGGTGTGAATA-1,0.0004472588
GACGCGTAGAATGTGT-1,0.0017788993
GACGCGTCAACGCACC-1,0.0007432275
GACGCGTCAAGTCATC-1,0.0006393604
GACGCGTGTGGTCCGT-1,0.00040639302
GACGCGTTCCTAAGTG-1,0.0012391371
GACGGCTAGTTTCCTT-1,0.0008939914
GACGGCTGTCGACTAT-1,0.003899658
GACGGCTTCACAGGCC-1,0.0006746601
GACGGCTTCCCAAGTA-1,0.0006254273
GACGGCTTCGGTGTCG-1,0.0008233855
GACGTGCAGAGAGCTC-1,0.0014668681
GACGTGCAGAGATGAG-1,0.00327835
GACGTGCCAGCTCGAC-1,0.0033044047
GACGTGCGTCTGCGGT-1,0.0016636491
GACGTGCTCAGCTCTC-1,0.0017006104
GACGTGCTCATCGATG-1,0.00040142532
GACGTGCTCCACTGGG-1,0.00012970256
GACGTTAAGCCGCCTA-1,0.0032609075
GACGTTAAGTAGCGGT-1,0.002076366
GACGTTAAGTCAATAG-1,0.0006067543
GACGTTACAACACCTA-1,0.00051501155
GACGTTACAAGGTTCT-1,0.0012836767
GACGTTAGTAACGCGA-1,0.00043837348
GACGTTATCCACGACG-1,0.0036480408
GACTAACAGAGCTGGT-1,9.509853e-05
GACTAACGTAAGCACG-1,0.0018110506
GACTAACGTACGACCC-1,0.0031794754
GACTAACTCCAAACTG-1,0.00040014138
GACTACACATAAAGGT-1,0.0027752533
GACTACAGTAACGTTC-1,0.0019578629
GACTACAGTAGTAGTA-1,0.00064538815
GACTACATCATGCATG-1,0.00014945734
GACTGCGAGCTGTTCA-1,0.0048211743
GACTGCGCACAGCCCA-1,0.0010993326
GACTGCGGTTGGTTTG-1,0.002149557
GAGCAGAAGTTGAGTA-1,0.00048075174
GAGCAGATCCTTTCTC-1,0.0004478829
GAGCAGATCGCCAGCA-1,0.010511107
GAGGTGAAGAATGTGT-1,0.0029006568
GAGGTGAAGAGTAAGG-1,0.00094637997
GAGGTGACACGCTTTC-1,0.00037072555
GAGGTGATCACCCTCA-1,0.003228386
GAGTCCGAGCCAGAAC-1,0.004520754
GAGTCCGAGTACTTGC-1,0.0010657532
GAGTCCGGTATGAATG-1,0.009319913
GAGTCCGTCAGCTCTC-1,0.0009304871
GAGTCCGTCCTTTCTC-1,0.005660137
GAGTCCGTCGTTGACA-1,0.0013737932
GATCAGTAGATGCCTT-1,0.000550966
GATCAGTAGGAGTACC-1,0.00012999953
GATCAGTCAAGGACTG-1,0.0003722119
GATCAGTCAAGTAGTA-1,0.009402008
GATCAGTGTCGCATCG-1,0.0037936294
GATCAGTTCCAGATCA-1,0.0002493463
GATCAGTTCGGCTTGG-1,0.0010389301
GATCGATAGACAAAGG-1,0.0005203516
GATCGATAGATGGGTC-1,0.0006035352
GATCGATAGATGTGGC-1,0.00036251347
GATCGCGCAAAGTGCG-1,0.0025319217
GATCGCGGTAAACCTC-1,0.0017628109
GATCGCGGTTCCGGCA-1,0.00024794062
GATCGCGTCACTTACT-1,0.00067912095
GATCGCGTCAGGCGAA-1,0.0009145198
GATCGTAAGATATGGT-1,0.0021378126
GATCGTAAGGCTATCT-1,0.000765984
GATCGTAAGTATCGAA-1,0.008493988
GATCGTACATTCCTCG-1,0.0004129328
GATCGTAGTGAAATCA-1,0.00050122145
GATCTAGAGAGATGAG-1,0.0003964967
GATCTAGAGAGGTTGC-1,0.0016474732
GATCTAGAGGGCTTCC-1,0.00083236356
GATCTAGCACGGTGTC-1,0.0005537604
GATCTAGGTAAATGTG-1,0.0035960472
GATCTAGGTCGCTTCT-1,0.0016996432
GATCTAGTCATTGCCC-1,0.0019284217
GATGAAAAGTATGACA-1,0.0023688402
GATGAAACAAGAAAGG-1,0.0011608759
GATGAAACACCCAGTG-1,0.001530105
GATGAAACATTGTGCA-1,0.0012669687
GATGAAATCGAATCCA-1,0.004475167
GATGAGGAGAGACTTA-1,0.0010393872
GATGAGGCAACGATGG-1,0.0011990331
GATGAGGGTAAGTGTA-1,0.00035855244
GATGAGGGTGAGCGAT-1,0.00064176024
GATGAGGTCCAGATCA-1,0.0027560527
GATGAGGTCGAGAACG-1,0.02537926
GATGCTAAGATCCTGT-1,0.00069597334
GATGCTAAGTCATGCT-1,0.00037284518
GATGCTACACAGCGTC-1,0.0018850948
GATGCTACAGTTCCCT-1,0.0008778959
GATGCTAGTCTCCATC-1,0.0010865052
GATGCTAGTTCTGTTT-1,0.0038404416
GATTCAGGTTGATTCG-1,0.002486763
GATTCAGTCATGCATG-1,0.00012707392
GATTCAGTCATGTCTT-1,0.002240481
GCAAACTAGAGAGCTC-1,0.0014785775
GCAAACTAGAGTGAGA-1,0.00042623692
GCAAACTCAAATCCGT-1,0.004030838
GCAAACTCAAGCGTAG-1,0.00028773438
GCAAACTCACGTAAGG-1,0.0014550934
GCAAACTCATCCGTGG-1,0.0012643874
GCAAACTGTAATCGTC-1,0.0027482389
GCAAACTGTGCGGTAA-1,0.009904132
GCAAACTTCCTAGTGA-1,0.0016778121
GCAAACTTCTACCAGA-1,0.0012410711
GCAATCAGTAATCGTC-1,0.0023404185
GCAATCAGTAGGGTAC-1,0.00027525105
GCAATCATCAGCACAT-1,0.000831461
GCAATCATCCACGACG-1,0.0025156378
GCAATCATCGTCTGAA-1,0.0009714599
GCAATCATCGTTTGCC-1,0.00045292368
GCACATAAGACTACAA-1,0.00011524834
GCACATAAGTTGCAGG-1,0.008230949
GCACTCTAGGAGTCTG-1,0.00085054495
GCACTCTAGGCATGTG-1,0.00022341881
GCACTCTAGTGTACCT-1,0.00016473501
GCACTCTCAAAGTGCG-1,0.003928161
GCACTCTCAAGCCCAC-1,0.0014146474
GCACTCTCAGCTGTAT-1,0.0013694263
GCACTCTGTCATGCAT-1,0.00085116446
GCACTCTTCCTATGTT-1,0.00022187049
GCAGCCAAGGTGCTTT-1,0.029383658
GCAGCCACACACTGCG-1,0.00042568153
GCAGCCACAGTATGCT-1,0.00052276347
GCAGCCACATTCGACA-1,0.0018881627
GCAGCCAGTCAAACTC-1,0.0008327549
GCAGCCATCAAACCGT-1,0.001134341
GCAGCCATCACCGTAA-1,0.0016607816
GCAGCCATCATACGGT-1,0.0010801964
GCAGTTAAGAAGCCCA-1,0.00077711936
GCAGTTAAGGTCATCT-1,0.0013581382
GCAGTTAAGTCTTGCA-1,0.0003008436
GCAGTTACAAACAACA-1,0.00056645856
GCATACAAGTGTTGAA-1,0.0013059524
GCATACAAGTTACGGG-1,0.00030214686
GCATACATCACCATAG-1,0.00143404
GCATGATAGGCTCATT-1,0.0009454444
GCATGATAGGCTCTTA-1,0.0028628432
GCATGATAGTTCGCAT-1,0.00033972578
GCATGATCAGGACGTA-1,0.00026984775
GCATGATGTATCTGCA-1,0.00043177864
GCATGATGTCTACCTC-1,0.0012166403
GCATGATTCAACCATG-1,0.00039286865
GCATGATTCCGCATAA-1,0.0003542092
GCATGCGAGCCCGAAA-1,0.00033206758
GCATGCGGTAGGAGTC-1,0.00047706015
GCATGCGTCGCATGAT-1,0.0004117684
GCATGCGTCGGAAACG-1,0.00046531414
GCATGCGTCTTGTCAT-1,0.0001676423
GCATGTAAGCGATGAC-1,0.003442878
GCATGTACAACAACCT-1,0.0008442927
GCATGTACAATCTGCA-1,0.0012904056
GCATGTACACACCGAC-1,0.0004377641
GCATGTACACGTCAGC-1,0.0004022808
GCATGTACAGACAAGC-1,0.00039597362
GCATGTAGTACTTAGC-1,0.00058439345
GCATGTATCGCCAAAT-1,0.0074182684
GCCAAATAGGCAGTCA-1,0.00019530949
GCCAAATCAAGCCTAT-1,0.0011738584
GCCAAATCAGCATACT-1,0.0046497416
GCCAAATCATGCCCGA-1,0.0034243746
GCCAAATGTATAGGGC-1,0.004673701
GCCAAATTCAATCTCT-1,0.00056865567
GCCAAATTCCACTGGG-1,0.0008170017
GCCAAATTCGAGAACG-1,0.00013588178
GCCAAATTCTAACTCT-1,0.0001479361
GCCAAATTCTAAGCCA-1,0.0020456195
GCCTCTAAGCCACGTC-1,0.0007098894
GCCTCTACAAGCGATG-1,0.0021992254
GCCTCTACAGACTCGC-1,0.0017084726
GCCTCTATCCTTTACA-1,0.00019498727
GCCTCTATCTTCCTTC-1,0.0025765353
GCGACCACACTTAAGC-1,0.000681151
GCGACCAGTTCGTGAT-1,0.00019289245
GCGACCAGTTGGGACA-1,0.008587686
GCGAGAAAGAACTCGG-1,0.001973119
GCGAGAAAGTACGCCC-1,0.0037134667
GCGAGAACAAACCTAC-1,0.0013156207
GCGAGAAGTGAGTGAC-1,0.00028489574
GCGCAACAGAAGGTGA-1,0.0011385133
GCGCAACAGCATCATC-1,0.0003018634
GCGCAACGTGTCAATC-1,0.007530591
GCGCAACTCAACACTG-1,0.0006848677
GCGCAACTCTGTTGAG-1,0.004843029
GCGCAGTAGAGAACAG-1,0.0033067425
GCGCAGTCACTTCGAA-1,0.0075510466
GCGCAGTCAGCTTCGG-1,0.00067267835
GCGCAGTTCACGAAGG-1,0.0015037244
GCGCCAAAGCCAGGAT-1,0.0008649036
GCGCCAACAATGCCAT-1,0.0018224143
GCGCCAACACTTCTGC-1,0.0004040166
GCGCCAATCCCATTTA-1,0.001347379
GCGCGATAGGGCTCTC-1,0.0007951111
GCGCGATAGTGGTAAT-1,0.0011272687
GCGCGATTCATGTGGT-1,0.00091086974
GCGCGATTCCTAAGTG-1,0.00031131972
GCGGGTTCAAGAAGAG-1,0.0020450384
GCGGGTTCAAGTAGTA-1,0.0014102892
GCGGGTTCACAGCCCA-1,0.00021821166
GCGGGTTTCGTCCGTT-1,0.001670435
GCGGGTTTCTTGCCGT-1,0.0027069564
GCTCCTACACAGACAG-1,0.003206999
GCTCCTAGTACCGGCT-1,0.00016686584
GCTCCTATCAAAGTAG-1,0.0008114025
GCTCCTATCTCTAAGG-1,0.0011852094
GCTCTGTAGAGCCTAG-1,0.0019004281
GCTCTGTAGAGGACGG-1,0.0021949538
GCTCTGTAGCTCTCGG-1,0.0010164271
GCTCTGTAGTCCGGTC-1,0.0010408349
GCTCTGTGTAAACGCG-1,0.00042491243
GCTCTGTGTAGCGCTC-1,0.000833946
GCTCTGTTCGGATGTT-1,0.010677487
GCTGCAGAGGATGGAA-1,0.00043181854
GCTGCAGCACTTCTGC-1,0.0008563704
GCTGCAGCATTAGGCT-1,0.001295897
GCTGCAGGTCCAGTTA-1,0.00043759667
GCTGCAGTCTAACTCT-1,0.013970448
GCTGCGACAACCGCCA-1,0.00018841463
GCTGCGACAGAGCCAA-1,0.0006718123
GCTGCGAGTAGGCATG-1,0.0005320494
GCTGCGATCTTCGAGA-1,0.0007707673
GCTGCTTTCCGCGGTA-1,0.00039535348
GCTGCTTTCGGGAGTA-1,0.0038465853
GCTTCCAAGCTAGTGG-1,0.0012681156
GCTTCCAAGTTTCCTT-1,0.0033918803
GCTTCCACAGGATCGA-1,0.0018518734
GCTTCCACATTCGACA-1,0.001089138
GCTTCCAGTAGAGGAA-1,0.0016754987
GCTTCCAGTTACAGAA-1,0.00039449095
GCTTCCAGTTAGATGA-1,0.0006764136
GCTTGAAAGATATGCA-1,0.00042133767
GCTTGAAAGATGTTAG-1,0.0011861594
GCTTGAAAGGGCTCTC-1,0.0017610611
GCTTGAAGTAGAGCTG-1,0.0006975202
GCTTGAATCACTATTC-1,0.00077081606
GCTTGAATCCTGCAGG-1,0.0048527117
GGAACTTAGCCCAACC-1,0.0012053514
GGAACTTCATAGTAAG-1,0.0015367691
GGAACTTTCAAGATCC-1,0.0084007
GGAACTTTCCAGGGCT-1,0.00037041202
GGAACTTTCCCGACTT-1,0.00076139945
GGAACTTTCCCTAATT-1,0.00042657473
GGAATAAAGGGAGTAA-1,0.00045381425
GGAATAACACCGTTGG-1,0.00083841966
GGAATAACACTAAGTC-1,0.0045508756
GGAATAACAGATGAGC-1,0.0010480091
GGAATAAGTGGTTTCA-1,0.00050481595
GGAATAATCGTACGGC-1,0.0011683777
GGAATAATCTAGAGTC-1,0.0019719105
GGACAAGCAGACACTT-1,0.0011639181
GGACAAGGTAGCTCCG-1,0.00023057275
GGACAAGGTTTGACAC-1,0.0010030742
GGACAAGTCCTTAATC-1,0.0009550708
GGACAGACAACTGCTA-1,0.00019685621
GGACAGACAATGTAAG-1,0.0002800265
GGACAGATCACAGGCC-1,0.004760972
GGACAGATCCGAGCCA-1,0.0008419429
GGACAGATCCGTTGCT-1,0.0027927721
GGACATTAGATAGTCA-1,0.00030484088
GGACATTCAACGATGG-1,0.00056380755
GGACATTCACACTGCG-1,0.00083915424
GGACATTCATATGAGA-1,2.447556e-05
GGACATTTCAACACAC-1,0.0004191983
GGACATTTCCCAAGTA-1,0.0013778156
GGACATTTCCGTTGCT-1,0.001610635
GGACGTCAGGGTATCG-1,0.00040837916
GGACGTCCATGCAATC-1,0.0027141557
GGACGTCTCCGTCATC-1,0.0007455402
GGACGTCTCGACCAGC-1,0.003789777
GGACGTCTCTGACCTC-1,0.06278891
GGAGCAACACTACAGT-1,0.016882667
GGAGCAAGTTCCTCCA-1,0.0031620837
GGAGCAAGTTGTGGCC-1,0.0021203407
GGAGCAATCCTCAATT-1,0.000437707
GGATGTTAGCACCGCT-1,0.00044711021
GGATGTTAGTGCAAGC-1,0.00020369174
GGATGTTTCAAGCCTA-1,0.002654191
GGATGTTTCAGTTTGG-1,0.0017634815
GGATTACAGACCTAGG-1,0.00028270567
GGATTACAGGTGCTTT-1,0.00080696575
GGATTACGTCAAACTC-1,0.0035843416
GGATTACTCCAGAAGG-1,0.0036785775
GGATTACTCGCCATAA-1,0.00026875944
GGATTACTCGCGGATC-1,0.0004368524
GGCAATTCACCGGAAA-1,0.000273864
GGCAATTGTAGGCATG-1,0.0041159643
GGCAATTGTGATAAAC-1,0.00040714684
GGCAATTTCCTGTAGA-1,0.00020916184
GGCAATTTCTAGCACA-1,0.000839864
GGCAATTTCTGGAGCC-1,8.141336e-05
GGCCGATAGAAGGGTA-1,0.0012686916
GGCCGATAGAAGGTTT-1,0.0006434749
GGCGACTAGTTGAGAT-1,2.7717642e-05
GGCGACTCACACAGAG-1,0.00014532782
GGCGACTCACGGCCAT-1,0.0012497028
GGCGACTGTACCGTAT-1,0.0057919235
GGCGACTGTGCGAAAC-1,0.005403759
GGCGTGTGTACTTCTT-1,0.0008002223
GGCGTGTTCTGATTCT-1,0.0018730015
GGCTCGAAGGAATGGA-1,0.002304658
GGCTCGACACCAACCG-1,0.00079901563
GGCTCGACATTCGACA-1,0.0025300502
GGCTCGAGTCCAAGTT-1,0.0037168348
GGCTCGAGTTCGGGCT-1,0.001622511
GGCTCGATCCAAATGC-1,0.0019668117
GGCTCGATCGAGCCCA-1,0.00045103853
GGCTGGTAGTGACATA-1,0.0017344503
GGCTGGTCAAGCGCTC-1,0.00016578882
GGCTGGTGTACGAAAT-1,0.00048134694
GGCTGGTTCAGAGGTG-1,0.00026306044
GGCTGGTTCCAAGTAC-1,0.00080753973
GGCTGGTTCCCATTTA-1,0.0044196406
GGGAATGAGACACGAC-1,0.00053612207
GGGAATGAGGAGTCTG-1,0.00037176718
GGGAATGAGGTGTGGT-1,0.0009722296
GGGAATGGTTATCGGT-1,0.00041821707
GGGACCTAGCAAATCA-1,0.00022590924
GGGACCTGTCATCCCT-1,0.0025731726
GGGACCTGTTGCCTCT-1,0.0017639978
GGGACCTTCAGCTCGG-1,0.0011111527
GGGAGATAGGTAAACT-1,0.0019973193
GGGAGATAGTTCCACA-1,0.002149449
GGGAGATCAGGTCCAC-1,0.002914949
GGGAGATCATCGGTTA-1,0.0064270603
GGGAGATGTTACTGAC-1,0.0010008828
GGGAGATTCAAGGTAA-1,0.003102066
GGGATGAGTCTACCTC-1,0.0011382686
GGGATGATCTATCGCC-1,0.0003184674
GGGCACTAGCTGGAAC-1,0.0021240388
GGGCACTAGTACACCT-1,0.0019908606
GGGCACTAGTAGTGCG-1,0.0017354763
GGGCACTCAAGGTTTC-1,0.00011739555
GGGCACTGTAACGCGA-1,0.005203017
GGGCACTGTCATCCCT-1,0.0055188406
GGGCACTTCGGTTAAC-1,0.007872686
GGGCACTTCGTTTATC-1,0.0022816302
GGGCACTTCTGAAAGA-1,0.003034692
GGGCACTTCTTAGAGC-1,0.001974605
GGGCATCAGGCGCTCT-1,0.00056669704
GGGCATCAGGGCTTGA-1,0.00026834177
GGGCATCTCACATACG-1,0.009333255
GGGCATCTCAGTACGT-1,0.0023081372
GGGCATCTCTCAACTT-1,0.001366889
GGGTCTGAGAAGCCCA-1,0.00023353333
GGGTCTGAGACTAAGT-1,0.0002836822
GGGTCTGGTCCATGAT-1,0.0028508517
GGGTCTGGTGCGAAAC-1,0.0021142296
GGGTCTGGTGTGAAAT-1,0.00030800106
GGGTCTGGTTCTGAAC-1,0.0015895447
GGGTCTGTCCCGGATG-1,0.0015311814
GGGTTGCAGGACTGGT-1,0.0011783403
GGTATTGAGCTACCGC-1,0.000874988
GGTATTGAGGACATTA-1,0.001043416
GGTGAAGAGATATACG-1,0.00026862035
GGTGAAGAGCCTTGAT-1,0.00028753237
GGTGAAGAGTACACCT-1,0.014078294
GGTGAAGCAAACTGTC-1,0.0011332817
GGTGAAGCAAAGGTGC-1,0.0098685045
GGTGAAGCAATAAGCA-1,0.0013362212
GGTGAAGCACACCGAC-1,0.00046073736
GGTGAAGCAGTATAAG-1,0.008946126
GGTGAAGGTGCCTGTG-1,0.00031405824
GGTGAAGTCCCGACTT-1,0.0003021011
GGTGCGTAGAGCTATA-1,0.0109656155
GGTGCGTAGAGGACGG-1,0.0015453554
GGTGTTAAGGGTTTCT-1,0.0004906618
GGTGTTATCTAGAGTC-1,0.010019913
GTAACGTAGTCCATAC-1,0.0013777827
GTAACGTCATTCACTT-1,0.0030840922
GTAACGTGTAAGTTCC-1,0.0028633466
GTAACGTGTACTTAGC-1,0.0028193656
GTAACTGAGCAATCTC-1,0.002128217
GTAACTGAGTAGATGT-1,0.00085463165
GTAACTGCAAAGTGCG-1,0.0010119803
GTAACTGCATGGGAAC-1,0.001649977
GTAACTGGTAACGACG-1,0.0020715187
GTAACTGGTCCCGACA-1,0.002307298
GTAACTGGTCGAGATG-1,0.01242864
GTAACTGTCCAACCAA-1,0.0001918687
GTACGTAAGGACACCA-1,0.01308903
GTACGTACAAAGTCAA-1,0.0019486208
GTACGTAGTGCAGTAG-1,0.0004332309
GTACGTAGTGGTCTCG-1,0.0015644432
GTACGTAGTTTAGGAA-1,0.0015936472
GTACGTATCTCTTGAT-1,0.00019921751
GTACTCCAGATCCCGC-1,8.730136e-05
GTACTCCAGCTGCGAA-1,0.00087007065
GTACTCCAGGTGATAT-1,0.0005226488
GTACTCCCACAGCGTC-1,0.0001148764
GTACTCCGTCGACTGC-1,0.00087950344
GTACTCCTCAACACTG-1,0.00056954834
GTACTCCTCATGTAGC-1,6.559423e-05
GTACTCCTCTATCGCC-1,0.00036788816
GTACTCCTCTTACCTA-1,0.00059306953
GTACTTTAGAGGTACC-1,0.00089162297
GTACTTTCACATAACC-1,0.00034297508
GTACTTTCACGGCTAC-1,0.005397523
GTACTTTCAGACACTT-1,0.002644264
GTAGGCCAGCTGCAAG-1,0.002414757
GTAGGCCCAGCCTATA-1,0.0017460256
GTAGGCCTCACATAGC-1,0.00029940635
GTAGGCCTCCCTGACT-1,0.0024205623
GTAGTCATCCGAACGC-1,0.0010272217
GTATCTTAGTGTCTCA-1,0.0010883097
GTATCTTCACGGTAAG-1,0.00053473335
GTATCTTCATGAAGTA-1,0.0031514051
GTATCTTCATGGATGG-1,0.0007800607
GTATTCTAGCCACGTC-1,0.00021536827
GTATTCTAGCCAGTTT-1,0.00072954653
GTATTCTCAATGGTCT-1,0.00048711343
GTATTCTCACGCATCG-1,0.0015184381
GTATTCTGTCTCTCTG-1,0.015934683
GTATTCTGTGCTGTAT-1,0.00042489232
GTATTCTGTGTCCTCT-1,0.0022794458
GTCAAGTAGAGCCCAA-1,0.002388258
GTCAAGTCATTTCAGG-1,0.0005112849
GTCAAGTTCCACTGGG-1,0.003133957
GTCAAGTTCCGTAGGC-1,0.0010784973
GTCACAAAGGCAAAGA-1,0.0001438334
GTCACAAGTCGCCATG-1,0.0011212836
GTCACAAGTTGTACAC-1,0.00015777083
GTCACAAGTTTAGGAA-1,0.01145816
GTCACAATCAGCGACC-1,0.00044462451
GTCACAATCATCATTC-1,0.0026037823
GTCACAATCCGCATCT-1,0.005990259
GTCACAATCGAACGGA-1,0.0015662614
GTCACAATCTGGGCCA-1,0.001127574
GTCACAATCTTACCGC-1,0.00047657822
GTCACAATCTTGTCAT-1,0.00542501
GTCACGGGTGCAACGA-1,0.004298124
GTCACGGTCCTACAGA-1,0.00022100582
GTCATTTAGCTAACTC-1,0.0025793032
GTCATTTAGTACGCGA-1,0.0008906034
GTCATTTAGTTGCAGG-1,0.0011970685
GTCATTTCACGTCTCT-1,0.00057587906
GTCATTTCAGCCAGAA-1,0.0054765656
GTCATTTCAGTGGGAT-1,0.00031109035
GTCATTTTCTTTCCTC-1,0.0013848902
GTCCTCAAGAGTAATC-1,0.0015682393
GTCCTCAAGCAGGCTA-1,0.0012802293
GTCCTCAGTCTCGTTC-1,0.00031403048
GTCCTCAGTTAAGGGC-1,0.0008620039
GTCGGGTCAACGCACC-1,0.01275097
GTCGGGTGTACGCACC-1,0.0008505278
GTCGGGTGTAGGACAC-1,0.00021327769
GTCGGGTGTTGATTGC-1,0.00021444274
GTCGGGTTCAGAAATG-1,0.00018449042
GTCGGGTTCATTTGGG-1,0.0005103025
GTCGGGTTCTGCGTAA-1,0.00017666518
GTCGTAAAGAGAGCTC-1,0.0020687971
GTCGTAAGTAAATGTG-1,0.0011884634
GTCGTAATCAGGATCT-1,0.0012051186
GTCGTAATCCACGAAT-1,0.00090535136
GTCGTAATCTTAGAGC-1,0.0007133275
GTCTCGTCACTGTTAG-1,0.007984238
GTCTCGTCAGTCTTCC-1,0.0016466341
GTCTCGTGTAACGTTC-1,0.0008530074
GTCTCGTGTTCCTCCA-1,0.002003219
GTCTCGTGTTTGTTTC-1,0.0016281909
GTCTCGTTCGTTTATC-1,0.0012794558
GTCTTCGTCGGAAACG-1,0.001375772
GTGAAGGAGAAGGTTT-1,0.0014389761
GTGAAGGCACCGATAT-1,0.0023333556
GTGAAGGCACCGGAAA-1,0.0011650079
GTGAAGGCAGTTAACC-1,0.004656374
GTGAAGGGTAAACACA-1,0.00091249385
GTGAAGGTCACGGTTA-1,0.0013269173
GTGAAGGTCGCTTAGA-1,0.00094979844
GTGCAGCAGATCCGAG-1,0.0018045472
GTGCAGCAGCTGATAA-1,0.004196307
GTGCAGCAGGGTCTCC-1,0.00091699685
GTGCAGCCAGGACCCT-1,0.0008617121
GTGCATAAGCTAACTC-1,0.0032689255
GTGCATAGTTACCAGT-1,0.0002257823
GTGCATATCCGTCATC-1,0.0007422359
GTGCGGTAGGGTATCG-1,0.0006178161
GTGCGGTCACGTCAGC-1,0.002442604
GTGCGGTGTACAAGTA-1,0.003972956
GTGCGGTGTACCATCA-1,0.001598228
GTGCTTCAGGGCTTGA-1,0.013452816
GTGCTTCCACCCAGTG-1,5.2570747e-05
GTGCTTCCACGAAACG-1,0.0016370045
GTGCTTCGTCCGTTAA-1,0.000264524
GTGCTTCTCGTTTAGG-1,0.00025583344
GTGCTTCTCTCAACTT-1,0.000341033
GTGGGTCAGCGTGAAC-1,0.0011817347
GTGGGTCAGCTATGCT-1,0.0002210304
GTGGGTCCAAGTTCTG-1,0.004095752
GTGGGTCCACGCTTTC-1,0.0024643685
GTGGGTCCAGACAAAT-1,0.0005314029
GTGGGTCGTCTCTTTA-1,0.00021971873
GTGGGTCTCAAACCAC-1,0.003268492
GTGGGTCTCGCAAGCC-1,0.0002916585
GTGTGCGAGAATTCCC-1,0.0002710541
GTGTGCGCAAACGTGG-1,0.00035779833
GTGTTAGAGGAATCGC-1,0.000357794
GTGTTAGAGTACGCCC-1,0.0002813235
GTGTTAGAGTTGAGTA-1,0.0009848794
GTGTTAGGTGACTACT-1,0.0012206987
GTTAAGCAGAGCTGGT-1,0.0048984834
GTTAAGCAGAGTTGGC-1,0.0013237273
GTTAAGCAGCTAACAA-1,0.00055820536
GTTAAGCAGGAGCGAG-1,0.0023674616
GTTAAGCCACAAGCCC-1,0.0025753628
GTTAAGCCATCCGGGT-1,0.0019214485
GTTAAGCCATTGCGGC-1,0.0005203728
GTTAAGCGTGAGTATA-1,0.0017260417
GTTAAGCTCAGAGACG-1,0.00040127442
GTTACAGAGCACCGCT-1,0.00085823867
GTTCATTAGACTCGGA-1,0.001173497
GTTCATTCAATCGGTT-1,0.00048213633
GTTCATTCATACAGCT-1,0.0015621273
GTTCATTCATCAGTCA-1,0.0007445517
GTTCATTGTAGCGCTC-1,0.007121433
GTTCATTTCTTATCTG-1,0.0016497892
GTTCGGGAGCCGATTT-1,0.003869801
GTTCGGGAGTACCGGA-1,0.0010907341
GTTCGGGCATGGGAAC-1,0.0002077776
GTTCGGGGTTTGACAC-1,0.0011679013
GTTCGGGTCCAGGGCT-1,0.0006579493
GTTCGGGTCCGTCATC-1,0.0014988936
GTTCTCGCACATGGGA-1,0.0012473096
GTTCTCGCAGGCTGAA-1,0.0009496866
GTTCTCGGTTCGCTAA-1,0.0015451306
GTTTCTAGTGACTACT-1,0.00045293785
GTTTCTATCAGTTTGG-1,0.00042949762
GTTTCTATCCAAATGC-1,0.00055864675
GTTTCTATCCCTTGCA-1,0.0007523093
GTTTCTATCCTCCTAG-1,0.0018836956
TAAACCGAGATCGGGT-1,0.0011567911
TAAACCGAGGATTCGG-1,0.0017026522
TAAACCGCAAACAACA-1,0.0002782746
TAAACCGCAACACCTA-1,0.002125035
TAAACCGCAACGATGG-1,0.00037888775
TAAACCGCAGTCAGAG-1,0.000757585
TAAACCGGTAATTGGA-1,0.00050331064
TAAACCGGTAGGGTAC-1,0.00063005654
TAAACCGGTGTGGTTT-1,0.0004016936
TAAACCGTCCTCAATT-1,0.0031316553
TAAGAGACATTGAGCT-1,0.0010765924
TAAGAGAGTAGCTCCG-1,0.00019102509
TAAGAGAGTCACCCAG-1,0.0013876787
TAAGAGATCGATAGAA-1,0.0011094946
TAAGAGATCTAACTTC-1,0.0029415165
TAAGCGTCACAACGTT-1,0.0024829425
TAAGCGTCATCACCCT-1,0.0025344905
TAAGCGTTCAGAGACG-1,0.0019280935
TAAGTGCAGTACGTAA-1,0.0020659275
TAAGTGCAGTATGACA-1,0.003082581
TAAGTGCCACCAGGCT-1,0.00740537
TAAGTGCGTTACCAGT-1,0.0018221536
TAAGTGCTCAACCAAC-1,0.0038678427
TACACGAAGTGATCGG-1,0.003575263
TACACGACAGATGGGT-1,0.00026044453
TACACGAGTAGCCTAT-1,0.00034514768
TACACGAGTGTTCTTT-1,0.0021075306
TACACGATCCTAAGTG-1,0.0005267371
TACACGATCTATCCTA-1,0.0033405344
TACAGTGAGGTCGGAT-1,4.3438395e-05
TACAGTGAGTCGAGTG-1,0.0017633251
TACAGTGCAGGCTGAA-1,0.00013897494
TACAGTGCAGTTCCCT-1,0.0015458569
TACAGTGGTAGCACGA-1,0.00073890266
TACAGTGGTCTTCGTC-1,0.00042384665
TACAGTGTCATTTGGG-1,0.0006622668
TACCTATAGGACACCA-1,0.0008637226
TACCTATAGGGTGTTG-1,0.0012965468
TACCTATCATCTCGCT-1,0.0011450986
TACCTATTCACCGGGT-1,0.00025062962
TACCTTACAAGGCTCC-1,0.0016780345
TACCTTACAGCTCGAC-1,0.009175894
TACCTTATCTGGTATG-1,0.0008120596
TACCTTATCTTGACGA-1,0.0018602009
TACGGATGTAGCGTAG-1,0.003805863
TACGGATGTGAGTATA-1,0.0008238565
TACGGGCTCAAAGACA-1,0.0017019949
TACGGGCTCAGTTAGC-1,0.0003123076
TACGGGCTCATGTGGT-1,0.0005131296
TACGGGCTCCTGCTTG-1,0.00024080873
TACGGTAAGCGATGAC-1,0.0003457222
TACGGTAAGTGGTCCC-1,0.00095941144
TACGGTACATTACCTT-1,0.0006195494
TACGGTAGTATAGGTA-1,0.0006400952
TACGGTAGTCTAGCCG-1,0.00011743258
TACGGTATCGCATGAT-1,0.00067748886
TACGGTATCGTAGATC-1,0.0018591903
TACTCATCATTTGCCC-1,0.00012465799
TACTCATGTAACGTTC-1,0.0018271598
TACTCATTCGCACTCT-1,0.0012922025
TACTCGCGTCATACTG-1,0.0019097275
TACTCGCTCAACACTG-1,0.0012329344
TACTCGCTCCTACAGA-1,0.0009122299
TACTCGCTCGCTGATA-1,0.00086680846
TACTTACTCACGAAGG-1,0.00018131096
TACTTGTAGGCGATAC-1,0.0018025709
TACTTGTCAATCTGCA-1,0.00056510104
TACTTGTCAGATTGCT-1,0.002607275
TACTTGTGTAGCCTAT-1,0.0024700994
TACTTGTGTTATGCGT-1,0.0001566022
TACTTGTTCAGGCCCA-1,0.0023150414
TAGACCAAGCGTTCCG-1,0.0019265687
TAGACCACACAAGTAA-1,0.002023614
TAGACCACATAGGATA-1,0.0032143388
TAGACCAGTAGCGATG-1,0.00010844225
TAGACCAGTAGCGCAA-1,0.00079131854
TAGACCATCACAGGCC-1,0.0063304803
TAGACCATCGGAAATA-1,0.0010789804
TAGAGCTAGGCCGAAT-1,0.19906789
TAGAGCTCACATTAGC-1,0.00046147846
TAGAGCTCAGATGGCA-1,0.00010255274
TAGAGCTCATTACCTT-1,0.0009297313
TAGAGCTGTACCCAAT-1,0.0008226307
TAGAGCTGTCTCAACA-1,0.0010749883
TAGAGCTGTTCAACCA-1,0.0005719062
TAGAGCTGTTGAACTC-1,0.001511237
TAGAGCTTCAAGGTAA-1,0.0010932069
TAGCCGGAGTATCTCG-1,0.0019224095
TAGCCGGCAGCCAATT-1,0.00086247263
TAGGCATAGGCTAGGT-1,0.0023323682
TAGGCATCAATCTGCA-1,0.0014601299
TAGGCATCAGACGCTC-1,0.0007662974
TAGGCATGTAACGTTC-1,0.002465051
TAGGCATTCAACCAAC-1,0.22768065
TAGGCATTCATCTGCC-1,0.004116535
TAGGCATTCCGTTGTC-1,0.00083382323
TAGTGGTAGATCACGG-1,0.0003823307
TAGTGGTAGTGGACGT-1,0.0019079074
TAGTGGTCAAGTCATC-1,0.00060843054
TAGTGGTGTAACGCGA-1,0.00039784538
TAGTTGGCAACTGGCC-1,0.0010486902
TAGTTGGGTACTTAGC-1,0.0012078827
TATCAGGAGAACTCGG-1,0.0011847353
TATCAGGAGAGCCTAG-1,0.00010309532
TATCAGGAGAGTTGGC-1,0.0007513709
TATCAGGAGCTAACTC-1,0.0004547319
TATCAGGCATAGGATA-1,0.0017345438
TATCAGGGTGACGGTA-1,0.00038961307
TATCAGGTCGCATGGC-1,0.0017650039
TATCTCAAGATATACG-1,0.0027473746
TATCTCAAGCCACTAT-1,0.0014064244
TATCTCAAGCTAACAA-1,0.0076862164
TATCTCAAGGAATTAC-1,0.00023694616
TATCTCAGTCGCGTGT-1,0.0010494727
TATCTCAGTTTGACAC-1,0.00047212263
TATCTCATCAACACTG-1,0.00019750313
TATCTCATCTGCAAGT-1,0.00037484587
TATGCCCCAGACAAAT-1,0.0051034326
TATTACCAGATAGGAG-1,0.0003503981
TATTACCAGTGTCCCG-1,0.0022211175
TATTACCTCTCGAGTA-1,0.0013845644
TCAACGAAGACTTTCG-1,0.0014042353
TCAACGACACGTCAGC-1,0.22843383
TCAACGAGTTCAGACT-1,0.0040102927
TCAACGATCTAGAGTC-1,0.0017466827
TCAATCTAGGTACTCT-1,0.0015599483
TCAATCTAGTCCATAC-1,0.0005000887
TCAATCTCATCAGTCA-1,0.00015043578
TCAATCTGTCAGCTAT-1,0.0031508019
TCAATCTGTTCCGGCA-1,4.8679463e-05
TCAATCTTCATGGTCA-1,0.0002796627
TCAATCTTCATGTCCC-1,0.0011620546
TCAATCTTCGCCTGTT-1,0.0010784094
TCACAAGCAAGGACAC-1,0.00039237575
TCACAAGCAATAGCGG-1,0.0069323136
TCACGAAAGCTGCGAA-1,0.0010716952
TCACGAAAGTGCAAGC-1,0.00038730883
TCACGAACATCACGAT-1,0.0006894361
TCAGATGAGTCAAGCG-1,0.0006975491
TCAGATGCAAATACAG-1,0.0027473397
TCAGATGCAATCGGTT-1,0.0028339385
TCAGATGCATTAGGCT-1,0.0041852137
TCAGATGGTACCATCA-1,0.0020688614
TCAGATGTCCCTGACT-1,0.00089788565
TCAGCAAAGATCCTGT-1,0.0012444926
TCAGCAACAGAGCCAA-1,0.0013386024
TCAGCAATCCATGAAC-1,0.00029535676
TCAGCTCAGCCTTGAT-1,0.00023303504
TCAGCTCAGTGAACAT-1,0.0016575793
TCAGCTCCAACACCTA-1,0.0013108919
TCAGCTCGTATAATGG-1,0.00020965762
TCAGCTCGTTAAAGTG-1,0.00067499094
TCAGCTCTCAAACCAC-1,0.0008767071
TCAGCTCTCCTACAGA-1,0.00085625774
TCAGCTCTCGTGGACC-1,0.00035005636
TCAGCTCTCTGCGTAA-1,0.00060442544
TCAGGATAGCCCAGCT-1,5.6371264e-05
TCAGGATGTCCGCTGA-1,0.0011196475
TCAGGTAAGGATGGAA-1,0.00018065027
TCAGGTACAATCAGAA-1,0.0008999193
TCAGGTACAATGGATA-1,0.00032307586
TCAGGTAGTCTCTTTA-1,0.001148932
TCAGGTAGTGGTCTCG-1,0.0008497503
TCAGGTATCAGAGCTT-1,0.005938113
TCAGGTATCTAACTGG-1,0.00020752948
TCATTACCAAGAGGCT-1,0.0016148678
TCATTACCACGGCTAC-1,0.0015451779
TCATTACCAGTGGAGT-1,0.0030196584
TCATTACCATCACGAT-1,0.0010169105
TCATTACTCAGTTCGA-1,0.00092598953
TCATTACTCGCCAAAT-1,0.0004074546
TCATTACTCGTGGTCG-1,0.0016535554
TCATTTGTCCCAAGTA-1,0.0010248282
TCATTTGTCTAACTTC-1,0.00039561396
TCCACACAGCAGCGTA-1,0.0032738475
TCCACACAGTCAATAG-1,0.0007121957
TCCACACCACTATCTT-1,0.0018616972
TCCACACGTACCTACA-1,0.00070358004
TCCACACGTTCAGGCC-1,0.00022561545
TCCACACTCGGCTTGG-1,0.0004831183
TCCCGATCAGTATAAG-1,0.0017412377
TCCCGATGTGCCTGGT-1,0.0009646296
TCCCGATGTTGTACAC-1,0.0008714942
TCCCGATTCAGGTAAA-1,0.00017366468
TCCCGATTCTGAAAGA-1,0.0059608934
TCCCGATTCTTGTTTG-1,0.0052249143
TCGAGGCAGTAAGTAC-1,0.00053339073
TCGAGGCCACCGTTGG-1,0.0013603728
TCGAGGCGTATCTGCA-1,0.004072332
TCGAGGCGTTCGTTGA-1,0.0007167295
TCGAGGCTCGTCACGG-1,0.00061117834
TCGAGGCTCTACCAGA-1,0.0036121134
TCGAGGCTCTGTCCGT-1,0.0008073239
TCGCGAGAGCTGTCTA-1,0.00045355802
TCGCGAGCAAACAACA-1,0.001458956
TCGCGAGGTGCGAAAC-1,0.002460114
TCGCGAGTCACCCGAG-1,0.0002780287
TCGCGTTAGCTCCTCT-1,0.0013515772
TCGCGTTCAAGTCATC-1,0.0014593248
TCGCGTTCAGTAGAGC-1,0.00081857987
TCGCGTTCATAGACTC-1,0.002589524
TCGCGTTGTCACACGC-1,5.8295616e-05
TCGCGTTGTCATATGC-1,0.0026838258
TCGGGACAGTGACTCT-1,0.00083031843
TCGGGACCAGGATTGG-1,0.0004570967
TCGGGACCATACTACG-1,0.00037271462
TCGGGACCATTGCGGC-1,0.00082296407
TCGGGACGTTGTCTTT-1,0.0002733371
TCGGTAAAGGCAGGTT-1,0.00090949127
TCGTACCCAACGATCT-1,0.0017892681
TCGTACCGTAGCCTAT-1,0.002438858
TCGTACCGTCAGAATA-1,0.0020692358
TCGTACCGTCATATGC-1,0.0033559063
TCGTACCGTGCACGAA-1,0.00024986707
TCGTACCTCTATCGCC-1,0.0015847256
TCTATTGAGATATGGT-1,0.0011095694
TCTATTGAGCTAAACA-1,0.0021183325
TCTATTGAGTCGCCGT-1,0.00048812217
TCTATTGCATGGAATA-1,0.0011792075
TCTATTGGTGCAGGTA-1,0.0002507031
TCTCATACATCACGTA-1,0.00093599735
TCTCATAGTTATGTGC-1,0.00033417114
TCTCATATCTCAAACG-1,0.00034007113
TCTCTAAAGTGAACGC-1,0.0018617994
TCTCTAAAGTTACGGG-1,0.0005495541
TCTCTAACACAACGCC-1,0.0019942485
TCTCTAACAGGAATCG-1,0.00021903358
TCTCTAACATCGGACC-1,0.0031283782
TCTCTAACATTGGGCC-1,0.001538035
TCTCTAATCCCATTTA-1,0.0017600408
TCTCTAATCTACCTGC-1,0.0007968013
TCTCTAATCTTTACAC-1,0.00078579603
TCTGAGAAGTCCGGTC-1,0.0006833558
TCTGAGAAGTGGCACA-1,0.0011536924
TCTGAGACATGGGAAC-1,0.0010875198
TCTGAGAGTTTGTTTC-1,0.0011530461
TCTGAGATCCATGAGT-1,0.0016128827
TCTGAGATCGCGTAGC-1,0.0102386875
TCTGGAAAGGGATGGG-1,0.0007931635
TCTGGAACAAGTTGTC-1,0.002929429
TCTGGAAGTCCGAAGA-1,0.00024278085
TCTGGAATCACGGTTA-1,0.0063436106
TCTGGAATCCAAGTAC-1,0.00036318126
TCTGGAATCCAGTATG-1,0.00058771454
TCTGGAATCTCCTATA-1,0.008028032
TCTTCGGCATCACGAT-1,0.00082675624
TCTTCGGTCCATGAGT-1,0.0004044472
TCTTCGGTCTGCTGCT-1,0.0005119537
TCTTTCCAGGGTGTGT-1,0.0015577674
TCTTTCCAGTCCATAC-1,0.00051326223
TCTTTCCAGTGCGTGA-1,0.0052405717
TGAAAGAAGACGACGT-1,0.0041140756
TGAAAGAAGCGCCTCA-1,0.00026237586
TGAAAGAAGGATTCGG-1,0.00065041136
TGAAAGAAGGTGGGTT-1,0.0021921303
TGAAAGACAACACCCG-1,0.002102045
TGAAAGACAATAACGA-1,0.00026861127
TGAAAGACAGCGTCCA-1,0.0033644638
TGAAAGACAGGTGCCT-1,0.0003391061
TGAAAGATCCTTGACC-1,0.0034067733
TGAAAGATCGAATGGG-1,0.0008896889
TGACAACCAACACGCC-1,0.0006824239
TGACAACCATCCGTGG-1,0.0003891486
TGACGGCCACGTCAGC-1,0.0006135951
TGACGGCGTTGGTGGA-1,0.0011524179
TGACTAGCACAGATTC-1,0.0003834655
TGACTAGCAGTCGTGC-1,0.002143233
TGACTAGGTGAGCGAT-1,8.072811e-05
TGACTAGGTGCCTGCA-1,0.00080350286
TGACTAGTCCTTGGTC-1,0.0004322392
TGACTTTAGACAAGCC-1,0.0022047076
TGACTTTCAGACAGGT-1,0.0038256878
TGACTTTCAGCGATCC-1,0.009511087
TGACTTTCATGGTAGG-1,0.0039530653
TGACTTTGTTACCAGT-1,0.0013715889
TGACTTTTCAGGATCT-1,0.0009336144
TGACTTTTCATCTGCC-1,0.0013272444
TGACTTTTCGCAAGCC-1,0.00022102385
TGAGAGGGTCCAGTAT-1,0.007393229
TGAGCATCATGGGACA-1,0.00069422094
TGAGCCGAGTCATGCT-1,0.0014218928
TGAGCCGCAGATCTGT-1,0.00085179
TGAGCCGGTGCACCAC-1,0.0016822233
TGAGCCGTCTTCATGT-1,0.0019939756
TGAGGGAAGCTATGCT-1,0.00044756132
TGAGGGACATCACGAT-1,0.0025788792
TGAGGGATCGTGGGAA-1,0.0011093087
TGATTTCCACCCATGG-1,0.0009030792
TGATTTCCATCCAACA-1,2.0796322e-05
TGATTTCCATCCTTGC-1,0.0031700565
TGATTTCGTAGCGTAG-1,0.00040264695
TGATTTCGTATGGTTC-1,0.00031151058
TGATTTCGTTTAGGAA-1,0.0008728103
TGCACCTCAGTGGGAT-1,0.0006919241
TGCACCTGTGTGACCC-1,0.0025581496
TGCACCTTCCTTAATC-1,0.0008405528
TGCACCTTCGCCATAA-1,0.0019512472
TGCACCTTCGTTTAGG-1,0.0010291423
TGCCAAAAGTGGAGAA-1,0.0018746448
TGCCAAATCAGTGCAT-1,0.0002018053
TGCCCATAGCTCCCAG-1,0.0048610405
TGCCCATAGGTTCCTA-1,0.0020089936
TGCCCATAGTGGGTTG-1,0.000172415
TGCCCATCAATTCCTT-1,0.0017722927
TGCCCATCACATGTGT-1,0.005160888
TGCCCATTCACTTCAT-1,0.0007552108
TGCCCTACACGAAATA-1,0.00069050683
TGCCCTACAGCCACCA-1,0.0025183742
TGCCCTATCATATCGG-1,0.0049207504
TGCGCAGAGGGAGTAA-1,0.0010626181
TGCGCAGGTCAACTGT-1,0.000496551
TGCGCAGTCGCGCCAA-1,0.0060587204
TGCGGGTAGATAGCAT-1,0.0013337943
TGCGGGTCAGGGTACA-1,0.00018023083
TGCGGGTCATGCCCGA-1,0.0008944919
TGCGGGTTCCCTGACT-1,0.0014249462
TGCGTGGAGACCTAGG-1,0.0011375075
TGCGTGGAGGCGTACA-1,0.0036822804
TGCGTGGCACAGGAGT-1,0.0002789372
TGCGTGGCAGCGTTCG-1,0.0013350154
TGCGTGGGTCTAACGT-1,0.0011766285
TGCGTGGTCTGATTCT-1,0.00025718336
TGCTACCCAAGTCATC-1,0.013585568
TGCTACCCAGCAGTTT-1,0.004886955
TGCTACCCAGCCTGTG-1,0.004094678
TGCTACCGTCGCCATG-1,0.008705864
TGCTACCTCAACCATG-1,0.0008813109
TGCTACCTCGCGTTTC-1,0.0008168576
TGCTACCTCTCGTTTA-1,0.0021411625
TGCTGCTAGGAGCGAG-1,0.00085223257
TGCTGCTCAAGCCGCT-1,0.00049591647
TGGACGCAGCAGGTCA-1,0.025062142
TGGACGCCAACTTGAC-1,0.00066063774
TGGACGCCATCTACGA-1,0.0004565872
TGGACGCCATGGGAAC-1,0.0028077115
TGGACGCGTACCGAGA-1,0.00023898674
TGGACGCGTCATATCG-1,0.00061353797
TGGACGCTCGTCTGCT-1,0.00088784104
TGGACGCTCTGTGCAA-1,0.00044249077
TGGCCAGTCGGTGTTA-1,0.00027543062
TGGCCAGTCTCAAGTG-1,0.0018139696
TGGCGCAAGAGCCCAA-1,0.0045349346
TGGCGCAAGCACCGCT-1,0.0008461591
TGGCGCACATTGGTAC-1,0.0004865068
TGGCGCATCCGAAGAG-1,0.0009944828
TGGCTGGAGCGATCCC-1,0.004220918
TGGCTGGAGTTACGGG-1,0.00062177546
TGGCTGGCACGTGAGA-1,0.011332926
TGGCTGGCAGGAATCG-1,0.002223108
TGGCTGGCAGTTAACC-1,0.00029521054
TGGCTGGGTCATGCCG-1,0.0017430598
TGGCTGGGTTGTGGCC-1,0.005491698
TGGCTGGTCGAATGGG-1,0.0011927501
TGGGAAGAGGAATTAC-1,0.0019958287
TGGGAAGCAATGGAAT-1,0.0014889837
TGGGAAGCAGGTTTCA-1,0.0003364524
TGGGAAGCATCCCACT-1,0.00022418967
TGGGAAGGTAGCGTGA-1,0.00026541087
TGGGAAGGTCGGCACT-1,0.00090532756
TGGGAAGGTTAAGGGC-1,0.0007574262
TGGGAAGGTTAGGGTG-1,0.0011534911
TGGGAAGTCTTAACCT-1,0.0030538458
TGGGCGTAGTTAAGTG-1,0.0022618668
TGGGCGTGTGTGAAAT-1,0.008612437
TGGGCGTTCCTAGAAC-1,0.0024271405
TGGGCGTTCTCGTTTA-1,0.0022737316
TGGGCGTTCTTCAACT-1,0.0024079105
TGGTTAGAGGTCATCT-1,0.0035478375
TGGTTAGCACCAGATT-1,0.001272287
TGGTTAGGTAAACACA-1,0.0012881374
TGGTTAGGTTGATTGC-1,0.0021543459
TGGTTAGTCAGCATGT-1,0.0003620941
TGGTTCCGTTCACGGC-1,0.004951791
TGGTTCCTCCAACCAA-1,0.0016267259
TGTATTCAGTATCGAA-1,0.0017773699
TGTATTCCACGTCTCT-1,0.0014669517
TGTATTCCATGACGGA-1,0.0032182354
TGTATTCGTGCAACTT-1,0.0001296269
TGTCCCAAGGTAAACT-1,0.00212657
TGTCCCACACTTACGA-1,0.0015732622
TGTCCCAGTGATGTCT-1,0.0037332296
TGTCCCATCACAGTAC-1,0.0029376312
TGTGGTAAGCCGTCGT-1,0.00085621903
TGTGGTACAATCTACG-1,0.00087823876
TGTGGTACATGCAATC-1,0.005054577
TGTGGTATCTGCGGCA-1,0.0004859177
TGTGTTTAGCCACGCT-1,0.00024521168
TGTGTTTCAAGCCTAT-1,0.00054946233
TGTGTTTTCGTCTGCT-1,0.00083752803
TGTTCCGAGCAGACTG-1,0.00066479144
TGTTCCGAGCGTAATA-1,0.0014871568
TGTTCCGGTTGCCTCT-1,0.0023502333
TGTTCCGTCATGTCTT-1,0.0028929848
TTAACTCAGAGTAATC-1,0.002586589
TTAACTCAGGATTCGG-1,0.00036722832
TTAACTCCAAGCGTAG-1,0.0004649439
TTAACTCCATCGGTTA-1,3.102012e-05
TTAACTCGTCCGAATT-1,0.0012522233
TTAACTCGTGGCGAAT-1,0.00030147698
TTAACTCGTTTGGCGC-1,0.00046799757
TTAACTCTCAGTGTTG-1,0.0010460394
TTAGGACAGATCTGCT-1,0.00062394916
TTAGGACCAAGACGTG-1,0.00017526383
TTAGGACCATGCTAGT-1,0.00017839725
TTAGGACGTCCCGACA-1,0.00022945573
TTAGGCAAGGCACATG-1,0.00067855604
TTAGTTCAGATAGGAG-1,0.0014690103
TTAGTTCAGTTAGCGG-1,0.0005518646
TTAGTTCAGTTTCCTT-1,0.00042235263
TTAGTTCTCTGCCAGG-1,0.009643979
TTAGTTCTCTTGTTTG-1,0.00046479137
TTATGCTCATGAACCT-1,0.00036074623
TTATGCTGTATAGGTA-1,0.003859609
TTCCCAGGTCACTTCC-1,0.00080679235
TTCCCAGTCAAGGCTT-1,0.0014117884
TTCCCAGTCATTGCGA-1,0.002464833
TTCGAAGAGACAAGCC-1,0.00019695726
TTCGAAGCAGCGTAAG-1,0.00064799667
TTCGAAGGTTCCACAA-1,0.0012409166
TTCGGTCAGAAACGAG-1,0.0001518045
TTCGGTCAGTTCGCGC-1,0.0015744941
TTCGGTCGTACTTAGC-1,0.0016245248
TTCGGTCGTCGCCATG-1,0.00059241254
TTCGGTCTCACGAAGG-1,0.0008102247
TTCGGTCTCCAGAGGA-1,0.0006539728
TTCGGTCTCGGTCCGA-1,0.0008744176
TTCGGTCTCGGTTAAC-1,0.0008905519
TTCTACAAGGCTCTTA-1,0.00076959643
TTCTACAAGGGCACTA-1,0.00042964303
TTCTACAAGGGTGTTG-1,0.00064143597
TTCTACAAGGTAGCTG-1,0.0010045966
TTCTACACAGGGTATG-1,0.002272849
TTCTACACATTGGCGC-1,0.00090848026
TTCTACAGTTATGTGC-1,0.0005761644
TTCTACATCACAGGCC-1,0.0016043991
TTCTCAAAGAACTCGG-1,0.009659227
TTCTCAAAGTAACCCT-1,0.00022088163
TTCTCAAAGTGGGCTA-1,0.0023452765
TTCTCAAGTGTAACGG-1,0.00072251825
TTCTCAATCCTAGAAC-1,0.00031887076
TTCTCCTAGAGACTTA-1,0.0059445985
TTCTCCTAGCAAATCA-1,0.014876325
TTCTCCTAGTTGTAGA-1,0.0011852933
TTCTCCTGTTAAAGAC-1,0.00068050827
TTCTCCTTCAACACGT-1,0.0019890987
TTCTCCTTCGCATGAT-1,6.738207e-05
TTCTTAGAGTACCGGA-1,0.0020777942
TTCTTAGCAGGATCGA-1,0.0005660447
TTCTTAGCAGTCACTA-1,0.00029309822
TTCTTAGGTGAACCTT-1,0.0022955744
TTCTTAGGTGTATGGG-1,0.0005715497
TTGAACGAGTCACGCC-1,0.00025745638
TTGAACGCACTCAGGC-1,0.0016127147
TTGAACGCATGGATGG-1,0.00028168678
TTGAACGGTTAAGACA-1,0.0029373365
TTGAACGTCTGTCTCG-1,0.004692563
TTGACTTAGGATGGAA-1,0.0023793073
TTGACTTAGGATTCGG-1,0.0009328438
TTGACTTAGGGATGGG-1,0.0019504213
TTGACTTGTATAATGG-1,0.0011070123
TTGACTTGTTAGTGGG-1,0.0010395261
TTGACTTTCTTCTGGC-1,0.0005518353
TTGCCGTAGCTGGAAC-1,0.0011699778
TTGCCGTCACCGAAAG-1,0.00034499558
TTGCCGTCACGAAATA-1,0.00041383874
TTGCCGTCATTTGCCC-1,0.0042298394
TTGCGTCAGCAGACTG-1,0.0016847099
TTGCGTCAGTCTCCTC-1,0.0008779472
TTGCGTCCAAGAGTCG-1,0.0019066376
TTGCGTCCACGAAATA-1,0.003171285
TTGCGTCCACGAGGTA-1,6.321367e-05
TTGCGTCGTCGCGTGT-1,0.0016397205
TTGGAACCACAACGCC-1,0.0012879487
TTGGAACCACTGTCGG-1,0.0056218
TTGGAACCAGTCACTA-1,0.008738577
TTGGAACCATGCCCGA-1,0.0011258764
TTGGAACGTCCAACTA-1,0.0023848508
TTGGCAAAGCTAACTC-1,0.0020211868
TTGGCAACAATGAAAC-1,0.00041713731
TTGGCAACATGCTAGT-1,0.0006391143
TTGGCAATCATTTGGG-1,0.0005380127
TTGTAGGAGGCTCATT-1,0.0022074166
TTGTAGGCAGTGACAG-1,0.0072506764
TTGTAGGCATAGGATA-1,0.0038684485
TTGTAGGCATGTAGTC-1,0.0017530238
TTGTAGGTCGCCAGCA-1,0.00047207728
TTGTAGGTCTCCAACC-1,0.0006694114
TTTACTGAGATGCCAG-1,0.0012127806
TTTACTGAGTGTACGG-1,0.00026806432
TTTACTGGTACCGCTG-1,0.00031938218
TTTACTGTCAGAGGTG-1,0.0024847742
TTTATGCAGGCCCTCA-1,0.0062124403
TTTATGCAGTGTCCCG-1,0.0006899147
TTTATGCGTAGCGCAA-1,0.0027960092
TTTCCTCAGACATAAC-1,0.0029297767
TTTCCTCCAACGATCT-1,0.0013221465
TTTCCTCCACCGCTAG-1,0.0037743836
TTTCCTCGTTCTGAAC-1,0.00033761986
TTTCCTCTCTGAAAGA-1,0.0008300121
TTTGCGCAGACCACGA-1,0.0018110184
TTTGCGCAGTATTGGA-1,0.0019478882
TTTGCGCTCGCACTCT-1,0.00066425843
TTTGGTTAGGAGCGAG-1,0.0006570124
TTTGGTTCACAACTGT-1,0.00044483968
TTTGGTTCATTGAGCT-1,0.0008876243
TTTGGTTGTAATCACC-1,0.00036246786
TTTGGTTGTCCTCCAT-1,0.0024277593
TTTGGTTGTGCGAAAC-1,0.00076474296
TTTGTCAAGTGCCAGA-1,0.0003197342
TTTGTCACAGGCGATA-1,0.0025073155
TTTGTCACATCACGTA-1,0.0045887576
TTTGTCAGTACTTAGC-1,0.0018036001
TTTGTCATCACCGGGT-1,0.0015678301
TTTGTCATCCGCTGTT-1,0.0010534688
