cell_barcode,metacell_id
AAACCTGGTGGCAAAC-1,22
AAACCTGTCGCATGGC-1,49
AAACCTGTCGTACCGG-1,14
AAACGGGCACTAAGTC-1,36
AAACGGGCACTAGTAC-1,29
AAACGGGGTTCATGGT-1,23
AAACGGGGTTCTGAAC-1,2
AAAGATGAGCTAGGCA-1,26
AAAGATGGTTTGCATG-1,0
AAAGATGTCGCCAGCA-1,17
AAAGCAAAGAGTTGGC-1,49
AAAGCAAAGCGCCTTG-1,46
AAAGCAAAGCGTGAAC-1,32
AAAGCAAGTATAGGTA-1,13
AAAGCAATCAGCGACC-1,41
AAAGCAATCGCGCCAA-1,1
AAAGCAATCGGACAAG-1,9
AAAGCAATCTTGAGGT-1,35
AAAGTAGAGAGATGAG-1,30
AAAGTAGTCAGAGGTG-1,30
AAATGCCAGTGAATTG-1,37
AAATGCCCACATAACC-1,9
AAATGCCGTGGTTTCA-1,5
AAATGCCTCAGTTGAC-1,34
AAATGCCTCCAGGGCT-1,26
AACACGTCACGTGAGA-1,44
AACACGTGTCTGCCAG-1,25
AACACGTGTGGCAAAC-1,44
AACACGTTCATGCATG-1,23
AACACGTTCATTATCC-1,29
AACACGTTCCTCAACC-1,39
AACCATGAGATCCCGC-1,13
AACCATGAGTGACATA-1,7
AACCATGCAAGCTGTT-1,26
AACCATGCACCAACCG-1,36
AACCATGCATTAGGCT-1,41
AACCATGGTGTGGTTT-1,9
AACCATGGTTGGACCC-1,26
AACCGCGTCGGCTACG-1,15
AACGTTGCACAGGTTT-1,18
AACGTTGCACCCAGTG-1,37
AACGTTGGTACAGCAG-1,46
AACGTTGGTCTGCGGT-1,47
AACGTTGTCCCAACGG-1,48
AACGTTGTCCCATTTA-1,3
AACGTTGTCCTTAATC-1,44
AACGTTGTCGCCCTTA-1,25
AACTCAGAGGGTATCG-1,2
AACTCAGCACAGACTT-1,25
AACTCAGTCCCAACGG-1,38
AACTCAGTCTAACCGA-1,9
AACTCAGTCTTTACGT-1,45
AACTCCCCAATAAGCA-1,33
AACTCCCGTAGCACGA-1,2
AACTCCCGTTACCGAT-1,47
AACTCCCTCGGCCGAT-1,46
AACTCTTAGGCATGTG-1,25
AACTCTTCACCAACCG-1,10
AACTCTTGTATTCTCT-1,32
AACTCTTGTGCTCTTC-1,14
AACTCTTTCACCTCGT-1,4
AACTCTTTCTAACCGA-1,6
AACTGGTAGACAAAGG-1,38
AACTGGTAGCCACTAT-1,26
AACTGGTAGGAATCGC-1,15
AACTGGTAGTTAAGTG-1,21
AACTGGTCAGCCAGAA-1,3
AACTGGTCATATACGC-1,33
AACTGGTCATCTGGTA-1,26
AACTTTCCACGAAACG-1,17
AACTTTCCACGGTAAG-1,38
AACTTTCCATCTACGA-1,42
AACTTTCGTTAGATGA-1,15
AACTTTCTCATGTAGC-1,0
AAGACCTCAACGATGG-1,9
AAGACCTCAGGTGGAT-1,4
AAGACCTGTAAAGGAG-1,10
AAGACCTGTAATCACC-1,22
AAGACCTGTCGGGTCT-1,45
AAGACCTGTGACGGTA-1,1
AAGCCGCAGGCTATCT-1,16
AAGCCGCGTAGCTGCC-1,25
AAGCCGCGTTCCAACA-1,25
AAGGAGCGTACCTACA-1,16
AAGGAGCGTATCAGTC-1,36
AAGGAGCTCATCATTC-1,9
AAGGAGCTCTCGAGTA-1,26
AAGGCAGCAAGCGATG-1,1
AAGGCAGGTGCCTGTG-1,45
AAGGCAGTCAATCACG-1,37
AAGGCAGTCGAATCCA-1,27
AAGGCAGTCGTGGGAA-1,41
AAGGTTCCAGACGCCT-1,27
AAGGTTCCAGTTAACC-1,35
AAGGTTCGTCTCGTTC-1,49
AAGGTTCGTGGAAAGA-1,40
AAGGTTCTCGTATCAG-1,41
AAGGTTCTCTGCGACG-1,31
AAGTCTGAGATAGCAT-1,23
AAGTCTGCAATCTACG-1,32
AAGTCTGCAGACAGGT-1,23
AATCCAGAGACGCAAC-1,13
AATCCAGAGGGCTCTC-1,29
AATCCAGAGGTTCCTA-1,25
AATCCAGCAAAGGTGC-1,49
AATCCAGCACTCTGTC-1,48
AATCCAGGTACAGTTC-1,6
AATCCAGGTCTCCACT-1,2
AATCCAGTCGCTAGCG-1,36
AATCCAGTCTCGAGTA-1,30
ACACCAACATTACCTT-1,35
ACACCAATCCTGCCAT-1,5
ACACCCTGTAAGTGTA-1,11
ACACCCTGTACTTGAC-1,25
ACACCCTTCAGTTGAC-1,40
ACACCGGAGAGCAATT-1,1
ACACCGGAGTCGAGTG-1,21
ACACCGGCAGTCACTA-1,26
ACACCGGCATGGTCAT-1,49
ACACCGGGTTATCACG-1,19
ACACCGGTCTTTACAC-1,45
ACACTGATCAGCTGGC-1,42
ACAGCCGGTTCCAACA-1,19
ACAGCCGGTTCCACAA-1,11
ACAGCCGTCGCCAGCA-1,26
ACAGCCGTCTCCAACC-1,42
ACAGCTAAGCTCCCAG-1,16
ACAGCTACATGAGCGA-1,13
ACAGCTAGTGTGACCC-1,39
ACAGCTAGTTAGGGTG-1,10
ACAGCTATCAACACCA-1,33
ACAGCTATCGCATGAT-1,6
ACAGCTATCTCTTGAT-1,49
ACATACGAGCTTATCG-1,38
ACATACGCACTTAAGC-1,36
ACATACGGTTCAGGCC-1,40
ACATACGTCACCGTAA-1,25
ACATACGTCAGAGCTT-1,44
ACATACGTCTCACATT-1,19
ACATCAGAGACAGGCT-1,1
ACATCAGTCACCTTAT-1,26
ACATCAGTCTTGACGA-1,6
ACATGGTAGGCCCTCA-1,22
ACATGGTAGTGAACAT-1,23
ACATGGTCACTAAGTC-1,3
ACATGGTCAGGAATGC-1,23
ACATGGTCATGATCCA-1,8
ACATGGTGTTGACGTT-1,6
ACATGGTTCTGTCTCG-1,19
ACCAGTAAGCCCAATT-1,22
ACCAGTAAGGTAGCTG-1,27
ACCAGTAAGTTGAGAT-1,18
ACCAGTACAGGCGATA-1,24
ACCAGTACAGTCGTGC-1,49
ACCAGTATCGGAGGTA-1,35
ACCAGTATCGGTTAAC-1,19
ACCCACTAGACAGACC-1,3
ACCCACTAGTTAGCGG-1,19
ACCCACTCAGTCGATT-1,36
ACCCACTGTATATGGA-1,35
ACCCACTGTGACTACT-1,40
ACCCACTGTGAGCGAT-1,1
ACCCACTTCCTCCTAG-1,25
ACCCACTTCTAACTTC-1,45
ACCCACTTCTACTCAT-1,28
ACCGTAACATCGGACC-1,7
ACCGTAAGTACGCACC-1,3
ACCGTAAGTCACTGGC-1,20
ACCGTAATCGTGGACC-1,1
ACCGTAATCTTGCCGT-1,23
ACCTTTACACGCATCG-1,18
ACCTTTAGTCTTGTCC-1,35
ACCTTTATCGTGGGAA-1,42
ACGAGCCCAATGAATG-1,40
ACGAGCCCACAGATTC-1,31
ACGAGCCGTGCTAGCC-1,8
ACGAGGAAGGTACTCT-1,26
ACGAGGACATATGGTC-1,27
ACGAGGAGTAGATTAG-1,46
ACGAGGAGTTGAGGTG-1,30
ACGAGGATCTTGCAAG-1,45
ACGAGGATCTTTAGGG-1,2
ACGATACAGTGGGTTG-1,20
ACGATGTAGACCGGAT-1,9
ACGATGTAGATGCGAC-1,10
ACGATGTAGCTACCGC-1,3
ACGATGTAGGTAAACT-1,39
ACGATGTCAAGCCGTC-1,9
ACGATGTCACTTAACG-1,40
ACGATGTCATTCACTT-1,38
ACGATGTTCCATGAGT-1,2
ACGATGTTCCCACTTG-1,9
ACGCAGCAGAAAGTGG-1,43
ACGCAGCAGAGGGATA-1,4
ACGCAGCCACCTGGTG-1,33
ACGCAGCGTACATGTC-1,26
ACGCAGCGTCAACATC-1,22
ACGCAGCGTGTTGAGG-1,3
ACGCAGCTCACCTTAT-1,33
ACGCCAGCAATGTTGC-1,37
ACGCCAGCACGAAGCA-1,36
ACGCCAGCACGCCAGT-1,1
ACGCCAGGTTCCCTTG-1,25
ACGCCAGGTTCGCTAA-1,39
ACGCCAGTCATCATTC-1,19
ACGCCAGTCGCCTGTT-1,48
ACGCCGAAGCGTAGTG-1,8
ACGCCGAGTATGGTTC-1,6
ACGGAGAAGTGGTAAT-1,49
ACGGAGACATAACCTG-1,43
ACGGAGAGTCATATGC-1,43
ACGGCCAAGCCAACAG-1,4
ACGGCCACACCAGCAC-1,10
ACGGCCAGTATTAGCC-1,8
ACGGCCAGTCCTCTTG-1,15
ACGGGCTAGCGTGTCC-1,36
ACGGGCTCACAGAGGT-1,10
ACGGGCTCAGACGCAA-1,0
ACGGGCTCATGACATC-1,16
ACGGGCTTCCGGGTGT-1,25
ACGGGTCAGGTTCCTA-1,25
ACGGGTCCAAGAAAGG-1,26
ACGGGTCCACAGATTC-1,33
ACGGGTCCACAGCGTC-1,39
ACGGGTCCAGCTGCAC-1,25
ACGGGTCCATCGGAAG-1,28
ACGGGTCGTAAAGGAG-1,4
ACGGGTCGTATCAGTC-1,23
ACGGGTCGTGGAAAGA-1,8
ACGGGTCGTTCTGAAC-1,23
ACGGGTCTCAAACAAG-1,7
ACGGGTCTCATGTAGC-1,1
ACGGGTCTCCAATGGT-1,30
ACGGGTCTCCATTCTA-1,15
ACGGGTCTCGCCATAA-1,6
ACGGGTCTCTACTTAC-1,12
ACGTCAAAGACTAGGC-1,26
ACGTCAACAGACACTT-1,4
ACTATCTAGAGTACCG-1,41
ACTATCTTCTTGTCAT-1,29
ACTGAACAGTGGGCTA-1,10
ACTGAACAGTGGTAGC-1,3
ACTGAACCAAACAACA-1,6
ACTGAACCAAGGACAC-1,13
ACTGAACCAATCCAAC-1,19
ACTGAACGTCCAAGTT-1,47
ACTGAGTAGTAATCCC-1,23
ACTGAGTCAAAGCAAT-1,21
ACTGAGTCACCATCCT-1,11
ACTGAGTCAGCTCGAC-1,6
ACTGAGTGTCTCATCC-1,30
ACTGAGTGTTAGATGA-1,19
ACTGATGAGCGTGAGT-1,31
ACTGATGTCACCCTCA-1,30
ACTGATGTCATGTCCC-1,25
ACTGCTCAGACTGGGT-1,21
ACTGCTCCACTTAACG-1,48
ACTGCTCTCTACCAGA-1,3
ACTGTCCAGAAACGAG-1,35
ACTGTCCCACGAAACG-1,23
ACTGTCCCAGCGAACA-1,45
ACTGTCCTCTCCTATA-1,47
ACTGTCCTCTGAGGGA-1,10
ACTTACTAGTAGCCGA-1,8
ACTTACTGTTCCACAA-1,49
ACTTACTTCAGAGACG-1,1
ACTTACTTCCAGGGCT-1,28
ACTTACTTCCCTGACT-1,9
ACTTGTTAGGACTGGT-1,36
ACTTGTTCATTGAGCT-1,4
ACTTGTTGTTCAGGCC-1,31
ACTTGTTTCTGGTTCC-1,49
ACTTGTTTCTGTCCGT-1,23
ACTTTCAAGCTAAGAT-1,13
ACTTTCACACTGTCGG-1,35
ACTTTCACAGGGTACA-1,45
ACTTTCAGTAAATGTG-1,33
ACTTTCATCAGCTGGC-1,0
ACTTTCATCATGGTCA-1,26
ACTTTCATCTACTCAT-1,34
AGAATAGAGGTGCTAG-1,25
AGAATAGAGGTTCCTA-1,0
AGAATAGAGTTACCCA-1,9
AGACGTTAGATCACGG-1,48
AGACGTTAGCCGATTT-1,35
AGACGTTGTAAGTGTA-1,8
AGACGTTGTGGAAAGA-1,4
AGACGTTTCGGAAACG-1,40
AGAGCGAAGCAGCGTA-1,22
AGAGCGAGTGATGCCC-1,7
AGAGCTTAGGACTGGT-1,1
AGAGCTTCACGGTAAG-1,25
AGAGCTTCATCCGTGG-1,4
AGAGCTTTCATGCAAC-1,6
AGAGTGGAGACGCAAC-1,33
AGAGTGGAGCGCTTAT-1,27
AGAGTGGAGGAGCGTT-1,2
AGAGTGGAGGTGGGTT-1,22
AGAGTGGCAATCACAC-1,37
AGAGTGGCAATGGAGC-1,36
AGAGTGGGTGCTTCTC-1,49
AGATCTGAGAGGGCTT-1,22
AGATCTGCACATTTCT-1,48
AGATCTGTCTCTTGAT-1,1
AGATTGCAGCTAACTC-1,1
AGATTGCGTAAGCACG-1,10
AGATTGCGTATGGTTC-1,46
AGATTGCGTGGTCTCG-1,42
AGATTGCTCCCTTGTG-1,10
AGCAGCCGTGATGCCC-1,48
AGCAGCCGTTAGTGGG-1,16
AGCAGCCTCCCGGATG-1,35
AGCAGCCTCCGCGTTT-1,42
AGCATACCACCAGGCT-1,25
AGCATACTCAATAAGG-1,2
AGCATACTCGTAGGTT-1,25
AGCCTAAAGCGTCTAT-1,25
AGCCTAATCGAGCCCA-1,32
AGCGGTCAGCTAAACA-1,36
AGCGGTCAGGTGTTAA-1,4
AGCGGTCCAGGATCGA-1,35
AGCGGTCGTAAGAGGA-1,30
AGCGGTCGTCACTGGC-1,46
AGCGTATAGAATTCCC-1,36
AGCGTATAGTGAAGTT-1,15
AGCGTATCAATCAGAA-1,24
AGCGTATCAATCGAAA-1,10
AGCGTATCACATCTTT-1,45
AGCGTATGTTACGACT-1,49
AGCGTATTCGTAGGAG-1,14
AGCGTCGGTATATGGA-1,46
AGCGTCGGTCGTTGTA-1,8
AGCGTCGGTGTTTGTG-1,32
AGCTCCTAGTAATCCC-1,9
AGCTCCTAGTCCGTAT-1,36
AGCTCCTCACAGAGGT-1,47
AGCTCCTGTTATTCTC-1,6
AGCTCTCCAAAGGTGC-1,7
AGCTCTCGTTATCGGT-1,4
AGCTCTCGTTGGTAAA-1,41
AGCTCTCTCCTTGGTC-1,42
AGCTCTCTCTGCGACG-1,48
AGCTTGATCATACGGT-1,42
AGCTTGATCGAGAGCA-1,13
AGGCCACCACACAGAG-1,39
AGGCCACCACGGCGTT-1,46
AGGCCACGTACGACCC-1,9
AGGCCACGTACTCGCG-1,42
AGGCCACGTGCCTTGG-1,35
AGGCCACGTTAAGAAC-1,40
AGGCCGTAGAAACGAG-1,4
AGGCCGTCAATCGAAA-1,19
AGGCCGTCACGTAAGG-1,43
AGGGAGTAGACACTAA-1,16
AGGGAGTCAGTATGCT-1,41
AGGGAGTTCAAAGACA-1,44
AGGGAGTTCTGACCTC-1,0
AGGGATGAGAATTGTG-1,40
AGGGATGAGTAGCCGA-1,38
AGGGATGGTGCTGTAT-1,44
AGGGTGAAGCCATCGC-1,6
AGGGTGAAGGGTCGAT-1,10
AGGGTGACAATCAGAA-1,43
AGGGTGATCTACTTAC-1,3
AGGTCATAGCCAGTTT-1,35
AGGTCATAGGAGTACC-1,10
AGGTCATGTAAATACG-1,21
AGGTCCGAGAACAATC-1,25
AGGTCCGAGACCTTTG-1,34
AGGTCCGCAGCGTAAG-1,21
AGGTCCGCATCGGGTC-1,42
AGGTCCGCATTGTGCA-1,26
AGGTCCGGTCATTAGC-1,25
AGGTCCGGTCGCTTCT-1,26
AGGTCCGGTGATGCCC-1,6
AGGTCCGTCACCAGGC-1,23
AGGTCCGTCTACGAGT-1,42
AGGTCCGTCTGGAGCC-1,25
AGTAGTCCATGGATGG-1,10
AGTAGTCGTAAGTGTA-1,4
AGTAGTCGTGCCTGTG-1,35
AGTAGTCTCAAACAAG-1,16
AGTAGTCTCAAAGTAG-1,0
AGTAGTCTCCCAGGTG-1,46
AGTCTTTAGCTCCTTC-1,44
AGTCTTTCAACACCTA-1,37
AGTCTTTCACAGATTC-1,46
AGTCTTTGTCGCGTGT-1,9
AGTCTTTGTTCCATGA-1,25
AGTCTTTTCATGCATG-1,26
AGTCTTTTCCACGTTC-1,12
AGTGAGGAGCCGCCTA-1,5
AGTGAGGCATTTCACT-1,2
AGTGAGGGTAGCTGCC-1,26
AGTGAGGTCCTAGAAC-1,41
AGTGGGAAGCTATGCT-1,38
AGTGGGAAGGCAATTA-1,5
AGTGGGACAAGTCATC-1,32
AGTGGGACATACCATG-1,46
AGTGGGAGTCATATGC-1,39
AGTGGGAGTCGGATCC-1,21
AGTGGGATCCTAAGTG-1,7
AGTGGGATCGTAGATC-1,9
AGTGTCAGTTCCACGG-1,39
AGTGTCATCGTTGCCT-1,31
AGTGTCATCTCATTCA-1,29
AGTTGGTCACTCAGGC-1,15
AGTTGGTCAGTCAGCC-1,10
ATAACGCGTCCGAACC-1,26
ATAACGCTCAGCTCTC-1,49
ATAACGCTCCACGAAT-1,31
ATAAGAGAGTCGTACT-1,35
ATAAGAGCAGCTGTGC-1,21
ATAAGAGCAGGTGGAT-1,23
ATAAGAGGTATGGTTC-1,39
ATAAGAGTCGGAGGTA-1,19
ATAGACCAGTGGACGT-1,23
ATAGACCCAAGCGAGT-1,19
ATAGACCGTAAGAGGA-1,16
ATAGACCGTCGGCATC-1,19
ATAGACCGTTGAGTTC-1,48
ATAGACCTCGCCTGTT-1,3
ATAGACCTCGGATGTT-1,36
ATCACGAAGTAATCCC-1,3
ATCACGAGTCCAGTTA-1,40
ATCACGAGTCTGATTG-1,3
ATCACGATCCACGAAT-1,32
ATCACGATCTCGAGTA-1,21
ATCACGATCTGTCAAG-1,7
ATCATCTAGCTGGAAC-1,15
ATCATCTGTATTACCG-1,9
ATCATCTGTGTTGAGG-1,22
ATCATCTGTTCCACGG-1,15
ATCATGGAGGATATAC-1,43
ATCATGGGTGTTCGAT-1,18
ATCATGGTCACCACCT-1,23
ATCATGGTCGCTAGCG-1,44
ATCATGGTCTTGCAAG-1,45
ATCCACCAGGCATTGG-1,2
ATCCACCCAAGTCATC-1,41
ATCCACCTCCACGTTC-1,1
ATCCACCTCTAACCGA-1,25
ATCCGAAAGAAGATTC-1,14
ATCCGAAAGAATGTGT-1,21
ATCCGAAAGGTGTTAA-1,19
ATCCGAAAGTCGAGTG-1,22
ATCCGAACATGCCTAA-1,7
ATCCGAAGTGGAAAGA-1,25
ATCCGAAGTTGTGGCC-1,35
ATCCGAATCATGTCCC-1,35
ATCGAGTAGCGCTCCA-1,13
ATCGAGTAGCTAAGAT-1,31
ATCGAGTCAAGTTCTG-1,33
ATCGAGTCAATGACCT-1,9
ATCGAGTCAGGAATGC-1,26
ATCGAGTCATCACCCT-1,12
ATCGAGTTCCTTTCTC-1,45
ATCTACTCAGCAGTTT-1,22
ATCTACTTCAAACGGG-1,15
ATCTACTTCACTGGGC-1,10
ATCTACTTCCGCGCAA-1,8
ATCTGCCAGATCGGGT-1,25
ATCTGCCAGTCGTACT-1,36
ATCTGCCCAAATCCGT-1,35
ATCTGCCCATCCGGGT-1,6
ATCTGCCTCGCAAACT-1,22
ATGAGGGAGCTGCCCA-1,40
ATGAGGGAGTACGTTC-1,1
ATGAGGGCACGGATAG-1,42
ATGAGGGGTTACCAGT-1,6
ATGAGGGTCTTCAACT-1,40
ATGCGATAGATCCCAT-1,44
ATGCGATCAGACACTT-1,14
ATGCGATGTGCCTTGG-1,31
ATGCGATTCACGCGGT-1,30
ATGCGATTCCTGTAGA-1,34
ATGCGATTCGAATCCA-1,47
ATGCGATTCTCGATGA-1,47
ATGGGAGAGCTGAAAT-1,45
ATGGGAGGTGGTTTCA-1,16
ATGGGAGTCACAACGT-1,33
ATGTGTGAGGTGCACA-1,33
ATGTGTGAGGTTCCTA-1,1
ATGTGTGAGTATCGAA-1,4
ATGTGTGCATCCGTGG-1,26
ATGTGTGCATGGATGG-1,33
ATGTGTGGTAACGACG-1,36
ATGTGTGGTCGTTGTA-1,23
ATGTGTGGTGCTTCTC-1,6
ATGTGTGTCTACCAGA-1,41
ATGTGTGTCTAGCACA-1,26
ATTACTCTCGGCGGTT-1,25
ATTACTCTCGGTTAAC-1,42
ATTATCCAGCCAACAG-1,29
ATTATCCCAAGGACTG-1,1
ATTCTACCAGTTCCCT-1,33
ATTCTACCATTAGGCT-1,7
ATTCTACGTCGCGAAA-1,19
ATTCTACGTTCAGGCC-1,33
ATTCTACTCAATCTCT-1,10
ATTCTACTCAGGCAAG-1,45
ATTGGACAGAAGGGTA-1,13
ATTGGACAGTTGAGTA-1,45
ATTGGACCATGTCCTC-1,36
ATTGGACGTCAGCTAT-1,18
ATTGGACGTTAAGAAC-1,12
ATTGGACGTTAGTGGG-1,21
ATTGGTGAGTAGGTGC-1,9
ATTGGTGGTATGAAAC-1,39
ATTGGTGGTTCCTCCA-1,22
ATTGGTGTCAAAGTAG-1,26
ATTGGTGTCACAAACC-1,10
ATTTCTGGTCTTCGTC-1,42
ATTTCTGGTTACAGAA-1,3
ATTTCTGTCCGTAGGC-1,23
CAACCAAAGCCACGTC-1,33
CAACCAACAACACCTA-1,46
CAACCAACAATCCAAC-1,35
CAACCAACACTTAAGC-1,20
CAACCAACATGGATGG-1,10
CAACCAAGTCCTAGCG-1,39
CAACCAAGTTCTGTTT-1,37
CAACCTCAGCAGATCG-1,26
CAACCTCAGGTGCAAC-1,49
CAACCTCCATGCCTTC-1,40
CAACTAGAGTCACGCC-1,43
CAACTAGCAAACAACA-1,25
CAACTAGTCACAGTAC-1,19
CAAGAAACAAAGGTGC-1,49
CAAGAAAGTCATGCAT-1,25
CAAGAAATCATGCATG-1,35
CAAGAAATCTCGTTTA-1,42
CAAGAAATCTGGCGTG-1,9
CAAGATCAGATATGCA-1,29
CAAGATCAGCAATATG-1,7
CAAGATCCACGACTCG-1,33
CAAGATCTCTCTAGGA-1,32
CAAGGCCAGGCTCATT-1,3
CAAGGCCGTCTAGAGG-1,29
CAAGGCCGTGTTGAGG-1,0
CAAGTTGCAAGCGAGT-1,35
CAAGTTGGTCCTAGCG-1,46
CAAGTTGTCAAACCAC-1,32
CAAGTTGTCATTATCC-1,25
CACAAACAGTCAAGCG-1,33
CACAAACCAACTGGCC-1,40
CACAAACCACTCAGGC-1,1
CACAAACGTCGTCTTC-1,42
CACAAACGTGCGATAG-1,6
CACAAACTCAACACCA-1,32
CACACAAAGCCACTAT-1,9
CACACAAAGTGTACTC-1,10
CACACAAAGTTCGCGC-1,4
CACACAAGTCACACGC-1,27
CACACAAGTCGAAAGC-1,38
CACACAATCGGAAATA-1,4
CACACCTTCCACGCAG-1,38
CACACTCAGGCTCTTA-1,26
CACACTCCAGCCAGAA-1,30
CACACTCGTCTAAAGA-1,35
CACACTCGTTATCCGA-1,41
CACACTCTCTATCCTA-1,43
CACAGGCCACGACTCG-1,45
CACAGGCGTTCGCGAC-1,2
CACAGGCTCCATTCTA-1,45
CACAGGCTCCGTACAA-1,22
CACAGTAAGTAGGCCA-1,15
CACAGTACATGCGCAC-1,25
CACAGTAGTACATCCA-1,47
CACAGTAGTTCGCTAA-1,26
CACAGTAGTTGTCGCG-1,25
CACAGTATCAATCTCT-1,19
CACATAGGTGGTTTCA-1,42
CACATAGTCCATTCTA-1,33
CACATTTAGAATCTCC-1,27
CACATTTAGACACTAA-1,6
CACATTTAGTGGACGT-1,35
CACATTTCAAGCCCAC-1,1
CACATTTCACACCGAC-1,38
CACATTTCACTTAAGC-1,49
CACATTTGTACGCTGC-1,17
CACCACTAGACAATAC-1,3
CACCACTAGTGTCTCA-1,26
CACCACTCACTTCTGC-1,26
CACCACTCATTTGCTT-1,21
CACCACTGTACCGTTA-1,10
CACCACTGTCGATTGT-1,27
CACCACTGTCTGGAGA-1,6
CACCACTGTGTGGTTT-1,46
CACCACTGTTCAGCGC-1,10
CACCACTTCCCACTTG-1,22
CACCAGGAGTGGAGTC-1,44
CACCAGGCAAACTGCT-1,15
CACCAGGGTCTCACCT-1,10
CACCAGGTCGAATGGG-1,47
CACCTTGAGAGGGCTT-1,1
CACCTTGAGCCACGCT-1,3
CACCTTGAGTACGATA-1,2
CACCTTGAGTAGTGCG-1,49
CACCTTGCAAGGCTCC-1,26
CACCTTGCATGCAATC-1,23
CACCTTGGTATATGAG-1,0
CACCTTGGTCCGTGAC-1,5
CACTCCATCGCTGATA-1,10
CAGAATCAGCTAACTC-1,38
CAGAATCAGTTAAGTG-1,35
CAGAATCCACAGACAG-1,3
CAGAATCCATCACGAT-1,18
CAGAATCCATTACCTT-1,26
CAGAATCGTATTCGTG-1,1
CAGAATCTCCTGCCAT-1,1
CAGAGAGAGTCATGCT-1,30
CAGAGAGAGTCCTCCT-1,9
CAGAGAGCAGTGGGAT-1,9
CAGAGAGGTGCAGACA-1,38
CAGATCAAGAGGTTAT-1,7
CAGATCAAGGCGACAT-1,15
CAGATCAAGGGCACTA-1,49
CAGATCAAGTGAACGC-1,32
CAGATCACACACCGAC-1,33
CAGATCACACATGACT-1,4
CAGATCACAGCGTAAG-1,33
CAGATCACAGCGTCCA-1,6
CAGATCACATGAAGTA-1,42
CAGATCAGTCGACTAT-1,1
CAGATCAGTGATGATA-1,33
CAGATCATCAATAAGG-1,39
CAGATCATCGTGACAT-1,49
CAGCAGCAGAAGGTTT-1,23
CAGCAGCAGCCAGTAG-1,38
CAGCAGCAGCCATCGC-1,3
CAGCAGCAGTGTACGG-1,46
CAGCAGCCACCGAAAG-1,26
CAGCAGCCATCTCCCA-1,4
CAGCAGCTCGGTCCGA-1,19
CAGCATAAGCCGATTT-1,4
CAGCATAAGGCTAGGT-1,9
CAGCCGAAGAAGGGTA-1,47
CAGCCGACATGCCTAA-1,49
CAGCCGAGTCTAGGTT-1,48
CAGCCGATCCAGAAGG-1,1
CAGCCGATCCGAACGC-1,14
CAGCCGATCTACTTAC-1,30
CAGCGACCAAGACGTG-1,36
CAGCGACGTTGACGTT-1,6
CAGCGACTCGGAGCAA-1,10
CAGCTAACAGCATGAG-1,48
CAGCTAAGTGGTACAG-1,25
CAGCTAATCATCATTC-1,36
CAGCTAATCGCCGTGA-1,48
CAGCTAATCTGCGACG-1,36
CAGCTGGCACGTAAGG-1,9
CAGCTGGGTCGCTTTC-1,49
CAGCTGGGTGACCAAG-1,13
CAGCTGGTCAGAGACG-1,45
CAGCTGGTCCACTGGG-1,9
CAGGTGCAGGCAATTA-1,0
CAGGTGCAGTAGCGGT-1,26
CAGGTGCCACTTGGAT-1,26
CAGGTGCCATGACATC-1,14
CAGGTGCGTGTGCGTC-1,4
CAGTAACAGATCGATA-1,26
CAGTAACCAGATCTGT-1,0
CAGTAACCATCACGAT-1,16
CAGTCCTAGATCACGG-1,33
CAGTCCTAGGGAAACA-1,16
CAGTCCTAGTATGACA-1,10
CAGTCCTCAAGGCTCC-1,25
CAGTCCTGTAGCTCCG-1,31
CATATGGAGCTACCGC-1,21
CATATGGAGGCTCTTA-1,6
CATATGGCAAAGCAAT-1,1
CATATGGCAACTTGAC-1,36
CATATGGCAATGGAGC-1,35
CATATGGCATGACGGA-1,40
CATATGGCATTACCTT-1,39
CATATGGGTTCCTCCA-1,19
CATATGGTCACCGTAA-1,40
CATATTCAGCTGTCTA-1,37
CATATTCAGGAGTCTG-1,4
CATATTCGTAGATTAG-1,6
CATATTCGTTCTCATT-1,10
CATATTCTCAGTGTTG-1,23
CATCAAGAGAGGGCTT-1,29
CATCAAGAGGGATCTG-1,9
CATCAAGGTCAGTGGA-1,42
CATCAAGGTGACCAAG-1,25
CATCAAGGTTCAGTAC-1,3
CATCAAGTCCTACAGA-1,23
CATCAAGTCTGGTTCC-1,25
CATCAGAAGCTTTGGT-1,22
CATCAGAGTGATAAGT-1,15
CATCAGATCCTAGAAC-1,32
CATCAGATCTCAAACG-1,19
CATCCACAGAAACCTA-1,37
CATCCACAGAGTGACC-1,30
CATCCACCATTCTTAC-1,22
CATCCACTCAGATAAG-1,19
CATCCACTCCATGAAC-1,43
CATCCACTCCGTTGTC-1,34
CATCGAAAGATCCCAT-1,6
CATCGAAAGGTAGCTG-1,32
CATCGAAAGTACTTGC-1,32
CATCGAAGTATCACCA-1,11
CATCGAAGTCGACTAT-1,45
CATCGAAGTCTCGTTC-1,19
CATCGAAGTTCCATGA-1,7
CATCGAAGTTGCTCCT-1,43
CATCGAATCAATACCG-1,23
CATCGAATCAGTTAGC-1,7
CATCGAATCATCTGCC-1,15
CATCGGGCAACTGCGC-1,16
CATCGGGGTGTTTGTG-1,15
CATGACAAGTCGTTTG-1,16
CATGACACAGCGTCCA-1,0
CATGACACATGTTGAC-1,14
CATGACAGTAGCGCTC-1,36
CATGACAGTCAACTGT-1,29
CATGACAGTCAGGACA-1,1
CATGCCTCACAACTGT-1,26
CATGCCTCAGTCACTA-1,3
CATGCCTGTGCCTGCA-1,26
CATGGCGAGAATCTCC-1,40
CATGGCGCAGACAGGT-1,48
CATGGCGGTAGGACAC-1,35
CATGGCGGTCGTCTTC-1,19
CATGGCGGTCGTGGCT-1,25
CATGGCGGTGCGATAG-1,17
CATGGCGGTTTGGCGC-1,45
CATGGCGTCAAACCAC-1,3
CATTATCCACCAGATT-1,6
CATTATCTCTTAGAGC-1,42
CATTCGCCACTTAACG-1,32
CATTCGCCAGCGATCC-1,0
CATTCGCGTTATGCGT-1,45
CATTCGCTCGACCAGC-1,10
CATTCGCTCTCAAACG-1,36
CCAATCCAGTCCAGGA-1,6
CCAATCCCAGGCTCAC-1,14
CCAATCCCATTGGGCC-1,30
CCAATCCTCTGGCGAC-1,3
CCACCTACACGACGAA-1,15
CCACCTACAGGGTACA-1,23
CCACCTAGTAATCGTC-1,27
CCACCTAGTTGGTGGA-1,19
CCACCTATCTCTAGGA-1,22
CCACGGAAGCAGGTCA-1,4
CCACGGAAGGATATAC-1,39
CCACGGAAGGCAGGTT-1,37
CCACGGAAGTCCCACG-1,16
CCACGGACATCCTAGA-1,26
CCACGGAGTGAGTGAC-1,48
CCACGGATCACTCCTG-1,48
CCACGGATCCAAGTAC-1,30
CCACGGATCCGATATG-1,42
CCACTACGTAAACGCG-1,41
CCACTACGTGATGTGG-1,8
CCACTACGTTGCCTCT-1,22
CCACTACTCTATCCCG-1,47
CCACTACTCTGGTTCC-1,11
CCAGCGAGTAGCACGA-1,37
CCAGCGATCCGCATCT-1,43
CCAGCGATCTAGAGTC-1,32
CCATGTCCAAACTGTC-1,1
CCATGTCCAAAGGCGT-1,16
CCATGTCCAATGAAAC-1,48
CCATGTCCAATGAATG-1,42
CCATGTCGTACGACCC-1,36
CCATGTCGTAGTAGTA-1,4
CCATGTCGTCAACTGT-1,12
CCATGTCTCACGACTA-1,10
CCATTCGAGGAGTAGA-1,23
CCATTCGAGTCTCAAC-1,18
CCCAATCGTAGGAGTC-1,30
CCCAATCGTCGATTGT-1,25
CCCAATCGTCTTCGTC-1,19
CCCAATCTCCCTTGCA-1,19
CCCAGTTAGCTGCAAG-1,44
CCCAGTTAGCTGCCCA-1,10
CCCAGTTCACATCTTT-1,33
CCCAGTTGTTTACTCT-1,21
CCCAGTTTCAAAGTAG-1,47
CCCAGTTTCGCCTGAG-1,5
CCCAGTTTCTTCATGT-1,36
CCCTCCTAGACAAAGG-1,15
CCCTCCTAGTTGAGAT-1,5
CCCTCCTCAGTCAGCC-1,22
CCCTCCTGTCATCGGC-1,19
CCCTCCTTCGTCACGG-1,32
CCGGGATAGCAGGTCA-1,42
CCGGGATGTCAGAAGC-1,48
CCGGGATTCAAAGTAG-1,16
CCGGTAGAGGCTCTTA-1,44
CCGGTAGAGTATCTCG-1,10
CCGGTAGAGTGGGTTG-1,23
CCGGTAGCACCGATAT-1,1
CCGGTAGCAGTAACGG-1,1
CCGGTAGCATCCAACA-1,23
CCGGTAGGTGGCAAAC-1,18
CCGGTAGTCACTGGGC-1,32
CCGTACTAGAAGATTC-1,3
CCGTACTGTCTCTCGT-1,4
CCGTGGAGTAATTGGA-1,2
CCGTGGAGTCAACTGT-1,41
CCGTGGAGTGATGTGG-1,4
CCGTGGATCGGTGTTA-1,7
CCGTGGATCTCGTTTA-1,45
CCGTTCAAGCGATCCC-1,37
CCGTTCAAGCTAACTC-1,27
CCGTTCAAGGGATGGG-1,26
CCGTTCAAGTCGAGTG-1,36
CCGTTCAGTGATAAGT-1,26
CCTAAAGAGAAACCTA-1,1
CCTAAAGAGCACGCCT-1,38
CCTAAAGCACAGACAG-1,25
CCTAAAGTCAGTCCCT-1,49
CCTACACAGGTGCAAC-1,25
CCTACACAGTTAAGTG-1,30
CCTACACCACAGGAGT-1,24
CCTACACCACCTCGGA-1,28
CCTACACGTCTTGCGG-1,3
CCTACACTCCACTGGG-1,25
CCTACCAAGTATTGGA-1,32
CCTACCACACAACGTT-1,38
CCTACCACAGCCTTTC-1,16
CCTACCAGTGAGGGTT-1,46
CCTACCATCCGCGCAA-1,49
CCTAGCTAGCGCCTTG-1,45
CCTAGCTAGGTAGCTG-1,18
CCTAGCTCATACGCCG-1,27
CCTAGCTGTCTAGAGG-1,48
CCTAGCTTCAGTCAGT-1,25
CCTATTACACCGAAAG-1,10
CCTATTACAGCGTTCG-1,10
CCTATTAGTTACCAGT-1,4
CCTATTATCCACGTGG-1,31
CCTATTATCTAACTCT-1,38
CCTATTATCTTGCATT-1,49
CCTCAGTAGCAGATCG-1,22
CCTCTGAAGGCCCTCA-1,11
CCTCTGAAGGGTTCCC-1,9
CCTCTGACAAAGGAAG-1,22
CCTCTGACAATAACGA-1,25
CCTCTGACAGGACGTA-1,7
CCTCTGATCACGGTTA-1,18
CCTTACGCAAGTCATC-1,21
CCTTACGCACCGATAT-1,38
CCTTACGGTCAAACTC-1,35
CCTTACGTCAACACTG-1,30
CCTTACGTCATGCATG-1,23
CCTTCCCCAAGCTGTT-1,40
CCTTCCCCAATAGAGT-1,10
CCTTCCCCACGCATCG-1,6
CCTTCCCCATTTGCTT-1,38
CCTTCCCGTTGTTTGG-1,41
CCTTCCCTCTACTTAC-1,10
CCTTCGAAGATCCCAT-1,9
CCTTCGACACATCCAA-1,23
CCTTCGACACCTATCC-1,48
CCTTCGAGTAGCTGCC-1,47
CCTTCGAGTCTGATCA-1,4
CCTTCGAGTGAGTATA-1,44
CCTTCGATCACTTACT-1,35
CCTTCGATCTTGAGAC-1,0
CCTTTCTAGGCCCGTT-1,30
CCTTTCTCAAGCGAGT-1,20
CCTTTCTGTGATGCCC-1,38
CCTTTCTTCAGTGCAT-1,29
CGAACATAGAAGATTC-1,18
CGAACATAGAAGGACA-1,30
CGAACATAGCCAACAG-1,3
CGAACATAGGAATCGC-1,0
CGAACATCAAATTGCC-1,22
CGAACATCAATAACGA-1,33
CGAACATGTCCAACTA-1,23
CGAACATGTTATCACG-1,9
CGAACATTCATGCAAC-1,29
CGAACATTCCCAAGTA-1,0
CGAACATTCCGCATAA-1,49
CGAACATTCGATCCCT-1,3
CGAATGTAGAGTAATC-1,47
CGAATGTAGTCATGCT-1,6
CGAATGTCAATGGAAT-1,38
CGAATGTCACCTTGTC-1,3
CGAATGTCATATGAGA-1,3
CGAATGTGTTGCTCCT-1,23
CGAATGTTCATCATTC-1,37
CGAATGTTCTCTGAGA-1,2
CGAATGTTCTGCGGCA-1,26
CGACCTTGTAATCGTC-1,35
CGACCTTGTCGAATCT-1,26
CGACCTTGTCTCCCTA-1,34
CGACCTTTCCGTCAAA-1,26
CGACCTTTCGCAAGCC-1,33
CGACCTTTCGCTGATA-1,19
CGACTTCAGATGCCAG-1,40
CGACTTCCAACGATCT-1,34
CGACTTCCACGCGAAA-1,4
CGACTTCCATTTCAGG-1,2
CGACTTCGTTCCATGA-1,10
CGACTTCTCGTGGGAA-1,12
CGAGAAGCACACTGCG-1,10
CGAGAAGGTTACTGAC-1,32
CGAGAAGTCCTAGGGC-1,47
CGAGAAGTCTCTGCTG-1,29
CGAGCACAGAACTGTA-1,6
CGAGCACAGCAGACTG-1,23
CGAGCACAGGAATTAC-1,31
CGAGCACAGGTGCTAG-1,40
CGAGCACGTCATATCG-1,8
CGAGCACGTCTCACCT-1,12
CGAGCACGTCTTGATG-1,46
CGAGCACGTTAGGGTG-1,30
CGAGCACTCGGAGCAA-1,26
CGAGCACTCTAACTTC-1,11
CGAGCACTCTGCTGCT-1,0
CGAGCCAAGTTGAGTA-1,10
CGAGCCACAACAACCT-1,26
CGAGCCACATTAGGCT-1,26
CGAGCCATCACCGGGT-1,2
CGATCGGCAGCTCGCA-1,41
CGATCGGGTAAGGGCT-1,48
CGATCGGGTCCGTCAG-1,44
CGATCGGTCAAGGTAA-1,3
CGATCGGTCGTCCAGG-1,45
CGATGGCAGCTACCGC-1,27
CGATGTACACGTTGGC-1,32
CGATGTACAGCCTTTC-1,46
CGATGTAGTGGTGTAG-1,22
CGATGTATCACCAGGC-1,31
CGATTGAAGCAATATG-1,37
CGATTGAAGCGATATA-1,36
CGATTGAAGCGATGAC-1,37
CGATTGAAGTACATGA-1,16
CGATTGACAAGGACAC-1,16
CGATTGAGTACTTGAC-1,26
CGCCAAGCATGCAACT-1,17
CGCCAAGGTCATATGC-1,23
CGCCAAGGTCGTGGCT-1,1
CGCCAAGGTGCTGTAT-1,14
CGCCAAGTCTGTCTAT-1,9
CGCGGTAAGCGTAGTG-1,36
CGCGGTAAGGTGCTAG-1,26
CGCGGTACAGCTCGAC-1,30
CGCGGTACAGGGTATG-1,38
CGCGGTAGTAGATTAG-1,44
CGCGGTAGTTCGGCAC-1,8
CGCGGTATCAGATAAG-1,34
CGCGGTATCGGCGCTA-1,15
CGCGTTTAGAGCTGGT-1,6
CGCGTTTCACGGTTTA-1,10
CGCGTTTGTGGCGAAT-1,30
CGCGTTTTCAACACTG-1,44
CGCGTTTTCCTTTACA-1,43
CGCGTTTTCTTGAGGT-1,19
CGCTATCAGACTCGGA-1,23
CGCTATCAGAGGTTAT-1,2
CGCTATCCACCTCGTT-1,18
CGCTATCGTGTGTGCC-1,10
CGCTATCGTTCGTGAT-1,41
CGCTATCTCACTGGGC-1,32
CGCTATCTCCGCATAA-1,17
CGCTATCTCGGTGTCG-1,26
CGCTATCTCTATGTGG-1,47
CGCTGGAAGTACGACG-1,25
CGCTGGACATCCGCGA-1,10
CGCTGGAGTCCATCCT-1,35
CGCTGGAGTCGCGGTT-1,25
CGCTTCAAGGGTCGAT-1,19
CGCTTCACACGAAACG-1,24
CGCTTCACACGAAAGC-1,38
CGCTTCATCCGGGTGT-1,1
CGGACACAGAAGATTC-1,38
CGGACACAGGATCGCA-1,6
CGGACACAGGCTAGCA-1,25
CGGACACGTCGGCTCA-1,15
CGGACACGTGGTACAG-1,30
CGGACGTAGACTGGGT-1,26
CGGACGTAGATCCCGC-1,6
CGGACGTAGTGGAGTC-1,39
CGGACGTGTACTCGCG-1,19
CGGACTGTCACAGGCC-1,45
CGGACTGTCCTTTCGG-1,0
CGGACTGTCGTATCAG-1,22
CGGACTGTCGTTTATC-1,33
CGGAGCTCAAGACACG-1,22
CGGAGCTCAAGTTCTG-1,25
CGGAGTCGTTGATTGC-1,22
CGGAGTCTCCGAATGT-1,38
CGGCTAGAGAGTAAGG-1,9
CGGCTAGAGCAGATCG-1,15
CGGCTAGAGTTAGCGG-1,20
CGGCTAGCAATGGATA-1,3
CGGCTAGGTAAATACG-1,26
CGGCTAGTCGGCTACG-1,33
CGGGTCAAGCTGAACG-1,0
CGGGTCACAGGAATCG-1,36
CGGGTCAGTAAACCTC-1,25
CGGGTCATCTTACCTA-1,23
CGGTTAAAGGATGCGT-1,30
CGGTTAATCAGTCAGT-1,45
CGGTTAATCGCATGGC-1,41
CGGTTAATCTATCCTA-1,10
CGTAGCGCAGGGATTG-1,10
CGTAGCGTCTGACCTC-1,10
CGTAGGCAGATAGTCA-1,32
CGTAGGCCACCGGAAA-1,0
CGTAGGCCAGCTGGCT-1,0
CGTAGGCGTAACGCGA-1,25
CGTAGGCGTAGAGTGC-1,26
CGTAGGCGTTACGTCA-1,23
CGTAGGCTCATTGCCC-1,27
CGTCACTAGAGACTAT-1,18
CGTCACTAGGATGTAT-1,2
CGTCACTGTCCTCTTG-1,46
CGTCACTTCCAGATCA-1,4
CGTCACTTCCGTAGTA-1,7
CGTCAGGCAAGAAGAG-1,49
CGTCAGGGTGTCTGAT-1,2
CGTCCATAGCTAACTC-1,2
CGTCCATAGCTAAGAT-1,26
CGTCCATAGGACATTA-1,25
CGTCCATCACGCCAGT-1,3
CGTCCATTCTCGCATC-1,12
CGTCTACAGTGAACAT-1,30
CGTCTACCACAACGTT-1,26
CGTCTACGTCTTGATG-1,18
CGTGAGCCAAGCTGAG-1,23
CGTGAGCCAAGTTGTC-1,23
CGTGAGCCATCGGAAG-1,49
CGTGAGCGTACAGTGG-1,17
CGTGAGCGTGCACTTA-1,45
CGTGAGCTCGCACTCT-1,0
CGTGTAAAGGGTTTCT-1,8
CGTGTAAAGTCCGTAT-1,49
CGTGTAAGTAGCTTGT-1,30
CGTGTAAGTATGAATG-1,10
CGTGTAATCACTTATC-1,14
CGTGTCTCAAAGTGCG-1,10
CGTGTCTCAGGCTGAA-1,30
CGTGTCTGTTCGTCTC-1,32
CGTGTCTTCCTATGTT-1,10
CGTGTCTTCTGGCGAC-1,2
CGTTAGACACGGATAG-1,26
CGTTAGAGTCTAGCCG-1,12
CGTTAGATCTACGAGT-1,3
CGTTCTGAGAAGGTGA-1,26
CGTTCTGCAGTATGCT-1,14
CGTTCTGGTTGCGTTA-1,40
CGTTCTGGTTTGACAC-1,48
CGTTGGGCAAAGTCAA-1,18
CGTTGGGCATCGATTG-1,19
CGTTGGGTCTACCAGA-1,10
CTAACTTAGAAACCAT-1,16
CTAACTTAGCCACCTG-1,49
CTAACTTAGCTAGTTC-1,43
CTAACTTAGGCTATCT-1,13
CTAACTTAGGTACTCT-1,36
CTAACTTAGTGGACGT-1,3
CTAACTTCAGCTGTAT-1,30
CTAACTTTCATGTGGT-1,26
CTAAGACAGAGTGAGA-1,34
CTAAGACAGCTGCGAA-1,16
CTAAGACAGGGATCTG-1,19
CTAAGACAGTGAAGTT-1,49
CTAAGACAGTTAAGTG-1,25
CTAAGACGTAGGGTAC-1,19
CTAAGACGTGGTGTAG-1,23
CTAAGACTCCGTTGCT-1,39
CTAATGGCACCTCGGA-1,46
CTAATGGCACGAGGTA-1,38
CTAATGGCACTTAAGC-1,23
CTAATGGCAGGATTGG-1,12
CTAATGGCATGAGCGA-1,35
CTAATGGCATTTGCCC-1,41
CTAATGGGTAGAGCTG-1,0
CTACACCCACATCCGG-1,28
CTACACCGTCCCTTGT-1,23
CTACACCTCAGAAATG-1,20
CTACACCTCGCCAGCA-1,40
CTACACCTCTGACCTC-1,26
CTACATTAGGGCATGT-1,6
CTACATTCACCTCGTT-1,46
CTACATTCAGGCAGTA-1,49
CTACATTGTAGCGATG-1,49
CTACATTGTTCCAACA-1,37
CTACATTGTTTCGCTC-1,10
CTACCCATCCGCGGTA-1,45
CTACGTCCATCACGAT-1,26
CTAGAGTAGCCCAACC-1,9
CTAGAGTAGCGCTTAT-1,16
CTAGAGTCAAGCTGGA-1,47
CTAGAGTCAATTCCTT-1,47
CTAGAGTCATCACCCT-1,26
CTAGAGTGTCCTGCTT-1,18
CTAGAGTTCGCGATCG-1,10
CTAGCCTAGGTGATTA-1,35
CTAGCCTGTATCAGTC-1,25
CTAGCCTTCAATACCG-1,21
CTAGCCTTCGAGCCCA-1,9
CTAGTGAAGAGAACAG-1,9
CTAGTGAGTGCGAAAC-1,21
CTAGTGATCACAGGCC-1,8
CTAGTGATCATGGTCA-1,25
CTAGTGATCGCGTTTC-1,6
CTCACACAGGAATCGC-1,30
CTCACACAGTACGCGA-1,6
CTCACACCACGAAAGC-1,27
CTCACACCATCGACGC-1,45
CTCACACGTCCAGTGC-1,44
CTCACACGTCTAGTCA-1,10
CTCACACGTGTTCTTT-1,26
CTCACACTCAGAGGTG-1,14
CTCACACTCATCGCTC-1,38
CTCACACTCCACGAAT-1,16
CTCACACTCTGCTGTC-1,49
CTCAGAAAGAAACGCC-1,16
CTCAGAAAGAAGATTC-1,33
CTCAGAAAGCCAGTTT-1,26
CTCAGAAGTACCGAGA-1,26
CTCAGAAGTCTCACCT-1,8
CTCAGAAGTGCCTGGT-1,40
CTCAGAAGTTAAGACA-1,40
CTCAGAATCATGTCTT-1,12
CTCAGAATCGCGCCAA-1,29
CTCATTAAGATCGGGT-1,1
CTCATTACAATGGAGC-1,25
CTCATTACATTTGCTT-1,45
CTCATTAGTAGCGTAG-1,38
CTCATTAGTCTCTCGT-1,30
CTCATTAGTGCTCTTC-1,25
CTCATTAGTTACCAGT-1,4
CTCCTAGAGAAGCCCA-1,48
CTCCTAGCACATTAGC-1,47
CTCCTAGCATCGGTTA-1,9
CTCCTAGGTACTTGAC-1,14
CTCCTAGGTAGTAGTA-1,11
CTCCTAGTCCGAAGAG-1,22
CTCCTAGTCTCACATT-1,26
CTCGAAAGTACAGTGG-1,0
CTCGAAAGTGCCTGTG-1,45
CTCGAAAGTTGGTTTG-1,30
CTCGAAATCACAACGT-1,37
CTCGAAATCCAGATCA-1,20
CTCGAGGAGATCTGCT-1,36
CTCGAGGAGGGAAACA-1,6
CTCGAGGAGGTGCACA-1,15
CTCGAGGCAGCTGGCT-1,14
CTCGAGGGTAGGGACT-1,10
CTCGGAGAGGACAGAA-1,49
CTCGGAGAGTAATCCC-1,10
CTCGGAGCATCCGCGA-1,3
CTCGGGAAGAAAGTGG-1,27
CTCGGGACACATCCAA-1,10
CTCGGGACACGTGAGA-1,48
CTCGGGACAGCTTCGG-1,26
CTCGGGATCTCTGAGA-1,49
CTCGTACAGCAATATG-1,23
CTCGTACAGCTGCCCA-1,16
CTCGTACAGTTATCGC-1,40
CTCGTACCACACTGCG-1,10
CTCGTACCAGGTCCAC-1,26
CTCGTACTCACTCCTG-1,33
CTCGTCAAGGAGTTTA-1,7
CTCGTCAAGTGAAGTT-1,19
CTCGTCACAATACGCT-1,3
CTCGTCACACGGACAA-1,35
CTCGTCACAGTCGATT-1,39
CTCGTCAGTAAGTAGT-1,44
CTCGTCAGTATTCTCT-1,9
CTCGTCAGTCAGAAGC-1,27
CTCGTCATCAACGGCC-1,22
CTCGTCATCTACTATC-1,6
CTCTAATAGAAGGTTT-1,1
CTCTAATTCCAGTATG-1,40
CTCTACGAGATATGGT-1,3
CTCTACGAGCTACCTA-1,41
CTCTACGCAGATGGCA-1,29
CTCTACGGTTGAGGTG-1,4
CTCTACGGTTGCGTTA-1,25
CTCTGGTAGCATCATC-1,21
CTCTGGTGTAGATTAG-1,49
CTCTGGTGTCTGATTG-1,9
CTCTGGTGTTAGGGTG-1,29
CTCTGGTTCAGCAACT-1,40
CTCTGGTTCCCAACGG-1,6
CTGAAACAGGAGTCTG-1,2
CTGAAACCAATCTACG-1,1
CTGAAACCACACCGCA-1,25
CTGAAACCATCCGTGG-1,27
CTGAAACTCCTGCTTG-1,3
CTGAAACTCGAGAACG-1,49
CTGAAGTCAAATTGCC-1,42
CTGAAGTGTAGGCATG-1,22
CTGAAGTGTTTCCACC-1,35
CTGAAGTTCACCTCGT-1,6
CTGATAGAGGTGCTAG-1,9
CTGATAGGTAGAGGAA-1,6
CTGATAGGTTGCTCCT-1,21
CTGATCCAGCCTATGT-1,11
CTGATCCAGGGCTCTC-1,32
CTGATCCAGTGAAGAG-1,33
CTGATCCTCTGTACGA-1,37
CTGCCTAAGACTGTAA-1,33
CTGCCTAAGGTAGCTG-1,30
CTGCCTACAAGACGTG-1,20
CTGCCTACAGTCGATT-1,3
CTGCCTAGTCATATCG-1,1
CTGCCTAGTGAGGCTA-1,42
CTGCCTAGTGAGTATA-1,1
CTGCCTATCCCTTGTG-1,9
CTGCGGAAGAAACGAG-1,23
CTGCGGACACGAAACG-1,40
CTGCGGACACTTAACG-1,16
CTGCGGACATCCGCGA-1,36
CTGCGGAGTCAATGTC-1,25
CTGCGGAGTCCCGACA-1,19
CTGCGGAGTTATCACG-1,48
CTGCGGATCGACAGCC-1,46
CTGCTGTAGGGAGTAA-1,35
CTGCTGTCAAACTGTC-1,12
CTGCTGTCAGGTGCCT-1,10
CTGCTGTCATCCCACT-1,45
CTGCTGTGTCGCTTTC-1,9
CTGCTGTTCAAAGACA-1,45
CTGCTGTTCCCTTGCA-1,13
CTGCTGTTCCGTCATC-1,48
CTGGTCTGTGTAATGA-1,19
CTGGTCTGTTAAGACA-1,18
CTGGTCTTCCGTCAAA-1,45
CTGGTCTTCCTTAATC-1,36
CTGTGCTAGGGATCTG-1,26
CTGTGCTAGGTACTCT-1,46
CTGTGCTCATAGAAAC-1,3
CTGTGCTGTAGCGTAG-1,22
CTGTGCTTCCTAGAAC-1,10
CTGTTTAAGGTCATCT-1,25
CTGTTTACAATCTGCA-1,4
CTGTTTATCCCATTAT-1,12
CTGTTTATCCTTGACC-1,35
CTTAACTAGTGTACCT-1,10
CTTAACTTCATAAAGG-1,7
CTTACCGAGAGTTGGC-1,11
CTTACCGAGGTAAACT-1,27
CTTACCGAGTGTCCAT-1,3
CTTACCGCAAGGACTG-1,10
CTTACCGCATCACAAC-1,23
CTTACCGGTTTGTTTC-1,12
CTTAGGACACAAGCCC-1,39
CTTAGGACACTAGTAC-1,26
CTTAGGAGTCTCTTAT-1,7
CTTAGGATCTGTACGA-1,2
CTTCTCTAGACTGTAA-1,30
CTTCTCTAGATGTTAG-1,49
CTTCTCTCAGTCAGCC-1,32
CTTCTCTGTTCGTTGA-1,10
CTTCTCTGTTTGACAC-1,33
CTTCTCTTCCAGAAGG-1,26
CTTGGCTAGTTAGCGG-1,23
CTTGGCTGTACTTAGC-1,6
CTTGGCTGTGTCGCTG-1,49
CTTTGCGAGTACGACG-1,16
CTTTGCGCAATAAGCA-1,29
CTTTGCGGTCTCTCTG-1,1
GAAACTCAGCTAACAA-1,42
GAAACTCAGCTAGTCT-1,45
GAAACTCAGCTCCCAG-1,8
GAAACTCAGGCTAGAC-1,41
GAAACTCAGTACGTTC-1,26
GAAACTCAGTGTTGAA-1,9
GAAACTCCAATGGAGC-1,10
GAAACTCCAGGCGATA-1,26
GAAACTCCATCTACGA-1,35
GAAACTCGTAGCCTCG-1,35
GAAACTCGTGCTGTAT-1,36
GAAACTCTCAGTTCGA-1,26
GAAATGAAGGACCACA-1,30
GAAATGAAGTGTCCAT-1,25
GAAATGAAGTTGTAGA-1,15
GAAATGAGTCCTAGCG-1,6
GAAATGATCGCCGTGA-1,23
GAAATGATCTTACCGC-1,30
GAACATCAGTATCGAA-1,19
GAACATCCAAAGGCGT-1,8
GAACATCCAAATACAG-1,31
GAACATCCAGGGTTAG-1,32
GAACATCGTAGGCATG-1,25
GAACCTAAGTCCATAC-1,39
GAACCTAAGTTAGGTA-1,45
GAACCTACAAGCCTAT-1,8
GAACCTAGTGCACGAA-1,26
GAACCTATCGCCAAAT-1,25
GAACCTATCGGCTACG-1,2
GAACCTATCTGACCTC-1,26
GAACCTATCTTACCGC-1,1
GAACGGACAGACAAAT-1,46
GAACGGAGTGTGACCC-1,7
GAACGGAGTGTGGTTT-1,43
GAACGGAGTTTGGGCC-1,35
GAACGGATCAACCATG-1,33
GAACGGATCACTTATC-1,26
GAAGCAGAGGCTAGAC-1,38
GAAGCAGAGTCAAGGC-1,10
GAAGCAGCAGCTCGCA-1,16
GAAGCAGGTATCACCA-1,29
GAAGCAGTCAGATAAG-1,27
GAAGCAGTCTATCCCG-1,3
GAATAAGAGAACTGTA-1,33
GAATAAGAGTTAGGTA-1,26
GAATAAGTCACAGGCC-1,38
GAATAAGTCCTGCTTG-1,39
GAATGAAAGCAATATG-1,6
GAATGAACACGGCCAT-1,22
GAATGAACAGCTTCGG-1,10
GAATGAACATAAAGGT-1,29
GAATGAACATACAGCT-1,40
GACACGCCAGACACTT-1,6
GACACGCCATCGACGC-1,19
GACACGCGTTAAGGGC-1,25
GACACGCTCCCATTTA-1,42
GACACGCTCTCATTCA-1,34
GACACGCTCTTTACGT-1,19
GACAGAGGTTAAGACA-1,12
GACAGAGTCACATAGC-1,4
GACAGAGTCAGCATGT-1,1
GACAGAGTCGGAGCAA-1,37
GACCAATAGCGTTTAC-1,31
GACCAATAGTCAATAG-1,31
GACCAATGTACAAGTA-1,25
GACCAATTCTGGTGTA-1,8
GACCTGGAGCTTTGGT-1,26
GACCTGGCAAAGGTGC-1,10
GACCTGGCAGGGAGAG-1,0
GACCTGGGTGTGAATA-1,15
GACGCGTAGAATGTGT-1,11
GACGCGTCAACGCACC-1,26
GACGCGTCAAGTCATC-1,25
GACGCGTGTGGTCCGT-1,1
GACGCGTTCCTAAGTG-1,38
GACGGCTAGTTTCCTT-1,6
GACGGCTGTCGACTAT-1,39
GACGGCTTCACAGGCC-1,32
GACGGCTTCCCAAGTA-1,33
GACGGCTTCGGTGTCG-1,12
GACGTGCAGAGAGCTC-1,8
GACGTGCAGAGATGAG-1,35
GACGTGCCAGCTCGAC-1,46
GACGTGCGTCTGCGGT-1,15
GACGTGCTCAGCTCTC-1,29
GACGTGCTCATCGATG-1,45
GACGTGCTCCACTGGG-1,10
GACGTTAAGCCGCCTA-1,37
GACGTTAAGTAGCGGT-1,25
GACGTTAAGTCAATAG-1,26
GACGTTACAACACCTA-1,30
GACGTTACAAGGTTCT-1,4
GACGTTAGTAACGCGA-1,10
GACGTTATCCACGACG-1,19
GACTAACAGAGCTGGT-1,6
GACTAACGTAAGCACG-1,25
GACTAACGTACGACCC-1,31
GACTAACTCCAAACTG-1,10
GACTACACATAAAGGT-1,12
GACTACAGTAACGTTC-1,27
GACTACAGTAGTAGTA-1,3
GACTACATCATGCATG-1,16
GACTGCGAGCTGTTCA-1,35
GACTGCGCACAGCCCA-1,4
GACTGCGGTTGGTTTG-1,8
GAGCAGAAGTTGAGTA-1,42
GAGCAGATCCTTTCTC-1,1
GAGCAGATCGCCAGCA-1,31
GAGGTGAAGAATGTGT-1,6
GAGGTGAAGAGTAAGG-1,39
GAGGTGACACGCTTTC-1,10
GAGGTGATCACCCTCA-1,46
GAGTCCGAGCCAGAAC-1,37
GAGTCCGAGTACTTGC-1,23
GAGTCCGGTATGAATG-1,37
GAGTCCGTCAGCTCTC-1,22
GAGTCCGTCCTTTCTC-1,46
GAGTCCGTCGTTGACA-1,12
GATCAGTAGATGCCTT-1,30
GATCAGTAGGAGTACC-1,42
GATCAGTCAAGGACTG-1,4
GATCAGTCAAGTAGTA-1,29
GATCAGTGTCGCATCG-1,19
GATCAGTTCCAGATCA-1,9
GATCAGTTCGGCTTGG-1,3
GATCGATAGACAAAGG-1,15
GATCGATAGATGGGTC-1,10
GATCGATAGATGTGGC-1,45
GATCGCGCAAAGTGCG-1,38
GATCGCGGTAAACCTC-1,17
GATCGCGGTTCCGGCA-1,3
GATCGCGTCACTTACT-1,16
GATCGCGTCAGGCGAA-1,1
GATCGTAAGATATGGT-1,2
GATCGTAAGGCTATCT-1,39
GATCGTAAGTATCGAA-1,9
GATCGTACATTCCTCG-1,23
GATCGTAGTGAAATCA-1,24
GATCTAGAGAGATGAG-1,3
GATCTAGAGAGGTTGC-1,0
GATCTAGAGGGCTTCC-1,38
GATCTAGCACGGTGTC-1,35
GATCTAGGTAAATGTG-1,0
GATCTAGGTCGCTTCT-1,17
GATCTAGTCATTGCCC-1,19
GATGAAAAGTATGACA-1,21
GATGAAACAAGAAAGG-1,26
GATGAAACACCCAGTG-1,11
GATGAAACATTGTGCA-1,14
GATGAAATCGAATCCA-1,33
GATGAGGAGAGACTTA-1,35
GATGAGGCAACGATGG-1,1
GATGAGGGTAAGTGTA-1,24
GATGAGGGTGAGCGAT-1,6
GATGAGGTCCAGATCA-1,19
GATGAGGTCGAGAACG-1,43
GATGCTAAGATCCTGT-1,32
GATGCTAAGTCATGCT-1,18
GATGCTACACAGCGTC-1,4
GATGCTACAGTTCCCT-1,41
GATGCTAGTCTCCATC-1,0
GATGCTAGTTCTGTTT-1,9
GATTCAGGTTGATTCG-1,40
GATTCAGTCATGCATG-1,10
GATTCAGTCATGTCTT-1,6
GCAAACTAGAGAGCTC-1,27
GCAAACTAGAGTGAGA-1,16
GCAAACTCAAATCCGT-1,48
GCAAACTCAAGCGTAG-1,10
GCAAACTCACGTAAGG-1,5
GCAAACTCATCCGTGG-1,11
GCAAACTGTAATCGTC-1,6
GCAAACTGTGCGGTAA-1,29
GCAAACTTCCTAGTGA-1,22
GCAAACTTCTACCAGA-1,19
GCAATCAGTAATCGTC-1,27
GCAATCAGTAGGGTAC-1,10
GCAATCATCAGCACAT-1,25
GCAATCATCCACGACG-1,12
GCAATCATCGTCTGAA-1,26
GCAATCATCGTTTGCC-1,25
GCACATAAGACTACAA-1,25
GCACATAAGTTGCAGG-1,14
GCACTCTAGGAGTCTG-1,16
GCACTCTAGGCATGTG-1,42
GCACTCTAGTGTACCT-1,23
GCACTCTCAAAGTGCG-1,31
GCACTCTCAAGCCCAC-1,27
GCACTCTCAGCTGTAT-1,47
GCACTCTGTCATGCAT-1,23
GCACTCTTCCTATGTT-1,26
GCAGCCAAGGTGCTTT-1,26
GCAGCCACACACTGCG-1,3
GCAGCCACAGTATGCT-1,25
GCAGCCACATTCGACA-1,19
GCAGCCAGTCAAACTC-1,30
GCAGCCATCAAACCGT-1,20
GCAGCCATCACCGTAA-1,40
GCAGCCATCATACGGT-1,4
GCAGTTAAGAAGCCCA-1,31
GCAGTTAAGGTCATCT-1,32
GCAGTTAAGTCTTGCA-1,3
GCAGTTACAAACAACA-1,36
GCATACAAGTGTTGAA-1,39
GCATACAAGTTACGGG-1,25
GCATACATCACCATAG-1,30
GCATGATAGGCTCATT-1,23
GCATGATAGGCTCTTA-1,38
GCATGATAGTTCGCAT-1,42
GCATGATCAGGACGTA-1,49
GCATGATGTATCTGCA-1,10
GCATGATGTCTACCTC-1,43
GCATGATTCAACCATG-1,22
GCATGATTCCGCATAA-1,42
GCATGCGAGCCCGAAA-1,33
GCATGCGGTAGGAGTC-1,10
GCATGCGTCGCATGAT-1,30
GCATGCGTCGGAAACG-1,4
GCATGCGTCTTGTCAT-1,10
GCATGTAAGCGATGAC-1,46
GCATGTACAACAACCT-1,15
GCATGTACAATCTGCA-1,22
GCATGTACACACCGAC-1,42
GCATGTACACGTCAGC-1,45
GCATGTACAGACAAGC-1,1
GCATGTAGTACTTAGC-1,36
GCATGTATCGCCAAAT-1,33
GCCAAATAGGCAGTCA-1,22
GCCAAATCAAGCCTAT-1,4
GCCAAATCAGCATACT-1,2
GCCAAATCATGCCCGA-1,46
GCCAAATGTATAGGGC-1,38
GCCAAATTCAATCTCT-1,39
GCCAAATTCCACTGGG-1,45
GCCAAATTCGAGAACG-1,35
GCCAAATTCTAACTCT-1,1
GCCAAATTCTAAGCCA-1,4
GCCTCTAAGCCACGTC-1,6
GCCTCTACAAGCGATG-1,48
GCCTCTACAGACTCGC-1,26
GCCTCTATCCTTTACA-1,41
GCCTCTATCTTCCTTC-1,46
GCGACCACACTTAAGC-1,0
GCGACCAGTTCGTGAT-1,26
GCGACCAGTTGGGACA-1,37
GCGAGAAAGAACTCGG-1,47
GCGAGAAAGTACGCCC-1,46
GCGAGAACAAACCTAC-1,33
GCGAGAAGTGAGTGAC-1,30
GCGCAACAGAAGGTGA-1,25
GCGCAACAGCATCATC-1,6
GCGCAACGTGTCAATC-1,46
GCGCAACTCAACACTG-1,23
GCGCAACTCTGTTGAG-1,2
GCGCAGTAGAGAACAG-1,39
GCGCAGTCACTTCGAA-1,46
GCGCAGTCAGCTTCGG-1,32
GCGCAGTTCACGAAGG-1,35
GCGCCAAAGCCAGGAT-1,47
GCGCCAACAATGCCAT-1,0
GCGCCAACACTTCTGC-1,4
GCGCCAATCCCATTTA-1,26
GCGCGATAGGGCTCTC-1,23
GCGCGATAGTGGTAAT-1,39
GCGCGATTCATGTGGT-1,3
GCGCGATTCCTAAGTG-1,13
GCGGGTTCAAGAAGAG-1,2
GCGGGTTCAAGTAGTA-1,49
GCGGGTTCACAGCCCA-1,10
GCGGGTTTCGTCCGTT-1,43
GCGGGTTTCTTGCCGT-1,8
GCTCCTACACAGACAG-1,23
GCTCCTAGTACCGGCT-1,45
GCTCCTATCAAAGTAG-1,27
GCTCCTATCTCTAAGG-1,0
GCTCTGTAGAGCCTAG-1,26
GCTCTGTAGAGGACGG-1,38
GCTCTGTAGCTCTCGG-1,16
GCTCTGTAGTCCGGTC-1,0
GCTCTGTGTAAACGCG-1,13
GCTCTGTGTAGCGCTC-1,45
GCTCTGTTCGGATGTT-1,48
GCTGCAGAGGATGGAA-1,22
GCTGCAGCACTTCTGC-1,9
GCTGCAGCATTAGGCT-1,26
GCTGCAGGTCCAGTTA-1,8
GCTGCAGTCTAACTCT-1,28
GCTGCGACAACCGCCA-1,10
GCTGCGACAGAGCCAA-1,35
GCTGCGAGTAGGCATG-1,35
GCTGCGATCTTCGAGA-1,31
GCTGCTTTCCGCGGTA-1,26
GCTGCTTTCGGGAGTA-1,9
GCTTCCAAGCTAGTGG-1,25
GCTTCCAAGTTTCCTT-1,23
GCTTCCACAGGATCGA-1,35
GCTTCCACATTCGACA-1,6
GCTTCCAGTAGAGGAA-1,25
GCTTCCAGTTACAGAA-1,26
GCTTCCAGTTAGATGA-1,35
GCTTGAAAGATATGCA-1,4
GCTTGAAAGATGTTAG-1,6
GCTTGAAAGGGCTCTC-1,21
GCTTGAAGTAGAGCTG-1,49
GCTTGAATCACTATTC-1,35
GCTTGAATCCTGCAGG-1,43
GGAACTTAGCCCAACC-1,26
GGAACTTCATAGTAAG-1,19
GGAACTTTCAAGATCC-1,29
GGAACTTTCCAGGGCT-1,10
GGAACTTTCCCGACTT-1,16
GGAACTTTCCCTAATT-1,32
GGAATAAAGGGAGTAA-1,1
GGAATAACACCGTTGG-1,22
GGAATAACACTAAGTC-1,18
GGAATAACAGATGAGC-1,33
GGAATAAGTGGTTTCA-1,42
GGAATAATCGTACGGC-1,11
GGAATAATCTAGAGTC-1,25
GGACAAGCAGACACTT-1,32
GGACAAGGTAGCTCCG-1,26
GGACAAGGTTTGACAC-1,41
GGACAAGTCCTTAATC-1,21
GGACAGACAACTGCTA-1,42
GGACAGACAATGTAAG-1,3
GGACAGATCACAGGCC-1,19
GGACAGATCCGAGCCA-1,23
GGACAGATCCGTTGCT-1,11
GGACATTAGATAGTCA-1,3
GGACATTCAACGATGG-1,1
GGACATTCACACTGCG-1,1
GGACATTCATATGAGA-1,45
GGACATTTCAACACAC-1,42
GGACATTTCCCAAGTA-1,29
GGACATTTCCGTTGCT-1,40
GGACGTCAGGGTATCG-1,35
GGACGTCCATGCAATC-1,49
GGACGTCTCCGTCATC-1,35
GGACGTCTCGACCAGC-1,12
GGACGTCTCTGACCTC-1,31
GGAGCAACACTACAGT-1,20
GGAGCAAGTTCCTCCA-1,33
GGAGCAAGTTGTGGCC-1,48
GGAGCAATCCTCAATT-1,30
GGATGTTAGCACCGCT-1,1
GGATGTTAGTGCAAGC-1,35
GGATGTTTCAAGCCTA-1,8
GGATGTTTCAGTTTGG-1,44
GGATTACAGACCTAGG-1,30
GGATTACAGGTGCTTT-1,4
GGATTACGTCAAACTC-1,19
GGATTACTCCAGAAGG-1,9
GGATTACTCGCCATAA-1,42
GGATTACTCGCGGATC-1,23
GGCAATTCACCGGAAA-1,10
GGCAATTGTAGGCATG-1,12
GGCAATTGTGATAAAC-1,26
GGCAATTTCCTGTAGA-1,1
GGCAATTTCTAGCACA-1,26
GGCAATTTCTGGAGCC-1,22
GGCCGATAGAAGGGTA-1,23
GGCCGATAGAAGGTTT-1,3
GGCGACTAGTTGAGAT-1,36
GGCGACTCACACAGAG-1,10
GGCGACTCACGGCCAT-1,35
GGCGACTGTACCGTAT-1,46
GGCGACTGTGCGAAAC-1,37
GGCGTGTGTACTTCTT-1,26
GGCGTGTTCTGATTCT-1,46
GGCTCGAAGGAATGGA-1,11
GGCTCGACACCAACCG-1,22
GGCTCGACATTCGACA-1,13
GGCTCGAGTCCAAGTT-1,2
GGCTCGAGTTCGGGCT-1,27
GGCTCGATCCAAATGC-1,27
GGCTCGATCGAGCCCA-1,1
GGCTGGTAGTGACATA-1,34
GGCTGGTCAAGCGCTC-1,47
GGCTGGTGTACGAAAT-1,23
GGCTGGTTCAGAGGTG-1,39
GGCTGGTTCCAAGTAC-1,47
GGCTGGTTCCCATTTA-1,33
GGGAATGAGACACGAC-1,6
GGGAATGAGGAGTCTG-1,10
GGGAATGAGGTGTGGT-1,6
GGGAATGGTTATCGGT-1,3
GGGACCTAGCAAATCA-1,10
GGGACCTGTCATCCCT-1,45
GGGACCTGTTGCCTCT-1,17
GGGACCTTCAGCTCGG-1,0
GGGAGATAGGTAAACT-1,46
GGGAGATAGTTCCACA-1,18
GGGAGATCAGGTCCAC-1,33
GGGAGATCATCGGTTA-1,14
GGGAGATGTTACTGAC-1,27
GGGAGATTCAAGGTAA-1,46
GGGATGAGTCTACCTC-1,22
GGGATGATCTATCGCC-1,26
GGGCACTAGCTGGAAC-1,24
GGGCACTAGTACACCT-1,8
GGGCACTAGTAGTGCG-1,6
GGGCACTCAAGGTTTC-1,32
GGGCACTGTAACGCGA-1,40
GGGCACTGTCATCCCT-1,19
GGGCACTTCGGTTAAC-1,29
GGGCACTTCGTTTATC-1,35
GGGCACTTCTGAAAGA-1,2
GGGCACTTCTTAGAGC-1,41
GGGCATCAGGCGCTCT-1,25
GGGCATCAGGGCTTGA-1,42
GGGCATCTCACATACG-1,48
GGGCATCTCAGTACGT-1,2
GGGCATCTCTCAACTT-1,33
GGGTCTGAGAAGCCCA-1,10
GGGTCTGAGACTAAGT-1,23
GGGTCTGGTCCATGAT-1,19
GGGTCTGGTGCGAAAC-1,1
GGGTCTGGTGTGAAAT-1,3
GGGTCTGGTTCTGAAC-1,38
GGGTCTGTCCCGGATG-1,36
GGGTTGCAGGACTGGT-1,9
GGTATTGAGCTACCGC-1,49
GGTATTGAGGACATTA-1,9
GGTGAAGAGATATACG-1,16
GGTGAAGAGCCTTGAT-1,10
GGTGAAGAGTACACCT-1,37
GGTGAAGCAAACTGTC-1,49
GGTGAAGCAAAGGTGC-1,29
GGTGAAGCAATAAGCA-1,37
GGTGAAGCACACCGAC-1,16
GGTGAAGCAGTATAAG-1,48
GGTGAAGGTGCCTGTG-1,23
GGTGAAGTCCCGACTT-1,18
GGTGCGTAGAGCTATA-1,31
GGTGCGTAGAGGACGG-1,4
GGTGTTAAGGGTTTCT-1,26
GGTGTTATCTAGAGTC-1,2
GTAACGTAGTCCATAC-1,34
GTAACGTCATTCACTT-1,19
GTAACGTGTAAGTTCC-1,26
GTAACGTGTACTTAGC-1,19
GTAACTGAGCAATCTC-1,46
GTAACTGAGTAGATGT-1,35
GTAACTGCAAAGTGCG-1,26
GTAACTGCATGGGAAC-1,21
GTAACTGGTAACGACG-1,25
GTAACTGGTCCCGACA-1,34
GTAACTGGTCGAGATG-1,31
GTAACTGTCCAACCAA-1,1
GTACGTAAGGACACCA-1,37
GTACGTACAAAGTCAA-1,19
GTACGTAGTGCAGTAG-1,32
GTACGTAGTGGTCTCG-1,39
GTACGTAGTTTAGGAA-1,49
GTACGTATCTCTTGAT-1,13
GTACTCCAGATCCCGC-1,15
GTACTCCAGCTGCGAA-1,6
GTACTCCAGGTGATAT-1,49
GTACTCCCACAGCGTC-1,35
GTACTCCGTCGACTGC-1,15
GTACTCCTCAACACTG-1,10
GTACTCCTCATGTAGC-1,1
GTACTCCTCTATCGCC-1,42
GTACTCCTCTTACCTA-1,22
GTACTTTAGAGGTACC-1,3
GTACTTTCACATAACC-1,42
GTACTTTCACGGCTAC-1,13
GTACTTTCAGACACTT-1,19
GTAGGCCAGCTGCAAG-1,35
GTAGGCCCAGCCTATA-1,46
GTAGGCCTCACATAGC-1,15
GTAGGCCTCCCTGACT-1,21
GTAGTCATCCGAACGC-1,45
GTATCTTAGTGTCTCA-1,38
GTATCTTCACGGTAAG-1,23
GTATCTTCATGAAGTA-1,37
GTATCTTCATGGATGG-1,32
GTATTCTAGCCACGTC-1,16
GTATTCTAGCCAGTTT-1,23
GTATTCTCAATGGTCT-1,26
GTATTCTCACGCATCG-1,35
GTATTCTGTCTCTCTG-1,31
GTATTCTGTGCTGTAT-1,16
GTATTCTGTGTCCTCT-1,48
GTCAAGTAGAGCCCAA-1,14
GTCAAGTCATTTCAGG-1,14
GTCAAGTTCCACTGGG-1,44
GTCAAGTTCCGTAGGC-1,4
GTCACAAAGGCAAAGA-1,26
GTCACAAGTCGCCATG-1,23
GTCACAAGTTGTACAC-1,1
GTCACAAGTTTAGGAA-1,37
GTCACAATCAGCGACC-1,26
GTCACAATCATCATTC-1,39
GTCACAATCCGCATCT-1,14
GTCACAATCGAACGGA-1,38
GTCACAATCTGGGCCA-1,4
GTCACAATCTTACCGC-1,35
GTCACAATCTTGTCAT-1,31
GTCACGGGTGCAACGA-1,31
GTCACGGTCCTACAGA-1,1
GTCATTTAGCTAACTC-1,8
GTCATTTAGTACGCGA-1,27
GTCATTTAGTTGCAGG-1,1
GTCATTTCACGTCTCT-1,26
GTCATTTCAGCCAGAA-1,48
GTCATTTCAGTGGGAT-1,35
GTCATTTTCTTTCCTC-1,47
GTCCTCAAGAGTAATC-1,4
GTCCTCAAGCAGGCTA-1,43
GTCCTCAGTCTCGTTC-1,10
GTCCTCAGTTAAGGGC-1,27
GTCGGGTCAACGCACC-1,29
GTCGGGTGTACGCACC-1,6
GTCGGGTGTAGGACAC-1,16
GTCGGGTGTTGATTGC-1,26
GTCGGGTTCAGAAATG-1,10
GTCGGGTTCATTTGGG-1,26
GTCGGGTTCTGCGTAA-1,47
GTCGTAAAGAGAGCTC-1,35
GTCGTAAGTAAATGTG-1,22
GTCGTAATCAGGATCT-1,0
GTCGTAATCCACGAAT-1,3
GTCGTAATCTTAGAGC-1,26
GTCTCGTCACTGTTAG-1,21
GTCTCGTCAGTCTTCC-1,11
GTCTCGTGTAACGTTC-1,30
GTCTCGTGTTCCTCCA-1,25
GTCTCGTGTTTGTTTC-1,39
GTCTCGTTCGTTTATC-1,4
GTCTTCGTCGGAAACG-1,16
GTGAAGGAGAAGGTTT-1,26
GTGAAGGCACCGATAT-1,5
GTGAAGGCACCGGAAA-1,21
GTGAAGGCAGTTAACC-1,21
GTGAAGGGTAAACACA-1,20
GTGAAGGTCACGGTTA-1,23
GTGAAGGTCGCTTAGA-1,38
GTGCAGCAGATCCGAG-1,46
GTGCAGCAGCTGATAA-1,21
GTGCAGCAGGGTCTCC-1,43
GTGCAGCCAGGACCCT-1,3
GTGCATAAGCTAACTC-1,37
GTGCATAGTTACCAGT-1,36
GTGCATATCCGTCATC-1,22
GTGCGGTAGGGTATCG-1,36
GTGCGGTCACGTCAGC-1,22
GTGCGGTGTACAAGTA-1,0
GTGCGGTGTACCATCA-1,15
GTGCTTCAGGGCTTGA-1,28
GTGCTTCCACCCAGTG-1,3
GTGCTTCCACGAAACG-1,25
GTGCTTCGTCCGTTAA-1,42
GTGCTTCTCGTTTAGG-1,42
GTGCTTCTCTCAACTT-1,35
GTGGGTCAGCGTGAAC-1,49
GTGGGTCAGCTATGCT-1,10
GTGGGTCCAAGTTCTG-1,19
GTGGGTCCACGCTTTC-1,48
GTGGGTCCAGACAAAT-1,3
GTGGGTCGTCTCTTTA-1,24
GTGGGTCTCAAACCAC-1,3
GTGGGTCTCGCAAGCC-1,6
GTGTGCGAGAATTCCC-1,32
GTGTGCGCAAACGTGG-1,36
GTGTTAGAGGAATCGC-1,22
GTGTTAGAGTACGCCC-1,42
GTGTTAGAGTTGAGTA-1,26
GTGTTAGGTGACTACT-1,6
GTTAAGCAGAGCTGGT-1,46
GTTAAGCAGAGTTGGC-1,10
GTTAAGCAGCTAACAA-1,1
GTTAAGCAGGAGCGAG-1,19
GTTAAGCCACAAGCCC-1,12
GTTAAGCCATCCGGGT-1,44
GTTAAGCCATTGCGGC-1,9
GTTAAGCGTGAGTATA-1,27
GTTAAGCTCAGAGACG-1,4
GTTACAGAGCACCGCT-1,26
GTTCATTAGACTCGGA-1,46
GTTCATTCAATCGGTT-1,1
GTTCATTCATACAGCT-1,17
GTTCATTCATCAGTCA-1,23
GTTCATTGTAGCGCTC-1,21
GTTCATTTCTTATCTG-1,34
GTTCGGGAGCCGATTT-1,21
GTTCGGGAGTACCGGA-1,45
GTTCGGGCATGGGAAC-1,23
GTTCGGGGTTTGACAC-1,44
GTTCGGGTCCAGGGCT-1,35
GTTCGGGTCCGTCATC-1,25
GTTCTCGCACATGGGA-1,45
GTTCTCGCAGGCTGAA-1,8
GTTCTCGGTTCGCTAA-1,39
GTTTCTAGTGACTACT-1,1
GTTTCTATCAGTTTGG-1,7
GTTTCTATCCAAATGC-1,3
GTTTCTATCCCTTGCA-1,38
GTTTCTATCCTCCTAG-1,22
TAAACCGAGATCGGGT-1,47
TAAACCGAGGATTCGG-1,26
TAAACCGCAAACAACA-1,26
TAAACCGCAACACCTA-1,19
TAAACCGCAACGATGG-1,16
TAAACCGCAGTCAGAG-1,41
TAAACCGGTAATTGGA-1,22
TAAACCGGTAGGGTAC-1,43
TAAACCGGTGTGGTTT-1,15
TAAACCGTCCTCAATT-1,40
TAAGAGACATTGAGCT-1,40
TAAGAGAGTAGCTCCG-1,10
TAAGAGAGTCACCCAG-1,18
TAAGAGATCGATAGAA-1,6
TAAGAGATCTAACTTC-1,46
TAAGCGTCACAACGTT-1,2
TAAGCGTCATCACCCT-1,19
TAAGCGTTCAGAGACG-1,36
TAAGTGCAGTACGTAA-1,25
TAAGTGCAGTATGACA-1,35
TAAGTGCCACCAGGCT-1,46
TAAGTGCGTTACCAGT-1,7
TAAGTGCTCAACCAAC-1,31
TACACGAAGTGATCGG-1,21
TACACGACAGATGGGT-1,10
TACACGAGTAGCCTAT-1,10
TACACGAGTGTTCTTT-1,35
TACACGATCCTAAGTG-1,47
TACACGATCTATCCTA-1,19
TACAGTGAGGTCGGAT-1,1
TACAGTGAGTCGAGTG-1,17
TACAGTGCAGGCTGAA-1,36
TACAGTGCAGTTCCCT-1,33
TACAGTGGTAGCACGA-1,43
TACAGTGGTCTTCGTC-1,25
TACAGTGTCATTTGGG-1,32
TACCTATAGGACACCA-1,40
TACCTATAGGGTGTTG-1,26
TACCTATCATCTCGCT-1,14
TACCTATTCACCGGGT-1,41
TACCTTACAAGGCTCC-1,23
TACCTTACAGCTCGAC-1,2
TACCTTATCTGGTATG-1,35
TACCTTATCTTGACGA-1,25
TACGGATGTAGCGTAG-1,8
TACGGATGTGAGTATA-1,25
TACGGGCTCAAAGACA-1,12
TACGGGCTCAGTTAGC-1,40
TACGGGCTCATGTGGT-1,45
TACGGGCTCCTGCTTG-1,47
TACGGTAAGCGATGAC-1,10
TACGGTAAGTGGTCCC-1,43
TACGGTACATTACCTT-1,25
TACGGTAGTATAGGTA-1,42
TACGGTAGTCTAGCCG-1,16
TACGGTATCGCATGAT-1,3
TACGGTATCGTAGATC-1,44
TACTCATCATTTGCCC-1,24
TACTCATGTAACGTTC-1,24
TACTCATTCGCACTCT-1,38
TACTCGCGTCATACTG-1,34
TACTCGCTCAACACTG-1,6
TACTCGCTCCTACAGA-1,16
TACTCGCTCGCTGATA-1,49
TACTTACTCACGAAGG-1,32
TACTTGTAGGCGATAC-1,4
TACTTGTCAATCTGCA-1,10
TACTTGTCAGATTGCT-1,46
TACTTGTGTAGCCTAT-1,26
TACTTGTGTTATGCGT-1,10
TACTTGTTCAGGCCCA-1,44
TAGACCAAGCGTTCCG-1,45
TAGACCACACAAGTAA-1,27
TAGACCACATAGGATA-1,33
TAGACCAGTAGCGATG-1,10
TAGACCAGTAGCGCAA-1,13
TAGACCATCACAGGCC-1,31
TAGACCATCGGAAATA-1,40
TAGAGCTAGGCCGAAT-1,29
TAGAGCTCACATTAGC-1,1
TAGAGCTCAGATGGCA-1,3
TAGAGCTCATTACCTT-1,25
TAGAGCTGTACCCAAT-1,10
TAGAGCTGTCTCAACA-1,23
TAGAGCTGTTCAACCA-1,42
TAGAGCTGTTGAACTC-1,13
TAGAGCTTCAAGGTAA-1,4
TAGCCGGAGTATCTCG-1,19
TAGCCGGCAGCCAATT-1,30
TAGGCATAGGCTAGGT-1,7
TAGGCATCAATCTGCA-1,44
TAGGCATCAGACGCTC-1,6
TAGGCATGTAACGTTC-1,12
TAGGCATTCAACCAAC-1,29
TAGGCATTCATCTGCC-1,37
TAGGCATTCCGTTGTC-1,31
TAGTGGTAGATCACGG-1,42
TAGTGGTAGTGGACGT-1,6
TAGTGGTCAAGTCATC-1,33
TAGTGGTGTAACGCGA-1,6
TAGTTGGCAACTGGCC-1,45
TAGTTGGGTACTTAGC-1,15
TATCAGGAGAACTCGG-1,42
TATCAGGAGAGCCTAG-1,26
TATCAGGAGAGTTGGC-1,36
TATCAGGAGCTAACTC-1,26
TATCAGGCATAGGATA-1,34
TATCAGGGTGACGGTA-1,1
TATCAGGTCGCATGGC-1,17
TATCTCAAGATATACG-1,47
TATCTCAAGCCACTAT-1,3
TATCTCAAGCTAACAA-1,7
TATCTCAAGGAATTAC-1,3
TATCTCAGTCGCGTGT-1,42
TATCTCAGTTTGACAC-1,22
TATCTCATCAACACTG-1,26
TATCTCATCTGCAAGT-1,10
TATGCCCCAGACAAAT-1,37
TATTACCAGATAGGAG-1,23
TATTACCAGTGTCCCG-1,26
TATTACCTCTCGAGTA-1,44
TCAACGAAGACTTTCG-1,35
TCAACGACACGTCAGC-1,29
TCAACGAGTTCAGACT-1,46
TCAACGATCTAGAGTC-1,18
TCAATCTAGGTACTCT-1,3
TCAATCTAGTCCATAC-1,45
TCAATCTCATCAGTCA-1,4
TCAATCTGTCAGCTAT-1,38
TCAATCTGTTCCGGCA-1,36
TCAATCTTCATGGTCA-1,16
TCAATCTTCATGTCCC-1,4
TCAATCTTCGCCTGTT-1,44
TCACAAGCAAGGACAC-1,20
TCACAAGCAATAGCGG-1,21
TCACGAAAGCTGCGAA-1,36
TCACGAAAGTGCAAGC-1,1
TCACGAACATCACGAT-1,9
TCAGATGAGTCAAGCG-1,49
TCAGATGCAAATACAG-1,2
TCAGATGCAATCGGTT-1,31
TCAGATGCATTAGGCT-1,9
TCAGATGGTACCATCA-1,6
TCAGATGTCCCTGACT-1,15
TCAGCAAAGATCCTGT-1,23
TCAGCAACAGAGCCAA-1,23
TCAGCAATCCATGAAC-1,6
TCAGCTCAGCCTTGAT-1,1
TCAGCTCAGTGAACAT-1,27
TCAGCTCCAACACCTA-1,32
TCAGCTCGTATAATGG-1,10
TCAGCTCGTTAAAGTG-1,36
TCAGCTCTCAAACCAC-1,22
TCAGCTCTCCTACAGA-1,25
TCAGCTCTCGTGGACC-1,25
TCAGCTCTCTGCGTAA-1,25
TCAGGATAGCCCAGCT-1,13
TCAGGATGTCCGCTGA-1,18
TCAGGTAAGGATGGAA-1,10
TCAGGTACAATCAGAA-1,15
TCAGGTACAATGGATA-1,26
TCAGGTAGTCTCTTTA-1,1
TCAGGTAGTGGTCTCG-1,23
TCAGGTATCAGAGCTT-1,37
TCAGGTATCTAACTGG-1,18
TCATTACCAAGAGGCT-1,18
TCATTACCACGGCTAC-1,11
TCATTACCAGTGGAGT-1,38
TCATTACCATCACGAT-1,25
TCATTACTCAGTTCGA-1,13
TCATTACTCGCCAAAT-1,35
TCATTACTCGTGGTCG-1,47
TCATTTGTCCCAAGTA-1,33
TCATTTGTCTAACTTC-1,36
TCCACACAGCAGCGTA-1,44
TCCACACAGTCAATAG-1,0
TCCACACCACTATCTT-1,46
TCCACACGTACCTACA-1,3
TCCACACGTTCAGGCC-1,10
TCCACACTCGGCTTGG-1,49
TCCCGATCAGTATAAG-1,23
TCCCGATGTGCCTGGT-1,6
TCCCGATGTTGTACAC-1,24
TCCCGATTCAGGTAAA-1,32
TCCCGATTCTGAAAGA-1,46
TCCCGATTCTTGTTTG-1,38
TCGAGGCAGTAAGTAC-1,26
TCGAGGCCACCGTTGG-1,6
TCGAGGCGTATCTGCA-1,48
TCGAGGCGTTCGTTGA-1,36
TCGAGGCTCGTCACGG-1,32
TCGAGGCTCTACCAGA-1,27
TCGAGGCTCTGTCCGT-1,2
TCGCGAGAGCTGTCTA-1,42
TCGCGAGCAAACAACA-1,33
TCGCGAGGTGCGAAAC-1,21
TCGCGAGTCACCCGAG-1,15
TCGCGTTAGCTCCTCT-1,11
TCGCGTTCAAGTCATC-1,6
TCGCGTTCAGTAGAGC-1,41
TCGCGTTCATAGACTC-1,26
TCGCGTTGTCACACGC-1,23
TCGCGTTGTCATATGC-1,19
TCGGGACAGTGACTCT-1,14
TCGGGACCAGGATTGG-1,3
TCGGGACCATACTACG-1,1
TCGGGACCATTGCGGC-1,14
TCGGGACGTTGTCTTT-1,3
TCGGTAAAGGCAGGTT-1,12
TCGTACCCAACGATCT-1,21
TCGTACCGTAGCCTAT-1,45
TCGTACCGTCAGAATA-1,9
TCGTACCGTCATATGC-1,29
TCGTACCGTGCACGAA-1,25
TCGTACCTCTATCGCC-1,6
TCTATTGAGATATGGT-1,26
TCTATTGAGCTAAACA-1,6
TCTATTGAGTCGCCGT-1,49
TCTATTGCATGGAATA-1,26
TCTATTGGTGCAGGTA-1,26
TCTCATACATCACGTA-1,32
TCTCATAGTTATGTGC-1,30
TCTCATATCTCAAACG-1,36
TCTCTAAAGTGAACGC-1,23
TCTCTAAAGTTACGGG-1,3
TCTCTAACACAACGCC-1,48
TCTCTAACAGGAATCG-1,10
TCTCTAACATCGGACC-1,46
TCTCTAACATTGGGCC-1,38
TCTCTAATCCCATTTA-1,19
TCTCTAATCTACCTGC-1,3
TCTCTAATCTTTACAC-1,25
TCTGAGAAGTCCGGTC-1,32
TCTGAGAAGTGGCACA-1,33
TCTGAGACATGGGAAC-1,39
TCTGAGAGTTTGTTTC-1,10
TCTGAGATCCATGAGT-1,7
TCTGAGATCGCGTAGC-1,48
TCTGGAAAGGGATGGG-1,43
TCTGGAACAAGTTGTC-1,26
TCTGGAAGTCCGAAGA-1,10
TCTGGAATCACGGTTA-1,2
TCTGGAATCCAAGTAC-1,38
TCTGGAATCCAGTATG-1,38
TCTGGAATCTCCTATA-1,2
TCTTCGGCATCACGAT-1,6
TCTTCGGTCCATGAGT-1,45
TCTTCGGTCTGCTGCT-1,3
TCTTTCCAGGGTGTGT-1,35
TCTTTCCAGTCCATAC-1,39
TCTTTCCAGTGCGTGA-1,46
TGAAAGAAGACGACGT-1,48
TGAAAGAAGCGCCTCA-1,36
TGAAAGAAGGATTCGG-1,1
TGAAAGAAGGTGGGTT-1,38
TGAAAGACAACACCCG-1,21
TGAAAGACAATAACGA-1,41
TGAAAGACAGCGTCCA-1,43
TGAAAGACAGGTGCCT-1,10
TGAAAGATCCTTGACC-1,25
TGAAAGATCGAATGGG-1,42
TGACAACCAACACGCC-1,36
TGACAACCATCCGTGG-1,1
TGACGGCCACGTCAGC-1,16
TGACGGCGTTGGTGGA-1,3
TGACTAGCACAGATTC-1,42
TGACTAGCAGTCGTGC-1,6
TGACTAGGTGAGCGAT-1,23
TGACTAGGTGCCTGCA-1,33
TGACTAGTCCTTGGTC-1,4
TGACTTTAGACAAGCC-1,44
TGACTTTCAGACAGGT-1,26
TGACTTTCAGCGATCC-1,21
TGACTTTCATGGTAGG-1,7
TGACTTTGTTACCAGT-1,2
TGACTTTTCAGGATCT-1,40
TGACTTTTCATCTGCC-1,23
TGACTTTTCGCAAGCC-1,16
TGAGAGGGTCCAGTAT-1,9
TGAGCATCATGGGACA-1,26
TGAGCCGAGTCATGCT-1,22
TGAGCCGCAGATCTGT-1,3
TGAGCCGGTGCACCAC-1,23
TGAGCCGTCTTCATGT-1,25
TGAGGGAAGCTATGCT-1,42
TGAGGGACATCACGAT-1,41
TGAGGGATCGTGGGAA-1,18
TGATTTCCACCCATGG-1,21
TGATTTCCATCCAACA-1,25
TGATTTCCATCCTTGC-1,48
TGATTTCGTAGCGTAG-1,4
TGATTTCGTATGGTTC-1,1
TGATTTCGTTTAGGAA-1,38
TGCACCTCAGTGGGAT-1,0
TGCACCTGTGTGACCC-1,26
TGCACCTTCCTTAATC-1,10
TGCACCTTCGCCATAA-1,18
TGCACCTTCGTTTAGG-1,16
TGCCAAAAGTGGAGAA-1,37
TGCCAAATCAGTGCAT-1,12
TGCCCATAGCTCCCAG-1,2
TGCCCATAGGTTCCTA-1,7
TGCCCATAGTGGGTTG-1,23
TGCCCATCAATTCCTT-1,21
TGCCCATCACATGTGT-1,49
TGCCCATTCACTTCAT-1,45
TGCCCTACACGAAATA-1,45
TGCCCTACAGCCACCA-1,22
TGCCCTATCATATCGG-1,35
TGCGCAGAGGGAGTAA-1,45
TGCGCAGGTCAACTGT-1,47
TGCGCAGTCGCGCCAA-1,46
TGCGGGTAGATAGCAT-1,14
TGCGGGTCAGGGTACA-1,1
TGCGGGTCATGCCCGA-1,47
TGCGGGTTCCCTGACT-1,29
TGCGTGGAGACCTAGG-1,35
TGCGTGGAGGCGTACA-1,34
TGCGTGGCACAGGAGT-1,6
TGCGTGGCAGCGTTCG-1,22
TGCGTGGGTCTAACGT-1,6
TGCGTGGTCTGATTCT-1,3
TGCTACCCAAGTCATC-1,43
TGCTACCCAGCAGTTT-1,9
TGCTACCCAGCCTGTG-1,48
TGCTACCGTCGCCATG-1,37
TGCTACCTCAACCATG-1,18
TGCTACCTCGCGTTTC-1,32
TGCTACCTCTCGTTTA-1,19
TGCTGCTAGGAGCGAG-1,18
TGCTGCTCAAGCCGCT-1,42
TGGACGCAGCAGGTCA-1,37
TGGACGCCAACTTGAC-1,46
TGGACGCCATCTACGA-1,16
TGGACGCCATGGGAAC-1,12
TGGACGCGTACCGAGA-1,42
TGGACGCGTCATATCG-1,23
TGGACGCTCGTCTGCT-1,33
TGGACGCTCTGTGCAA-1,10
TGGCCAGTCGGTGTTA-1,20
TGGCCAGTCTCAAGTG-1,14
TGGCGCAAGAGCCCAA-1,48
TGGCGCAAGCACCGCT-1,23
TGGCGCACATTGGTAC-1,10
TGGCGCATCCGAAGAG-1,35
TGGCTGGAGCGATCCC-1,2
TGGCTGGAGTTACGGG-1,16
TGGCTGGCACGTGAGA-1,48
TGGCTGGCAGGAATCG-1,10
TGGCTGGCAGTTAACC-1,1
TGGCTGGGTCATGCCG-1,33
TGGCTGGGTTGTGGCC-1,46
TGGCTGGTCGAATGGG-1,10
TGGGAAGAGGAATTAC-1,33
TGGGAAGCAATGGAAT-1,26
TGGGAAGCAGGTTTCA-1,42
TGGGAAGCATCCCACT-1,25
TGGGAAGGTAGCGTGA-1,16
TGGGAAGGTCGGCACT-1,1
TGGGAAGGTTAAGGGC-1,46
TGGGAAGGTTAGGGTG-1,26
TGGGAAGTCTTAACCT-1,11
TGGGCGTAGTTAAGTG-1,8
TGGGCGTGTGTGAAAT-1,30
TGGGCGTTCCTAGAAC-1,18
TGGGCGTTCTCGTTTA-1,5
TGGGCGTTCTTCAACT-1,19
TGGTTAGAGGTCATCT-1,15
TGGTTAGCACCAGATT-1,0
TGGTTAGGTAAACACA-1,23
TGGTTAGGTTGATTGC-1,20
TGGTTAGTCAGCATGT-1,4
TGGTTCCGTTCACGGC-1,0
TGGTTCCTCCAACCAA-1,15
TGTATTCAGTATCGAA-1,23
TGTATTCCACGTCTCT-1,45
TGTATTCCATGACGGA-1,37
TGTATTCGTGCAACTT-1,4
TGTCCCAAGGTAAACT-1,27
TGTCCCACACTTACGA-1,36
TGTCCCAGTGATGTCT-1,27
TGTCCCATCACAGTAC-1,7
TGTGGTAAGCCGTCGT-1,1
TGTGGTACAATCTACG-1,4
TGTGGTACATGCAATC-1,48
TGTGGTATCTGCGGCA-1,40
TGTGTTTAGCCACGCT-1,36
TGTGTTTCAAGCCTAT-1,23
TGTGTTTTCGTCTGCT-1,45
TGTTCCGAGCAGACTG-1,1
TGTTCCGAGCGTAATA-1,19
TGTTCCGGTTGCCTCT-1,38
TGTTCCGTCATGTCTT-1,35
TTAACTCAGAGTAATC-1,9
TTAACTCAGGATTCGG-1,26
TTAACTCCAAGCGTAG-1,30
TTAACTCCATCGGTTA-1,40
TTAACTCGTCCGAATT-1,30
TTAACTCGTGGCGAAT-1,26
TTAACTCGTTTGGCGC-1,32
TTAACTCTCAGTGTTG-1,19
TTAGGACAGATCTGCT-1,49
TTAGGACCAAGACGTG-1,13
TTAGGACCATGCTAGT-1,32
TTAGGACGTCCCGACA-1,10
TTAGGCAAGGCACATG-1,20
TTAGTTCAGATAGGAG-1,9
TTAGTTCAGTTAGCGG-1,10
TTAGTTCAGTTTCCTT-1,20
TTAGTTCTCTGCCAGG-1,37
TTAGTTCTCTTGTTTG-1,15
TTATGCTCATGAACCT-1,10
TTATGCTGTATAGGTA-1,17
TTCCCAGGTCACTTCC-1,19
TTCCCAGTCAAGGCTT-1,26
TTCCCAGTCATTGCGA-1,10
TTCGAAGAGACAAGCC-1,1
TTCGAAGCAGCGTAAG-1,45
TTCGAAGGTTCCACAA-1,18
TTCGGTCAGAAACGAG-1,42
TTCGGTCAGTTCGCGC-1,6
TTCGGTCGTACTTAGC-1,10
TTCGGTCGTCGCCATG-1,10
TTCGGTCTCACGAAGG-1,20
TTCGGTCTCCAGAGGA-1,0
TTCGGTCTCGGTCCGA-1,47
TTCGGTCTCGGTTAAC-1,39
TTCTACAAGGCTCTTA-1,32
TTCTACAAGGGCACTA-1,10
TTCTACAAGGGTGTTG-1,43
TTCTACAAGGTAGCTG-1,6
TTCTACACAGGGTATG-1,23
TTCTACACATTGGCGC-1,45
TTCTACAGTTATGTGC-1,26
TTCTACATCACAGGCC-1,6
TTCTCAAAGAACTCGG-1,29
TTCTCAAAGTAACCCT-1,23
TTCTCAAAGTGGGCTA-1,11
TTCTCAAGTGTAACGG-1,49
TTCTCAATCCTAGAAC-1,3
TTCTCCTAGAGACTTA-1,38
TTCTCCTAGCAAATCA-1,48
TTCTCCTAGTTGTAGA-1,1
TTCTCCTGTTAAAGAC-1,1
TTCTCCTTCAACACGT-1,47
TTCTCCTTCGCATGAT-1,30
TTCTTAGAGTACCGGA-1,7
TTCTTAGCAGGATCGA-1,15
TTCTTAGCAGTCACTA-1,10
TTCTTAGGTGAACCTT-1,11
TTCTTAGGTGTATGGG-1,47
TTGAACGAGTCACGCC-1,41
TTGAACGCACTCAGGC-1,45
TTGAACGCATGGATGG-1,26
TTGAACGGTTAAGACA-1,37
TTGAACGTCTGTCTCG-1,14
TTGACTTAGGATGGAA-1,31
TTGACTTAGGATTCGG-1,4
TTGACTTAGGGATGGG-1,4
TTGACTTGTATAATGG-1,18
TTGACTTGTTAGTGGG-1,23
TTGACTTTCTTCTGGC-1,26
TTGCCGTAGCTGGAAC-1,25
TTGCCGTCACCGAAAG-1,23
TTGCCGTCACGAAATA-1,44
TTGCCGTCATTTGCCC-1,19
TTGCGTCAGCAGACTG-1,37
TTGCGTCAGTCTCCTC-1,35
TTGCGTCCAAGAGTCG-1,48
TTGCGTCCACGAAATA-1,33
TTGCGTCCACGAGGTA-1,23
TTGCGTCGTCGCGTGT-1,34
TTGGAACCACAACGCC-1,49
TTGGAACCACTGTCGG-1,9
TTGGAACCAGTCACTA-1,7
TTGGAACCATGCCCGA-1,49
TTGGAACGTCCAACTA-1,48
TTGGCAAAGCTAACTC-1,33
TTGGCAACAATGAAAC-1,26
TTGGCAACATGCTAGT-1,16
TTGGCAATCATTTGGG-1,10
TTGTAGGAGGCTCATT-1,9
TTGTAGGCAGTGACAG-1,38
TTGTAGGCATAGGATA-1,29
TTGTAGGCATGTAGTC-1,35
TTGTAGGTCGCCAGCA-1,1
TTGTAGGTCTCCAACC-1,42
TTTACTGAGATGCCAG-1,3
TTTACTGAGTGTACGG-1,10
TTTACTGGTACCGCTG-1,26
TTTACTGTCAGAGGTG-1,6
TTTATGCAGGCCCTCA-1,48
TTTATGCAGTGTCCCG-1,32
TTTATGCGTAGCGCAA-1,2
TTTCCTCAGACATAAC-1,46
TTTCCTCCAACGATCT-1,25
TTTCCTCCACCGCTAG-1,44
TTTCCTCGTTCTGAAC-1,35
TTTCCTCTCTGAAAGA-1,42
TTTGCGCAGACCACGA-1,4
TTTGCGCAGTATTGGA-1,23
TTTGCGCTCGCACTCT-1,15
TTTGGTTAGGAGCGAG-1,41
TTTGGTTCACAACTGT-1,8
TTTGGTTCATTGAGCT-1,8
TTTGGTTGTAATCACC-1,42
TTTGGTTGTCCTCCAT-1,45
TTTGGTTGTGCGAAAC-1,49
TTTGTCAAGTGCCAGA-1,10
TTTGTCACAGGCGATA-1,40
TTTGTCACATCACGTA-1,27
TTTGTCAGTACTTAGC-1,19
TTTGTCATCACCGGGT-1,23
TTTGTCATCCGCTGTT-1,30
