,dpt_pseudotime
AAACCTGGTGGCAAAC-1,0.019601172
AAACCTGTCGCATGGC-1,0.020914773
AAACCTGTCGTACCGG-1,0.20567009
AAACGGGCACTAAGTC-1,0.018897584
AAACGGGCACTAGTAC-1,0.15810253
AAACGGGGTTCATGGT-1,0.09991368
AAACGGGGTTCTGAAC-1,0.8911444
AAAGATGAGCTAGGCA-1,0.009967828
AAAGATGGTTTGCATG-1,0.18763234
AAAGATGTCGCCAGCA-1,0.211036
AAAGCAAAGAGTTGGC-1,0.027947526
AAAGCAAAGCGCCTTG-1,0.2058841
AAAGCAAAGCGTGAAC-1,0.018225024
AAAGCAAGTATAGGTA-1,0.14113611
AAAGCAATCAGCGACC-1,0.2018232
AAAGCAATCGCGCCAA-1,0.014819234
AAAGCAATCGGACAAG-1,0.15434764
AAAGCAATCTTGAGGT-1,0.019936211
AAAGTAGAGAGATGAG-1,0.017163107
AAAGTAGTCAGAGGTG-1,0.01752612
AAATGCCAGTGAATTG-1,0.7096275
AAATGCCCACATAACC-1,0.1540045
AAATGCCGTGGTTTCA-1,0.79668903
AAATGCCTCAGTTGAC-1,0.23795469
AAATGCCTCCAGGGCT-1,0.010296314
AACACGTCACGTGAGA-1,0.17797527
AACACGTGTCTGCCAG-1,0.11424782
AACACGTGTGGCAAAC-1,0.19562061
AACACGTTCATGCATG-1,0.10210905
AACACGTTCATTATCC-1,0.14533131
AACACGTTCCTCAACC-1,0.16750443
AACCATGAGATCCCGC-1,0.17308895
AACCATGAGTGACATA-1,0.8902047
AACCATGCAAGCTGTT-1,0.011720397
AACCATGCACCAACCG-1,0.01573517
AACCATGCATTAGGCT-1,0.20576014
AACCATGGTGTGGTTT-1,0.19311142
AACCATGGTTGGACCC-1,0.009089014
AACCGCGTCGGCTACG-1,0.01601324
AACGTTGCACAGGTTT-1,0.0055430997
AACGTTGCACCCAGTG-1,0.7907166
AACGTTGGTACAGCAG-1,0.20233631
AACGTTGGTCTGCGGT-1,0.021815728
AACGTTGTCCCAACGG-1,0.8998066
AACGTTGTCCCATTTA-1,0.018125825
AACGTTGTCCTTAATC-1,0.1873823
AACGTTGTCGCCCTTA-1,0.10584823
AACTCAGAGGGTATCG-1,0.9167667
AACTCAGCACAGACTT-1,0.116742544
AACTCAGTCCCAACGG-1,0.19853613
AACTCAGTCTAACCGA-1,0.18580565
AACTCAGTCTTTACGT-1,0.013557265
AACTCCCCAATAAGCA-1,0.17412348
AACTCCCGTAGCACGA-1,0.81759745
AACTCCCGTTACCGAT-1,0.016921543
AACTCCCTCGGCCGAT-1,0.19421716
AACTCTTAGGCATGTG-1,0.114426985
AACTCTTCACCAACCG-1,0.012115757
AACTCTTGTATTCTCT-1,0.025070535
AACTCTTGTGCTCTTC-1,0.19453591
AACTCTTTCACCTCGT-1,0.11163446
AACTCTTTCTAACCGA-1,0.11682495
AACTGGTAGACAAAGG-1,0.19863474
AACTGGTAGCCACTAT-1,0.03889888
AACTGGTAGGAATCGC-1,0.012110637
AACTGGTAGTTAAGTG-1,0.20916268
AACTGGTCAGCCAGAA-1,0.020825334
AACTGGTCATATACGC-1,0.17587759
AACTGGTCATCTGGTA-1,0.0085943
AACTTTCCACGAAACG-1,0.2129057
AACTTTCCACGGTAAG-1,0.19492473
AACTTTCCATCTACGA-1,0.013220382
AACTTTCGTTAGATGA-1,0.012424251
AACTTTCTCATGTAGC-1,0.18357408
AAGACCTCAACGATGG-1,0.1914302
AAGACCTCAGGTGGAT-1,0.10058892
AAGACCTGTAAAGGAG-1,0.0156014385
AAGACCTGTAATCACC-1,0.018308425
AAGACCTGTCGGGTCT-1,0.012922905
AAGACCTGTGACGGTA-1,0.021407146
AAGCCGCAGGCTATCT-1,0.017031193
AAGCCGCGTAGCTGCC-1,0.10761242
AAGCCGCGTTCCAACA-1,0.11206739
AAGGAGCGTACCTACA-1,0.010136574
AAGGAGCGTATCAGTC-1,0.01593455
AAGGAGCTCATCATTC-1,0.14503914
AAGGAGCTCTCGAGTA-1,0.010390211
AAGGCAGCAAGCGATG-1,0.015090461
AAGGCAGGTGCCTGTG-1,0.011802658
AAGGCAGTCAATCACG-1,0.7404115
AAGGCAGTCGAATCCA-1,0.96256334
AAGGCAGTCGTGGGAA-1,0.19980752
AAGGTTCCAGACGCCT-1,0.9648556
AAGGTTCCAGTTAACC-1,0.011362758
AAGGTTCGTCTCGTTC-1,0.019462744
AAGGTTCGTGGAAAGA-1,0.017369805
AAGGTTCTCGTATCAG-1,0.20409018
AAGGTTCTCTGCGACG-1,0.7833229
AAGTCTGAGATAGCAT-1,0.09628626
AAGTCTGCAATCTACG-1,0.023600727
AAGTCTGCAGACAGGT-1,0.09051763
AATCCAGAGACGCAAC-1,0.18008423
AATCCAGAGGGCTCTC-1,0.16442144
AATCCAGAGGTTCCTA-1,0.115843914
AATCCAGCAAAGGTGC-1,0.022837074
AATCCAGCACTCTGTC-1,0.86721665
AATCCAGGTACAGTTC-1,0.11921264
AATCCAGGTCTCCACT-1,0.9335243
AATCCAGTCGCTAGCG-1,0.018406522
AATCCAGTCTCGAGTA-1,0.01843712
ACACCAACATTACCTT-1,0.013835421
ACACCAATCCTGCCAT-1,0.8327968
ACACCCTGTAAGTGTA-1,0.28460783
ACACCCTGTACTTGAC-1,0.117584735
ACACCCTTCAGTTGAC-1,0.10283281
ACACCGGAGAGCAATT-1,0.014979709
ACACCGGAGTCGAGTG-1,0.2080442
ACACCGGCAGTCACTA-1,0.009330302
ACACCGGCATGGTCAT-1,0.023902163
ACACCGGGTTATCACG-1,0.19546926
ACACCGGTCTTTACAC-1,0.009018948
ACACTGATCAGCTGGC-1,0.0
ACAGCCGGTTCCAACA-1,0.20132087
ACAGCCGGTTCCACAA-1,0.26382965
ACAGCCGTCGCCAGCA-1,0.010198498
ACAGCCGTCTCCAACC-1,0.010843965
ACAGCTAAGCTCCCAG-1,0.0105865905
ACAGCTACATGAGCGA-1,0.17433834
ACAGCTAGTGTGACCC-1,0.16733928
ACAGCTAGTTAGGGTG-1,0.014812321
ACAGCTATCAACACCA-1,0.17453928
ACAGCTATCGCATGAT-1,0.11471674
ACAGCTATCTCTTGAT-1,0.021031875
ACATACGAGCTTATCG-1,0.21148917
ACATACGCACTTAAGC-1,0.01906988
ACATACGGTTCAGGCC-1,0.017378515
ACATACGTCACCGTAA-1,0.11291883
ACATACGTCAGAGCTT-1,0.14236458
ACATACGTCTCACATT-1,0.20639437
ACATCAGAGACAGGCT-1,0.017350588
ACATCAGTCACCTTAT-1,0.013103257
ACATCAGTCTTGACGA-1,0.10971532
ACATGGTAGGCCCTCA-1,0.021763239
ACATGGTAGTGAACAT-1,0.09756372
ACATGGTCACTAAGTC-1,0.011407759
ACATGGTCAGGAATGC-1,0.101049885
ACATGGTCATGATCCA-1,0.21412717
ACATGGTGTTGACGTT-1,0.10893505
ACATGGTTCTGTCTCG-1,0.1925455
ACCAGTAAGCCCAATT-1,0.015697831
ACCAGTAAGGTAGCTG-1,0.94259584
ACCAGTAAGTTGAGAT-1,0.006642664
ACCAGTACAGGCGATA-1,0.06947776
ACCAGTACAGTCGTGC-1,0.01773728
ACCAGTATCGGAGGTA-1,0.012936301
ACCAGTATCGGTTAAC-1,0.20087363
ACCCACTAGACAGACC-1,0.018222492
ACCCACTAGTTAGCGG-1,0.1980001
ACCCACTCAGTCGATT-1,0.012782249
ACCCACTGTATATGGA-1,0.01140015
ACCCACTGTGACTACT-1,0.01989473
ACCCACTGTGAGCGAT-1,0.0141429035
ACCCACTTCCTCCTAG-1,0.10693073
ACCCACTTCTAACTTC-1,0.013481837
ACCCACTTCTACTCAT-1,0.18782279
ACCGTAACATCGGACC-1,0.8423398
ACCGTAAGTACGCACC-1,0.01762271
ACCGTAAGTCACTGGC-1,0.0858976
ACCGTAATCGTGGACC-1,0.022601862
ACCGTAATCTTGCCGT-1,0.09358858
ACCTTTACACGCATCG-1,0.0074961055
ACCTTTAGTCTTGTCC-1,0.014172291
ACCTTTATCGTGGGAA-1,0.0153683955
ACGAGCCCAATGAATG-1,0.017141404
ACGAGCCCACAGATTC-1,0.75266176
ACGAGCCGTGCTAGCC-1,0.20301946
ACGAGGAAGGTACTCT-1,0.01350386
ACGAGGACATATGGTC-1,0.96705866
ACGAGGAGTAGATTAG-1,0.19855331
ACGAGGAGTTGAGGTG-1,0.0123269865
ACGAGGATCTTGCAAG-1,0.016004136
ACGAGGATCTTTAGGG-1,0.90409756
ACGATACAGTGGGTTG-1,0.019599037
ACGATGTAGACCGGAT-1,0.1890362
ACGATGTAGATGCGAC-1,0.020876959
ACGATGTAGCTACCGC-1,0.015741043
ACGATGTAGGTAAACT-1,0.16614923
ACGATGTCAAGCCGTC-1,0.17427753
ACGATGTCACTTAACG-1,0.016522067
ACGATGTCATTCACTT-1,0.19683553
ACGATGTTCCATGAGT-1,0.9017643
ACGATGTTCCCACTTG-1,0.16247667
ACGCAGCAGAAAGTGG-1,0.20236237
ACGCAGCAGAGGGATA-1,0.11046351
ACGCAGCCACCTGGTG-1,0.17929694
ACGCAGCGTACATGTC-1,0.011435878
ACGCAGCGTCAACATC-1,0.01467926
ACGCAGCGTGTTGAGG-1,0.018011568
ACGCAGCTCACCTTAT-1,0.17537372
ACGCCAGCAATGTTGC-1,0.7042093
ACGCCAGCACGAAGCA-1,0.012967525
ACGCCAGCACGCCAGT-1,0.015429868
ACGCCAGGTTCCCTTG-1,0.10724113
ACGCCAGGTTCGCTAA-1,0.1656042
ACGCCAGTCATCATTC-1,0.19484492
ACGCCAGTCGCCTGTT-1,0.83419985
ACGCCGAAGCGTAGTG-1,0.20171253
ACGCCGAGTATGGTTC-1,0.11116965
ACGGAGAAGTGGTAAT-1,0.0224047
ACGGAGACATAACCTG-1,0.17528816
ACGGAGAGTCATATGC-1,0.2035129
ACGGCCAAGCCAACAG-1,0.100290924
ACGGCCACACCAGCAC-1,0.015070906
ACGGCCAGTATTAGCC-1,0.2017675
ACGGCCAGTCCTCTTG-1,0.01229486
ACGGGCTAGCGTGTCC-1,0.022653341
ACGGGCTCACAGAGGT-1,0.014368694
ACGGGCTCAGACGCAA-1,0.18042329
ACGGGCTCATGACATC-1,0.020687
ACGGGCTTCCGGGTGT-1,0.10705745
ACGGGTCAGGTTCCTA-1,0.10250425
ACGGGTCCAAGAAAGG-1,0.013145033
ACGGGTCCACAGATTC-1,0.1765314
ACGGGTCCACAGCGTC-1,0.16919056
ACGGGTCCAGCTGCAC-1,0.11200626
ACGGGTCCATCGGAAG-1,0.155922
ACGGGTCGTAAAGGAG-1,0.10165443
ACGGGTCGTATCAGTC-1,0.100974314
ACGGGTCGTGGAAAGA-1,0.2056038
ACGGGTCGTTCTGAAC-1,0.099476084
ACGGGTCTCAAACAAG-1,0.905235
ACGGGTCTCATGTAGC-1,0.01606189
ACGGGTCTCCAATGGT-1,0.014911993
ACGGGTCTCCATTCTA-1,0.012620322
ACGGGTCTCGCCATAA-1,0.11804717
ACGGGTCTCTACTTAC-1,0.02104385
ACGTCAAAGACTAGGC-1,0.014663627
ACGTCAACAGACACTT-1,0.095377006
ACTATCTAGAGTACCG-1,0.18385276
ACTATCTTCTTGTCAT-1,0.31667775
ACTGAACAGTGGGCTA-1,0.021643465
ACTGAACAGTGGTAGC-1,0.015202037
ACTGAACCAAACAACA-1,0.12461858
ACTGAACCAAGGACAC-1,0.17999408
ACTGAACCAATCCAAC-1,0.1974492
ACTGAACGTCCAAGTT-1,0.02213794
ACTGAGTAGTAATCCC-1,0.09904113
ACTGAGTCAAAGCAAT-1,0.21357834
ACTGAGTCACCATCCT-1,0.28234187
ACTGAGTCAGCTCGAC-1,0.108384594
ACTGAGTGTCTCATCC-1,0.016855622
ACTGAGTGTTAGATGA-1,0.2029021
ACTGATGAGCGTGAGT-1,0.7671641
ACTGATGTCACCCTCA-1,0.014341513
ACTGATGTCATGTCCC-1,0.10807574
ACTGCTCAGACTGGGT-1,0.20518832
ACTGCTCCACTTAACG-1,0.88655114
ACTGCTCTCTACCAGA-1,0.018318236
ACTGTCCAGAAACGAG-1,0.012910221
ACTGTCCCACGAAACG-1,0.10021703
ACTGTCCCAGCGAACA-1,0.011527613
ACTGTCCTCTCCTATA-1,0.022586122
ACTGTCCTCTGAGGGA-1,0.012815529
ACTTACTAGTAGCCGA-1,0.19914041
ACTTACTGTTCCACAA-1,0.024037521
ACTTACTTCAGAGACG-1,0.018608244
ACTTACTTCCAGGGCT-1,0.1622545
ACTTACTTCCCTGACT-1,0.17900315
ACTTGTTAGGACTGGT-1,0.018935567
ACTTGTTCATTGAGCT-1,0.10711683
ACTTGTTGTTCAGGCC-1,0.70750195
ACTTGTTTCTGGTTCC-1,0.02470168
ACTTGTTTCTGTCCGT-1,0.09305811
ACTTTCAAGCTAAGAT-1,0.1823373
ACTTTCACACTGTCGG-1,0.010800029
ACTTTCACAGGGTACA-1,0.01036914
ACTTTCAGTAAATGTG-1,0.18071082
ACTTTCATCAGCTGGC-1,0.18836306
ACTTTCATCATGGTCA-1,0.0107916575
ACTTTCATCTACTCAT-1,0.23938946
AGAATAGAGGTGCTAG-1,0.11406048
AGAATAGAGGTTCCTA-1,0.18420732
AGAATAGAGTTACCCA-1,0.17323302
AGACGTTAGATCACGG-1,0.8902131
AGACGTTAGCCGATTT-1,0.011579375
AGACGTTGTAAGTGTA-1,0.20401588
AGACGTTGTGGAAAGA-1,0.09543906
AGACGTTTCGGAAACG-1,0.16607167
AGAGCGAAGCAGCGTA-1,0.020808466
AGAGCGAGTGATGCCC-1,0.862669
AGAGCTTAGGACTGGT-1,0.018405244
AGAGCTTCACGGTAAG-1,0.09804615
AGAGCTTCATCCGTGG-1,0.10769128
AGAGCTTTCATGCAAC-1,0.11347812
AGAGTGGAGACGCAAC-1,0.17817064
AGAGTGGAGCGCTTAT-1,0.93414205
AGAGTGGAGGAGCGTT-1,0.93667877
AGAGTGGAGGTGGGTT-1,0.023483759
AGAGTGGCAATCACAC-1,0.7141828
AGAGTGGCAATGGAGC-1,0.01366432
AGAGTGGGTGCTTCTC-1,0.023143852
AGATCTGAGAGGGCTT-1,0.01732416
AGATCTGCACATTTCT-1,0.8831402
AGATCTGTCTCTTGAT-1,0.012904989
AGATTGCAGCTAACTC-1,0.01393885
AGATTGCGTAAGCACG-1,0.016844125
AGATTGCGTATGGTTC-1,0.19805172
AGATTGCGTGGTCTCG-1,0.010559968
AGATTGCTCCCTTGTG-1,0.016138991
AGCAGCCGTGATGCCC-1,0.86279136
AGCAGCCGTTAGTGGG-1,0.016147122
AGCAGCCTCCCGGATG-1,0.011119356
AGCAGCCTCCGCGTTT-1,0.00829638
AGCATACCACCAGGCT-1,0.10858105
AGCATACTCAATAAGG-1,0.8762966
AGCATACTCGTAGGTT-1,0.11699425
AGCCTAAAGCGTCTAT-1,0.10673024
AGCCTAATCGAGCCCA-1,0.024727568
AGCGGTCAGCTAAACA-1,0.021468082
AGCGGTCAGGTGTTAA-1,0.09623024
AGCGGTCCAGGATCGA-1,0.014721156
AGCGGTCGTAAGAGGA-1,0.012109934
AGCGGTCGTCACTGGC-1,0.20603909
AGCGTATAGAATTCCC-1,0.016181307
AGCGTATAGTGAAGTT-1,0.013107139
AGCGTATCAATCAGAA-1,0.010472065
AGCGTATCAATCGAAA-1,0.021145321
AGCGTATCACATCTTT-1,0.01247774
AGCGTATGTTACGACT-1,0.021308925
AGCGTATTCGTAGGAG-1,0.192677
AGCGTCGGTATATGGA-1,0.19454184
AGCGTCGGTCGTTGTA-1,0.18849616
AGCGTCGGTGTTTGTG-1,0.017363269
AGCTCCTAGTAATCCC-1,0.18589054
AGCTCCTAGTCCGTAT-1,0.020285623
AGCTCCTCACAGAGGT-1,0.017690716
AGCTCCTGTTATTCTC-1,0.11034138
AGCTCTCCAAAGGTGC-1,0.8396464
AGCTCTCGTTATCGGT-1,0.10637852
AGCTCTCGTTGGTAAA-1,0.20486212
AGCTCTCTCCTTGGTC-1,0.013007972
AGCTCTCTCTGCGACG-1,0.7974363
AGCTTGATCATACGGT-1,0.014594673
AGCTTGATCGAGAGCA-1,0.17673756
AGGCCACCACACAGAG-1,0.1661523
AGGCCACCACGGCGTT-1,0.20461157
AGGCCACGTACGACCC-1,0.15777113
AGGCCACGTACTCGCG-1,0.01637968
AGGCCACGTGCCTTGG-1,0.016659051
AGGCCACGTTAAGAAC-1,0.01892692
AGGCCGTAGAAACGAG-1,0.103011
AGGCCGTCAATCGAAA-1,0.18495825
AGGCCGTCACGTAAGG-1,0.20648795
AGGGAGTAGACACTAA-1,0.01885541
AGGGAGTCAGTATGCT-1,0.20042384
AGGGAGTTCAAAGACA-1,0.19082516
AGGGAGTTCTGACCTC-1,0.18629324
AGGGATGAGAATTGTG-1,0.017716506
AGGGATGAGTAGCCGA-1,0.19789782
AGGGATGGTGCTGTAT-1,0.18765283
AGGGTGAAGCCATCGC-1,0.12841667
AGGGTGAAGGGTCGAT-1,0.01684455
AGGGTGACAATCAGAA-1,0.20665126
AGGGTGATCTACTTAC-1,0.08181946
AGGTCATAGCCAGTTT-1,0.012068985
AGGTCATAGGAGTACC-1,0.013860385
AGGTCATGTAAATACG-1,0.20718305
AGGTCCGAGAACAATC-1,0.111663096
AGGTCCGAGACCTTTG-1,0.2510981
AGGTCCGCAGCGTAAG-1,0.22299854
AGGTCCGCATCGGGTC-1,0.013960592
AGGTCCGCATTGTGCA-1,0.009067244
AGGTCCGGTCATTAGC-1,0.10613594
AGGTCCGGTCGCTTCT-1,0.0124944355
AGGTCCGGTGATGCCC-1,0.11303909
AGGTCCGTCACCAGGC-1,0.07680275
AGGTCCGTCTACGAGT-1,0.014947434
AGGTCCGTCTGGAGCC-1,0.109125175
AGTAGTCCATGGATGG-1,0.019167658
AGTAGTCGTAAGTGTA-1,0.098953836
AGTAGTCGTGCCTGTG-1,0.009083315
AGTAGTCTCAAACAAG-1,0.01774075
AGTAGTCTCAAAGTAG-1,0.1908016
AGTAGTCTCCCAGGTG-1,0.1967954
AGTCTTTAGCTCCTTC-1,0.19504468
AGTCTTTCAACACCTA-1,0.7439531
AGTCTTTCACAGATTC-1,0.1944793
AGTCTTTGTCGCGTGT-1,0.18231788
AGTCTTTGTTCCATGA-1,0.09584895
AGTCTTTTCATGCATG-1,0.010429347
AGTCTTTTCCACGTTC-1,0.018955227
AGTGAGGAGCCGCCTA-1,0.83290917
AGTGAGGCATTTCACT-1,0.9706054
AGTGAGGGTAGCTGCC-1,0.010206403
AGTGAGGTCCTAGAAC-1,0.20625082
AGTGGGAAGCTATGCT-1,0.20034792
AGTGGGAAGGCAATTA-1,0.8035762
AGTGGGACAAGTCATC-1,0.024027232
AGTGGGACATACCATG-1,0.1994901
AGTGGGAGTCATATGC-1,0.16823314
AGTGGGAGTCGGATCC-1,0.21366934
AGTGGGATCCTAAGTG-1,0.8365996
AGTGGGATCGTAGATC-1,0.16925348
AGTGTCAGTTCCACGG-1,0.16950873
AGTGTCATCGTTGCCT-1,0.7862661
AGTGTCATCTCATTCA-1,0.14950077
AGTTGGTCACTCAGGC-1,0.011163701
AGTTGGTCAGTCAGCC-1,0.013737866
ATAACGCGTCCGAACC-1,0.012683886
ATAACGCTCAGCTCTC-1,0.025239768
ATAACGCTCCACGAAT-1,0.73998153
ATAAGAGAGTCGTACT-1,0.011898183
ATAAGAGCAGCTGTGC-1,0.21405979
ATAAGAGCAGGTGGAT-1,0.09521494
ATAAGAGGTATGGTTC-1,0.15101217
ATAAGAGTCGGAGGTA-1,0.20303391
ATAGACCAGTGGACGT-1,0.09492523
ATAGACCCAAGCGAGT-1,0.1872147
ATAGACCGTAAGAGGA-1,0.011636632
ATAGACCGTCGGCATC-1,0.20110482
ATAGACCGTTGAGTTC-1,0.8771049
ATAGACCTCGCCTGTT-1,0.017620794
ATAGACCTCGGATGTT-1,0.019797944
ATCACGAAGTAATCCC-1,0.018974142
ATCACGAGTCCAGTTA-1,0.018363874
ATCACGAGTCTGATTG-1,0.013288525
ATCACGATCCACGAAT-1,0.020181168
ATCACGATCTCGAGTA-1,0.21634182
ATCACGATCTGTCAAG-1,0.8448471
ATCATCTAGCTGGAAC-1,0.013823906
ATCATCTGTATTACCG-1,0.16765039
ATCATCTGTGTTGAGG-1,0.018012833
ATCATCTGTTCCACGG-1,0.01255716
ATCATGGAGGATATAC-1,0.20423783
ATCATGGGTGTTCGAT-1,0.0065203547
ATCATGGTCACCACCT-1,0.10061846
ATCATGGTCGCTAGCG-1,0.1837984
ATCATGGTCTTGCAAG-1,0.008516593
ATCCACCAGGCATTGG-1,0.89214444
ATCCACCCAAGTCATC-1,0.09887985
ATCCACCTCCACGTTC-1,0.016527597
ATCCACCTCTAACCGA-1,0.11434684
ATCCGAAAGAAGATTC-1,0.20099676
ATCCGAAAGAATGTGT-1,0.21461913
ATCCGAAAGGTGTTAA-1,0.19255494
ATCCGAAAGTCGAGTG-1,0.025506483
ATCCGAACATGCCTAA-1,0.84614545
ATCCGAAGTGGAAAGA-1,0.11640758
ATCCGAAGTTGTGGCC-1,0.012167404
ATCCGAATCATGTCCC-1,0.013450504
ATCGAGTAGCGCTCCA-1,0.1730425
ATCGAGTAGCTAAGAT-1,0.78029144
ATCGAGTCAAGTTCTG-1,0.18780422
ATCGAGTCAATGACCT-1,0.17798735
ATCGAGTCAGGAATGC-1,0.01567928
ATCGAGTCATCACCCT-1,0.016812608
ATCGAGTTCCTTTCTC-1,0.010013734
ATCTACTCAGCAGTTT-1,0.014450735
ATCTACTTCAAACGGG-1,0.011862111
ATCTACTTCACTGGGC-1,0.013016213
ATCTACTTCCGCGCAA-1,0.20096363
ATCTGCCAGATCGGGT-1,0.11165171
ATCTGCCAGTCGTACT-1,0.011022326
ATCTGCCCAAATCCGT-1,0.010429996
ATCTGCCCATCCGGGT-1,0.11088828
ATCTGCCTCGCAAACT-1,0.016835544
ATGAGGGAGCTGCCCA-1,0.0098588355
ATGAGGGAGTACGTTC-1,0.02133435
ATGAGGGCACGGATAG-1,0.018756501
ATGAGGGGTTACCAGT-1,0.112025484
ATGAGGGTCTTCAACT-1,0.014406659
ATGCGATAGATCCCAT-1,0.19292006
ATGCGATCAGACACTT-1,0.19825351
ATGCGATGTGCCTTGG-1,0.745108
ATGCGATTCACGCGGT-1,0.016820487
ATGCGATTCCTGTAGA-1,0.24113752
ATGCGATTCGAATCCA-1,0.018571591
ATGCGATTCTCGATGA-1,0.020879777
ATGGGAGAGCTGAAAT-1,0.009773004
ATGGGAGGTGGTTTCA-1,0.009967542
ATGGGAGTCACAACGT-1,0.17909944
ATGTGTGAGGTGCACA-1,0.16821659
ATGTGTGAGGTTCCTA-1,0.015562489
ATGTGTGAGTATCGAA-1,0.1033703
ATGTGTGCATCCGTGG-1,0.012263657
ATGTGTGCATGGATGG-1,0.14947051
ATGTGTGGTAACGACG-1,0.015019362
ATGTGTGGTCGTTGTA-1,0.09910218
ATGTGTGGTGCTTCTC-1,0.12201002
ATGTGTGTCTACCAGA-1,0.19345582
ATGTGTGTCTAGCACA-1,0.03686272
ATTACTCTCGGCGGTT-1,0.112160295
ATTACTCTCGGTTAAC-1,0.011719377
ATTATCCAGCCAACAG-1,0.13923974
ATTATCCCAAGGACTG-1,0.021653172
ATTCTACCAGTTCCCT-1,0.17757839
ATTCTACCATTAGGCT-1,0.8547886
ATTCTACGTCGCGAAA-1,0.19589423
ATTCTACGTTCAGGCC-1,0.17459182
ATTCTACTCAATCTCT-1,0.01529881
ATTCTACTCAGGCAAG-1,0.010261205
ATTGGACAGAAGGGTA-1,0.18226658
ATTGGACAGTTGAGTA-1,0.013225175
ATTGGACCATGTCCTC-1,0.016151028
ATTGGACGTCAGCTAT-1,0.010549505
ATTGGACGTTAAGAAC-1,0.015622455
ATTGGACGTTAGTGGG-1,0.21467842
ATTGGTGAGTAGGTGC-1,0.15716016
ATTGGTGGTATGAAAC-1,0.1685063
ATTGGTGGTTCCTCCA-1,0.014802385
ATTGGTGTCAAAGTAG-1,0.011229289
ATTGGTGTCACAAACC-1,0.016772464
ATTTCTGGTCTTCGTC-1,0.015849333
ATTTCTGGTTACAGAA-1,0.017064022
ATTTCTGTCCGTAGGC-1,0.08902961
CAACCAAAGCCACGTC-1,0.1813243
CAACCAACAACACCTA-1,0.20634875
CAACCAACAATCCAAC-1,0.015199222
CAACCAACACTTAAGC-1,0.015209881
CAACCAACATGGATGG-1,0.018354768
CAACCAAGTCCTAGCG-1,0.1647098
CAACCAAGTTCTGTTT-1,0.74000263
CAACCTCAGCAGATCG-1,0.039444733
CAACCTCAGGTGCAAC-1,0.023051195
CAACCTCCATGCCTTC-1,0.016606325
CAACTAGAGTCACGCC-1,0.21105087
CAACTAGCAAACAACA-1,0.11321166
CAACTAGTCACAGTAC-1,0.19937167
CAAGAAACAAAGGTGC-1,0.06854105
CAAGAAAGTCATGCAT-1,0.11393803
CAAGAAATCATGCATG-1,0.012458572
CAAGAAATCTCGTTTA-1,0.017701304
CAAGAAATCTGGCGTG-1,0.17818129
CAAGATCAGATATGCA-1,0.31632382
CAAGATCAGCAATATG-1,0.75154483
CAAGATCCACGACTCG-1,0.17796502
CAAGATCTCTCTAGGA-1,0.025189973
CAAGGCCAGGCTCATT-1,0.019862438
CAAGGCCGTCTAGAGG-1,0.31665975
CAAGGCCGTGTTGAGG-1,0.18390381
CAAGTTGCAAGCGAGT-1,0.011325305
CAAGTTGGTCCTAGCG-1,0.19355161
CAAGTTGTCAAACCAC-1,0.022201326
CAAGTTGTCATTATCC-1,0.108794555
CACAAACAGTCAAGCG-1,0.17639783
CACAAACCAACTGGCC-1,0.01723885
CACAAACCACTCAGGC-1,0.01819301
CACAAACGTCGTCTTC-1,0.011890016
CACAAACGTGCGATAG-1,0.1191248
CACAAACTCAACACCA-1,0.02014937
CACACAAAGCCACTAT-1,0.1635481
CACACAAAGTGTACTC-1,0.016354015
CACACAAAGTTCGCGC-1,0.09689748
CACACAAGTCACACGC-1,0.9380471
CACACAAGTCGAAAGC-1,0.19864835
CACACAATCGGAAATA-1,0.103362456
CACACCTTCCACGCAG-1,0.20038298
CACACTCAGGCTCTTA-1,0.01328982
CACACTCCAGCCAGAA-1,0.012042368
CACACTCGTCTAAAGA-1,0.012046153
CACACTCGTTATCCGA-1,0.19688001
CACACTCTCTATCCTA-1,0.20671467
CACAGGCCACGACTCG-1,0.012092411
CACAGGCGTTCGCGAC-1,0.93727636
CACAGGCTCCATTCTA-1,0.017310781
CACAGGCTCCGTACAA-1,0.013320696
CACAGTAAGTAGGCCA-1,0.01597476
CACAGTACATGCGCAC-1,0.108970046
CACAGTAGTACATCCA-1,0.020116638
CACAGTAGTTCGCTAA-1,0.013442592
CACAGTAGTTGTCGCG-1,0.10378807
CACAGTATCAATCTCT-1,0.20562632
CACATAGGTGGTTTCA-1,0.018926874
CACATAGTCCATTCTA-1,0.18009168
CACATTTAGAATCTCC-1,0.9643411
CACATTTAGACACTAA-1,0.10951433
CACATTTAGTGGACGT-1,0.011594035
CACATTTCAAGCCCAC-1,0.016203739
CACATTTCACACCGAC-1,0.19172777
CACATTTCACTTAAGC-1,0.023166347
CACATTTGTACGCTGC-1,0.21352948
CACCACTAGACAATAC-1,0.023580676
CACCACTAGTGTCTCA-1,0.021766974
CACCACTCACTTCTGC-1,0.010943614
CACCACTCATTTGCTT-1,0.21304068
CACCACTGTACCGTTA-1,0.02249092
CACCACTGTCGATTGT-1,0.9551792
CACCACTGTCTGGAGA-1,0.111888595
CACCACTGTGTGGTTT-1,0.2037631
CACCACTGTTCAGCGC-1,0.018115293
CACCACTTCCCACTTG-1,0.024194967
CACCAGGAGTGGAGTC-1,0.1688636
CACCAGGCAAACTGCT-1,0.010625112
CACCAGGGTCTCACCT-1,0.017548967
CACCAGGTCGAATGGG-1,0.025123753
CACCTTGAGAGGGCTT-1,0.015731618
CACCTTGAGCCACGCT-1,0.017599398
CACCTTGAGTACGATA-1,0.97601825
CACCTTGAGTAGTGCG-1,0.022354355
CACCTTGCAAGGCTCC-1,0.047099397
CACCTTGCATGCAATC-1,0.088057585
CACCTTGGTATATGAG-1,0.18986884
CACCTTGGTCCGTGAC-1,0.8243016
CACTCCATCGCTGATA-1,0.014813594
CAGAATCAGCTAACTC-1,0.1991795
CAGAATCAGTTAAGTG-1,0.011305999
CAGAATCCACAGACAG-1,0.015350045
CAGAATCCATCACGAT-1,0.010029413
CAGAATCCATTACCTT-1,0.00755036
CAGAATCGTATTCGTG-1,0.011969849
CAGAATCTCCTGCCAT-1,0.015475757
CAGAGAGAGTCATGCT-1,0.013663838
CAGAGAGAGTCCTCCT-1,0.16493572
CAGAGAGCAGTGGGAT-1,0.18330704
CAGAGAGGTGCAGACA-1,0.20114122
CAGATCAAGAGGTTAT-1,0.88283587
CAGATCAAGGCGACAT-1,0.019950189
CAGATCAAGGGCACTA-1,0.021868242
CAGATCAAGTGAACGC-1,0.024762098
CAGATCACACACCGAC-1,0.17716405
CAGATCACACATGACT-1,0.104730204
CAGATCACAGCGTAAG-1,0.17493486
CAGATCACAGCGTCCA-1,0.11219081
CAGATCACATGAAGTA-1,0.006774434
CAGATCAGTCGACTAT-1,0.008628477
CAGATCAGTGATGATA-1,0.17857017
CAGATCATCAATAAGG-1,0.16585097
CAGATCATCGTGACAT-1,0.024161143
CAGCAGCAGAAGGTTT-1,0.094047755
CAGCAGCAGCCAGTAG-1,0.18450855
CAGCAGCAGCCATCGC-1,0.018198866
CAGCAGCAGTGTACGG-1,0.19917592
CAGCAGCCACCGAAAG-1,0.014394572
CAGCAGCCATCTCCCA-1,0.1023806
CAGCAGCTCGGTCCGA-1,0.19648337
CAGCATAAGCCGATTT-1,0.079201214
CAGCATAAGGCTAGGT-1,0.17649151
CAGCCGAAGAAGGGTA-1,0.021598497
CAGCCGACATGCCTAA-1,0.02594406
CAGCCGAGTCTAGGTT-1,0.8373981
CAGCCGATCCAGAAGG-1,0.02065506
CAGCCGATCCGAACGC-1,0.20053998
CAGCCGATCTACTTAC-1,0.0137116285
CAGCGACCAAGACGTG-1,0.02252917
CAGCGACGTTGACGTT-1,0.109784335
CAGCGACTCGGAGCAA-1,0.011318465
CAGCTAACAGCATGAG-1,0.853557
CAGCTAAGTGGTACAG-1,0.105860375
CAGCTAATCATCATTC-1,0.011458038
CAGCTAATCGCCGTGA-1,0.8793031
CAGCTAATCTGCGACG-1,0.014679939
CAGCTGGCACGTAAGG-1,0.1584606
CAGCTGGGTCGCTTTC-1,0.02331385
CAGCTGGGTGACCAAG-1,0.17362776
CAGCTGGTCAGAGACG-1,0.012581018
CAGCTGGTCCACTGGG-1,0.16042277
CAGGTGCAGGCAATTA-1,0.18959734
CAGGTGCAGTAGCGGT-1,0.008334535
CAGGTGCCACTTGGAT-1,0.035139322
CAGGTGCCATGACATC-1,0.19151726
CAGGTGCGTGTGCGTC-1,0.10333329
CAGTAACAGATCGATA-1,0.013800218
CAGTAACCAGATCTGT-1,0.19510865
CAGTAACCATCACGAT-1,0.020677125
CAGTCCTAGATCACGG-1,0.18105279
CAGTCCTAGGGAAACA-1,0.016502535
CAGTCCTAGTATGACA-1,0.015465196
CAGTCCTCAAGGCTCC-1,0.11242636
CAGTCCTGTAGCTCCG-1,0.7264945
CATATGGAGCTACCGC-1,0.19306971
CATATGGAGGCTCTTA-1,0.10859027
CATATGGCAAAGCAAT-1,0.011886831
CATATGGCAACTTGAC-1,0.019083766
CATATGGCAATGGAGC-1,0.01428891
CATATGGCATGACGGA-1,0.0108739
CATATGGCATTACCTT-1,0.16756655
CATATGGGTTCCTCCA-1,0.19250174
CATATGGTCACCGTAA-1,0.015407761
CATATTCAGCTGTCTA-1,0.71251637
CATATTCAGGAGTCTG-1,0.10471005
CATATTCGTAGATTAG-1,0.12178159
CATATTCGTTCTCATT-1,0.0121191945
CATATTCTCAGTGTTG-1,0.100832246
CATCAAGAGAGGGCTT-1,0.31520224
CATCAAGAGGGATCTG-1,0.1900535
CATCAAGGTCAGTGGA-1,0.011757926
CATCAAGGTGACCAAG-1,0.108242765
CATCAAGGTTCAGTAC-1,0.020750243
CATCAAGTCCTACAGA-1,0.09984119
CATCAAGTCTGGTTCC-1,0.10804967
CATCAGAAGCTTTGGT-1,0.020401487
CATCAGAGTGATAAGT-1,0.017099522
CATCAGATCCTAGAAC-1,0.024602547
CATCAGATCTCAAACG-1,0.20059903
CATCCACAGAAACCTA-1,0.73847073
CATCCACAGAGTGACC-1,0.014263687
CATCCACCATTCTTAC-1,0.021144697
CATCCACTCAGATAAG-1,0.20706831
CATCCACTCCATGAAC-1,0.20698561
CATCCACTCCGTTGTC-1,0.23829024
CATCGAAAGATCCCAT-1,0.11395754
CATCGAAAGGTAGCTG-1,0.021468854
CATCGAAAGTACTTGC-1,0.022603944
CATCGAAGTATCACCA-1,0.28271013
CATCGAAGTCGACTAT-1,0.013663777
CATCGAAGTCTCGTTC-1,0.19474624
CATCGAAGTTCCATGA-1,0.8574858
CATCGAAGTTGCTCCT-1,0.2056795
CATCGAATCAATACCG-1,0.096488096
CATCGAATCAGTTAGC-1,0.82548237
CATCGAATCATCTGCC-1,0.00891726
CATCGGGCAACTGCGC-1,0.017478326
CATCGGGGTGTTTGTG-1,0.0131684365
CATGACAAGTCGTTTG-1,0.013490952
CATGACACAGCGTCCA-1,0.1788684
CATGACACATGTTGAC-1,0.19382939
CATGACAGTAGCGCTC-1,0.018320562
CATGACAGTCAACTGT-1,0.3167326
CATGACAGTCAGGACA-1,0.013834696
CATGCCTCACAACTGT-1,0.012695204
CATGCCTCAGTCACTA-1,0.0151660135
CATGCCTGTGCCTGCA-1,0.009939905
CATGGCGAGAATCTCC-1,0.016272148
CATGGCGCAGACAGGT-1,0.8112801
CATGGCGGTAGGACAC-1,0.015520253
CATGGCGGTCGTCTTC-1,0.20131989
CATGGCGGTCGTGGCT-1,0.14584845
CATGGCGGTGCGATAG-1,0.213649
CATGGCGGTTTGGCGC-1,0.014777621
CATGGCGTCAAACCAC-1,0.011690518
CATTATCCACCAGATT-1,0.105200544
CATTATCTCTTAGAGC-1,0.016116716
CATTCGCCACTTAACG-1,0.02428538
CATTCGCCAGCGATCC-1,0.19159903
CATTCGCGTTATGCGT-1,0.009514884
CATTCGCTCGACCAGC-1,0.013653324
CATTCGCTCTCAAACG-1,0.0163744
CCAATCCAGTCCAGGA-1,0.12237204
CCAATCCCAGGCTCAC-1,0.20386015
CCAATCCCATTGGGCC-1,0.012377631
CCAATCCTCTGGCGAC-1,0.02051016
CCACCTACACGACGAA-1,0.018955927
CCACCTACAGGGTACA-1,0.1028296
CCACCTAGTAATCGTC-1,0.9474558
CCACCTAGTTGGTGGA-1,0.20268258
CCACCTATCTCTAGGA-1,0.021012068
CCACGGAAGCAGGTCA-1,0.1022684
CCACGGAAGGATATAC-1,0.16788167
CCACGGAAGGCAGGTT-1,0.72062314
CCACGGAAGTCCCACG-1,0.01721486
CCACGGACATCCTAGA-1,0.01182171
CCACGGAGTGAGTGAC-1,0.81430376
CCACGGATCACTCCTG-1,0.80189794
CCACGGATCCAAGTAC-1,0.01097
CCACGGATCCGATATG-1,0.01539199
CCACTACGTAAACGCG-1,0.19735108
CCACTACGTGATGTGG-1,0.19680022
CCACTACGTTGCCTCT-1,0.016971275
CCACTACTCTATCCCG-1,0.017638812
CCACTACTCTGGTTCC-1,0.25244862
CCAGCGAGTAGCACGA-1,0.73728853
CCAGCGATCCGCATCT-1,0.2043932
CCAGCGATCTAGAGTC-1,0.023254532
CCATGTCCAAACTGTC-1,0.021139517
CCATGTCCAAAGGCGT-1,0.0143223265
CCATGTCCAATGAAAC-1,0.9091738
CCATGTCCAATGAATG-1,0.014777303
CCATGTCGTACGACCC-1,0.016675452
CCATGTCGTAGTAGTA-1,0.101540096
CCATGTCGTCAACTGT-1,0.019767009
CCATGTCTCACGACTA-1,0.022194913
CCATTCGAGGAGTAGA-1,0.10162774
CCATTCGAGTCTCAAC-1,0.009989966
CCCAATCGTAGGAGTC-1,0.015131805
CCCAATCGTCGATTGT-1,0.106068164
CCCAATCGTCTTCGTC-1,0.19809446
CCCAATCTCCCTTGCA-1,0.19470385
CCCAGTTAGCTGCAAG-1,0.18363187
CCCAGTTAGCTGCCCA-1,0.017685845
CCCAGTTCACATCTTT-1,0.18216525
CCCAGTTGTTTACTCT-1,0.21674645
CCCAGTTTCAAAGTAG-1,0.016638467
CCCAGTTTCGCCTGAG-1,0.8057244
CCCAGTTTCTTCATGT-1,0.02178095
CCCTCCTAGACAAAGG-1,0.014015044
CCCTCCTAGTTGAGAT-1,0.8072952
CCCTCCTCAGTCAGCC-1,0.017887125
CCCTCCTGTCATCGGC-1,0.1839352
CCCTCCTTCGTCACGG-1,0.023877092
CCGGGATAGCAGGTCA-1,0.019036755
CCGGGATGTCAGAAGC-1,0.90849006
CCGGGATTCAAAGTAG-1,0.015953697
CCGGTAGAGGCTCTTA-1,0.20573737
CCGGTAGAGTATCTCG-1,0.017510872
CCGGTAGAGTGGGTTG-1,0.10275153
CCGGTAGCACCGATAT-1,0.012612085
CCGGTAGCAGTAACGG-1,0.018683683
CCGGTAGCATCCAACA-1,0.103678666
CCGGTAGGTGGCAAAC-1,0.0102559095
CCGGTAGTCACTGGGC-1,0.017523296
CCGTACTAGAAGATTC-1,0.013145135
CCGTACTGTCTCTCGT-1,0.096161835
CCGTGGAGTAATTGGA-1,0.92626363
CCGTGGAGTCAACTGT-1,0.1978253
CCGTGGAGTGATGTGG-1,0.09640996
CCGTGGATCGGTGTTA-1,0.814231
CCGTGGATCTCGTTTA-1,0.011694481
CCGTTCAAGCGATCCC-1,0.73675644
CCGTTCAAGCTAACTC-1,0.94625145
CCGTTCAAGGGATGGG-1,0.014024532
CCGTTCAAGTCGAGTG-1,0.018643089
CCGTTCAGTGATAAGT-1,0.014312296
CCTAAAGAGAAACCTA-1,0.02133113
CCTAAAGAGCACGCCT-1,0.19807294
CCTAAAGCACAGACAG-1,0.11006389
CCTAAAGTCAGTCCCT-1,0.023247007
CCTACACAGGTGCAAC-1,0.111520395
CCTACACAGTTAAGTG-1,0.010956211
CCTACACCACAGGAGT-1,0.046445794
CCTACACCACCTCGGA-1,0.16826491
CCTACACGTCTTGCGG-1,0.013864133
CCTACACTCCACTGGG-1,0.107772805
CCTACCAAGTATTGGA-1,0.024259107
CCTACCACACAACGTT-1,0.19453539
CCTACCACAGCCTTTC-1,0.018211134
CCTACCAGTGAGGGTT-1,0.19749719
CCTACCATCCGCGCAA-1,0.020515911
CCTAGCTAGCGCCTTG-1,0.019664522
CCTAGCTAGGTAGCTG-1,0.007978903
CCTAGCTCATACGCCG-1,0.97354066
CCTAGCTGTCTAGAGG-1,0.84329355
CCTAGCTTCAGTCAGT-1,0.106813125
CCTATTACACCGAAAG-1,0.011456234
CCTATTACAGCGTTCG-1,0.018246992
CCTATTAGTTACCAGT-1,0.1206524
CCTATTATCCACGTGG-1,0.7392238
CCTATTATCTAACTCT-1,0.20037577
CCTATTATCTTGCATT-1,0.018362198
CCTCAGTAGCAGATCG-1,0.015002211
CCTCTGAAGGCCCTCA-1,0.27568224
CCTCTGAAGGGTTCCC-1,0.15806812
CCTCTGACAAAGGAAG-1,0.023652386
CCTCTGACAATAACGA-1,0.1104459
CCTCTGACAGGACGTA-1,0.84546816
CCTCTGATCACGGTTA-1,0.00651481
CCTTACGCAAGTCATC-1,0.21629892
CCTTACGCACCGATAT-1,0.19908841
CCTTACGGTCAAACTC-1,0.015286643
CCTTACGTCAACACTG-1,0.0154057145
CCTTACGTCATGCATG-1,0.099760495
CCTTCCCCAAGCTGTT-1,0.112378284
CCTTCCCCAATAGAGT-1,0.014854898
CCTTCCCCACGCATCG-1,0.119066976
CCTTCCCCATTTGCTT-1,0.20171486
CCTTCCCGTTGTTTGG-1,0.19780362
CCTTCCCTCTACTTAC-1,0.009337034
CCTTCGAAGATCCCAT-1,0.16691804
CCTTCGACACATCCAA-1,0.09506317
CCTTCGACACCTATCC-1,0.8809512
CCTTCGAGTAGCTGCC-1,0.018298458
CCTTCGAGTCTGATCA-1,0.111421555
CCTTCGAGTGAGTATA-1,0.19549806
CCTTCGATCACTTACT-1,0.01384812
CCTTCGATCTTGAGAC-1,0.19683446
CCTTTCTAGGCCCGTT-1,0.016364275
CCTTTCTCAAGCGAGT-1,0.025455711
CCTTTCTGTGATGCCC-1,0.19853587
CCTTTCTTCAGTGCAT-1,0.14256649
CGAACATAGAAGATTC-1,0.017666426
CGAACATAGAAGGACA-1,0.0132550355
CGAACATAGCCAACAG-1,0.016485576
CGAACATAGGAATCGC-1,0.18059994
CGAACATCAAATTGCC-1,0.014958378
CGAACATCAATAACGA-1,0.17845502
CGAACATGTCCAACTA-1,0.09668601
CGAACATGTTATCACG-1,0.15515572
CGAACATTCATGCAAC-1,0.15158388
CGAACATTCCCAAGTA-1,0.18635233
CGAACATTCCGCATAA-1,0.02186811
CGAACATTCGATCCCT-1,0.013699045
CGAATGTAGAGTAATC-1,0.019808762
CGAATGTAGTCATGCT-1,0.12343483
CGAATGTCAATGGAAT-1,0.20341104
CGAATGTCACCTTGTC-1,0.015745636
CGAATGTCATATGAGA-1,0.014132005
CGAATGTGTTGCTCCT-1,0.09381699
CGAATGTTCATCATTC-1,0.7234958
CGAATGTTCTCTGAGA-1,0.90913725
CGAATGTTCTGCGGCA-1,0.009613851
CGACCTTGTAATCGTC-1,0.0139698
CGACCTTGTCGAATCT-1,0.017667867
CGACCTTGTCTCCCTA-1,0.22054325
CGACCTTTCCGTCAAA-1,0.008905908
CGACCTTTCGCAAGCC-1,0.18196592
CGACCTTTCGCTGATA-1,0.19864151
CGACTTCAGATGCCAG-1,0.040691268
CGACTTCCAACGATCT-1,0.24096338
CGACTTCCACGCGAAA-1,0.10516657
CGACTTCCATTTCAGG-1,0.8533471
CGACTTCGTTCCATGA-1,0.01487905
CGACTTCTCGTGGGAA-1,0.016483875
CGAGAAGCACACTGCG-1,0.015317509
CGAGAAGGTTACTGAC-1,0.024815708
CGAGAAGTCCTAGGGC-1,0.08721111
CGAGAAGTCTCTGCTG-1,0.061392892
CGAGCACAGAACTGTA-1,0.11256601
CGAGCACAGCAGACTG-1,0.093496285
CGAGCACAGGAATTAC-1,0.79283637
CGAGCACAGGTGCTAG-1,0.017246354
CGAGCACGTCATATCG-1,0.20469905
CGAGCACGTCTCACCT-1,0.023888102
CGAGCACGTCTTGATG-1,0.19318374
CGAGCACGTTAGGGTG-1,0.0128560215
CGAGCACTCGGAGCAA-1,0.0990723
CGAGCACTCTAACTTC-1,0.2754491
CGAGCACTCTGCTGCT-1,0.18337974
CGAGCCAAGTTGAGTA-1,0.008840484
CGAGCCACAACAACCT-1,0.008436485
CGAGCCACATTAGGCT-1,0.011502762
CGAGCCATCACCGGGT-1,0.86276925
CGATCGGCAGCTCGCA-1,0.20188566
CGATCGGGTAAGGGCT-1,0.81405663
CGATCGGGTCCGTCAG-1,0.17590669
CGATCGGTCAAGGTAA-1,0.024641648
CGATCGGTCGTCCAGG-1,0.009206286
CGATGGCAGCTACCGC-1,0.98067504
CGATGTACACGTTGGC-1,0.020983493
CGATGTACAGCCTTTC-1,0.20099054
CGATGTAGTGGTGTAG-1,0.021695232
CGATGTATCACCAGGC-1,0.7370766
CGATTGAAGCAATATG-1,0.7094347
CGATTGAAGCGATATA-1,0.017049849
CGATTGAAGCGATGAC-1,0.7370211
CGATTGAAGTACATGA-1,0.006423975
CGATTGACAAGGACAC-1,0.0193294
CGATTGAGTACTTGAC-1,0.011193415
CGCCAAGCATGCAACT-1,0.2091797
CGCCAAGGTCATATGC-1,0.10033919
CGCCAAGGTCGTGGCT-1,0.009600722
CGCCAAGGTGCTGTAT-1,0.21544863
CGCCAAGTCTGTCTAT-1,0.1829844
CGCGGTAAGCGTAGTG-1,0.012315408
CGCGGTAAGGTGCTAG-1,0.009709261
CGCGGTACAGCTCGAC-1,0.014474162
CGCGGTACAGGGTATG-1,0.197253
CGCGGTAGTAGATTAG-1,0.19546475
CGCGGTAGTTCGGCAC-1,0.20526317
CGCGGTATCAGATAAG-1,0.24970472
CGCGGTATCGGCGCTA-1,0.012043488
CGCGTTTAGAGCTGGT-1,0.12596472
CGCGTTTCACGGTTTA-1,0.012371495
CGCGTTTGTGGCGAAT-1,0.014599858
CGCGTTTTCAACACTG-1,0.18277399
CGCGTTTTCCTTTACA-1,0.20449314
CGCGTTTTCTTGAGGT-1,0.18786494
CGCTATCAGACTCGGA-1,0.10214571
CGCTATCAGAGGTTAT-1,0.8701967
CGCTATCCACCTCGTT-1,0.012377437
CGCTATCGTGTGTGCC-1,0.009449196
CGCTATCGTTCGTGAT-1,0.19503209
CGCTATCTCACTGGGC-1,0.023858963
CGCTATCTCCGCATAA-1,0.20241858
CGCTATCTCGGTGTCG-1,0.008521296
CGCTATCTCTATGTGG-1,0.019717105
CGCTGGAAGTACGACG-1,0.11181636
CGCTGGACATCCGCGA-1,0.016317531
CGCTGGAGTCCATCCT-1,0.016055472
CGCTGGAGTCGCGGTT-1,0.11576438
CGCTTCAAGGGTCGAT-1,0.19920206
CGCTTCACACGAAACG-1,0.015449093
CGCTTCACACGAAAGC-1,0.20346995
CGCTTCATCCGGGTGT-1,0.017416792
CGGACACAGAAGATTC-1,0.19747812
CGGACACAGGATCGCA-1,0.11636217
CGGACACAGGCTAGCA-1,0.11522733
CGGACACGTCGGCTCA-1,0.018964337
CGGACACGTGGTACAG-1,0.015043117
CGGACGTAGACTGGGT-1,0.009248603
CGGACGTAGATCCCGC-1,0.1410191
CGGACGTAGTGGAGTC-1,0.16522476
CGGACGTGTACTCGCG-1,0.19111282
CGGACTGTCACAGGCC-1,0.011274474
CGGACTGTCCTTTCGG-1,0.18690847
CGGACTGTCGTATCAG-1,0.019641064
CGGACTGTCGTTTATC-1,0.18000445
CGGAGCTCAAGACACG-1,0.020849572
CGGAGCTCAAGTTCTG-1,0.11491653
CGGAGTCGTTGATTGC-1,0.020727348
CGGAGTCTCCGAATGT-1,0.19880565
CGGCTAGAGAGTAAGG-1,0.16939406
CGGCTAGAGCAGATCG-1,0.017475039
CGGCTAGAGTTAGCGG-1,0.016460111
CGGCTAGCAATGGATA-1,0.012471239
CGGCTAGGTAAATACG-1,0.010116914
CGGCTAGTCGGCTACG-1,0.17767982
CGGGTCAAGCTGAACG-1,0.17581567
CGGGTCACAGGAATCG-1,0.024931487
CGGGTCAGTAAACCTC-1,0.1201717
CGGGTCATCTTACCTA-1,0.097528495
CGGTTAAAGGATGCGT-1,0.012286592
CGGTTAATCAGTCAGT-1,0.018617583
CGGTTAATCGCATGGC-1,0.19289526
CGGTTAATCTATCCTA-1,0.018849142
CGTAGCGCAGGGATTG-1,0.017556805
CGTAGCGTCTGACCTC-1,0.017096205
CGTAGGCAGATAGTCA-1,0.02344647
CGTAGGCCACCGGAAA-1,0.17581616
CGTAGGCCAGCTGGCT-1,0.18554638
CGTAGGCGTAACGCGA-1,0.10738371
CGTAGGCGTAGAGTGC-1,0.01968336
CGTAGGCGTTACGTCA-1,0.10015235
CGTAGGCTCATTGCCC-1,0.9556141
CGTCACTAGAGACTAT-1,0.013689737
CGTCACTAGGATGTAT-1,0.87195283
CGTCACTGTCCTCTTG-1,0.19431187
CGTCACTTCCAGATCA-1,0.09829002
CGTCACTTCCGTAGTA-1,0.854171
CGTCAGGCAAGAAGAG-1,0.02145854
CGTCAGGGTGTCTGAT-1,0.84315556
CGTCCATAGCTAACTC-1,0.9489323
CGTCCATAGCTAAGAT-1,0.016238775
CGTCCATAGGACATTA-1,0.103846945
CGTCCATCACGCCAGT-1,0.017929712
CGTCCATTCTCGCATC-1,0.021491587
CGTCTACAGTGAACAT-1,0.017868087
CGTCTACCACAACGTT-1,0.0099980915
CGTCTACGTCTTGATG-1,0.009474455
CGTGAGCCAAGCTGAG-1,0.09708939
CGTGAGCCAAGTTGTC-1,0.0848605
CGTGAGCCATCGGAAG-1,0.021867627
CGTGAGCGTACAGTGG-1,0.21450557
CGTGAGCGTGCACTTA-1,0.012106586
CGTGAGCTCGCACTCT-1,0.19078192
CGTGTAAAGGGTTTCT-1,0.19990152
CGTGTAAAGTCCGTAT-1,0.027921999
CGTGTAAGTAGCTTGT-1,0.013936383
CGTGTAAGTATGAATG-1,0.013846371
CGTGTAATCACTTATC-1,0.20839445
CGTGTCTCAAAGTGCG-1,0.010695627
CGTGTCTCAGGCTGAA-1,0.021717412
CGTGTCTGTTCGTCTC-1,0.02099715
CGTGTCTTCCTATGTT-1,0.011579016
CGTGTCTTCTGGCGAC-1,0.89512694
CGTTAGACACGGATAG-1,0.017044628
CGTTAGAGTCTAGCCG-1,0.021473868
CGTTAGATCTACGAGT-1,0.02110352
CGTTCTGAGAAGGTGA-1,0.014225017
CGTTCTGCAGTATGCT-1,0.2117427
CGTTCTGGTTGCGTTA-1,0.01688387
CGTTCTGGTTTGACAC-1,0.83791465
CGTTGGGCAAAGTCAA-1,0.032766324
CGTTGGGCATCGATTG-1,0.19601074
CGTTGGGTCTACCAGA-1,0.010110503
CTAACTTAGAAACCAT-1,0.015892336
CTAACTTAGCCACCTG-1,0.028258143
CTAACTTAGCTAGTTC-1,0.20908426
CTAACTTAGGCTATCT-1,0.17417084
CTAACTTAGGTACTCT-1,0.018985735
CTAACTTAGTGGACGT-1,0.015157422
CTAACTTCAGCTGTAT-1,0.01779728
CTAACTTTCATGTGGT-1,0.012283422
CTAAGACAGAGTGAGA-1,0.25141236
CTAAGACAGCTGCGAA-1,0.015823584
CTAAGACAGGGATCTG-1,0.1987763
CTAAGACAGTGAAGTT-1,0.022537405
CTAAGACAGTTAAGTG-1,0.10262333
CTAAGACGTAGGGTAC-1,0.18938644
CTAAGACGTGGTGTAG-1,0.09685613
CTAAGACTCCGTTGCT-1,0.16798289
CTAATGGCACCTCGGA-1,0.19516818
CTAATGGCACGAGGTA-1,0.19628236
CTAATGGCACTTAAGC-1,0.0964358
CTAATGGCAGGATTGG-1,0.12698467
CTAATGGCATGAGCGA-1,0.014049424
CTAATGGCATTTGCCC-1,0.18530817
CTAATGGGTAGAGCTG-1,0.17819978
CTACACCCACATCCGG-1,0.17816018
CTACACCGTCCCTTGT-1,0.094373696
CTACACCTCAGAAATG-1,0.014412006
CTACACCTCGCCAGCA-1,0.020451877
CTACACCTCTGACCTC-1,0.013515903
CTACATTAGGGCATGT-1,0.11144021
CTACATTCACCTCGTT-1,0.20696777
CTACATTCAGGCAGTA-1,0.019696986
CTACATTGTAGCGATG-1,0.022965165
CTACATTGTTCCAACA-1,0.76977044
CTACATTGTTTCGCTC-1,0.015123453
CTACCCATCCGCGGTA-1,0.015544507
CTACGTCCATCACGAT-1,0.009637824
CTAGAGTAGCCCAACC-1,0.1562986
CTAGAGTAGCGCTTAT-1,0.017596424
CTAGAGTCAAGCTGGA-1,0.021049736
CTAGAGTCAATTCCTT-1,0.018331865
CTAGAGTCATCACCCT-1,0.008188405
CTAGAGTGTCCTGCTT-1,0.0068125576
CTAGAGTTCGCGATCG-1,0.01874028
CTAGCCTAGGTGATTA-1,0.015928458
CTAGCCTGTATCAGTC-1,0.10983349
CTAGCCTTCAATACCG-1,0.2067285
CTAGCCTTCGAGCCCA-1,0.18851228
CTAGTGAAGAGAACAG-1,0.15720978
CTAGTGAGTGCGAAAC-1,0.22038347
CTAGTGATCACAGGCC-1,0.19958115
CTAGTGATCATGGTCA-1,0.11623378
CTAGTGATCGCGTTTC-1,0.10617235
CTCACACAGGAATCGC-1,0.015191067
CTCACACAGTACGCGA-1,0.1176458
CTCACACCACGAAAGC-1,0.90910435
CTCACACCATCGACGC-1,0.015355234
CTCACACGTCCAGTGC-1,0.1938662
CTCACACGTCTAGTCA-1,0.013264065
CTCACACGTGTTCTTT-1,0.010189474
CTCACACTCAGAGGTG-1,0.19534898
CTCACACTCATCGCTC-1,0.20483771
CTCACACTCCACGAAT-1,0.018037401
CTCACACTCTGCTGTC-1,0.022532217
CTCAGAAAGAAACGCC-1,0.013802364
CTCAGAAAGAAGATTC-1,0.17454953
CTCAGAAAGCCAGTTT-1,0.010181542
CTCAGAAGTACCGAGA-1,0.007737041
CTCAGAAGTCTCACCT-1,0.20181733
CTCAGAAGTGCCTGGT-1,0.021389393
CTCAGAAGTTAAGACA-1,0.017104903
CTCAGAATCATGTCTT-1,0.020810775
CTCAGAATCGCGCCAA-1,0.100163646
CTCATTAAGATCGGGT-1,0.00838053
CTCATTACAATGGAGC-1,0.11072327
CTCATTACATTTGCTT-1,0.045830656
CTCATTAGTAGCGTAG-1,0.19973715
CTCATTAGTCTCTCGT-1,0.017659582
CTCATTAGTGCTCTTC-1,0.104639575
CTCATTAGTTACCAGT-1,0.10848978
CTCCTAGAGAAGCCCA-1,0.8938921
CTCCTAGCACATTAGC-1,0.0191594
CTCCTAGCATCGGTTA-1,0.13127808
CTCCTAGGTACTTGAC-1,0.20613588
CTCCTAGGTAGTAGTA-1,0.2774404
CTCCTAGTCCGAAGAG-1,0.019955555
CTCCTAGTCTCACATT-1,0.011838132
CTCGAAAGTACAGTGG-1,0.19341217
CTCGAAAGTGCCTGTG-1,0.018728053
CTCGAAAGTTGGTTTG-1,0.016052803
CTCGAAATCACAACGT-1,0.73364085
CTCGAAATCCAGATCA-1,0.09305896
CTCGAGGAGATCTGCT-1,0.017141383
CTCGAGGAGGGAAACA-1,0.12236189
CTCGAGGAGGTGCACA-1,0.013482672
CTCGAGGCAGCTGGCT-1,0.20685762
CTCGAGGGTAGGGACT-1,0.013939423
CTCGGAGAGGACAGAA-1,0.022261558
CTCGGAGAGTAATCCC-1,0.016101953
CTCGGAGCATCCGCGA-1,0.015686681
CTCGGGAAGAAAGTGG-1,0.94427675
CTCGGGACACATCCAA-1,0.0147049725
CTCGGGACACGTGAGA-1,0.8221865
CTCGGGACAGCTTCGG-1,0.011934229
CTCGGGATCTCTGAGA-1,0.020281263
CTCGTACAGCAATATG-1,0.09727827
CTCGTACAGCTGCCCA-1,0.017620947
CTCGTACAGTTATCGC-1,0.017006246
CTCGTACCACACTGCG-1,0.014279248
CTCGTACCAGGTCCAC-1,0.008674159
CTCGTACTCACTCCTG-1,0.18102932
CTCGTCAAGGAGTTTA-1,0.81929874
CTCGTCAAGTGAAGTT-1,0.20379968
CTCGTCACAATACGCT-1,0.018147519
CTCGTCACACGGACAA-1,0.012704167
CTCGTCACAGTCGATT-1,0.16411285
CTCGTCAGTAAGTAGT-1,0.17807078
CTCGTCAGTATTCTCT-1,0.17548983
CTCGTCAGTCAGAAGC-1,0.9483515
CTCGTCATCAACGGCC-1,0.019475507
CTCGTCATCTACTATC-1,0.11729224
CTCTAATAGAAGGTTT-1,0.021235595
CTCTAATTCCAGTATG-1,0.017369978
CTCTACGAGATATGGT-1,0.01720525
CTCTACGAGCTACCTA-1,0.19849198
CTCTACGCAGATGGCA-1,0.18639998
CTCTACGGTTGAGGTG-1,0.09614328
CTCTACGGTTGCGTTA-1,0.11298359
CTCTGGTAGCATCATC-1,0.20572022
CTCTGGTGTAGATTAG-1,0.022829125
CTCTGGTGTCTGATTG-1,0.16382326
CTCTGGTGTTAGGGTG-1,0.14494264
CTCTGGTTCAGCAACT-1,0.011965068
CTCTGGTTCCCAACGG-1,0.11832193
CTGAAACAGGAGTCTG-1,0.907914
CTGAAACCAATCTACG-1,0.011587021
CTGAAACCACACCGCA-1,0.10472249
CTGAAACCATCCGTGG-1,0.9425973
CTGAAACTCCTGCTTG-1,0.014278244
CTGAAACTCGAGAACG-1,0.02170614
CTGAAGTCAAATTGCC-1,0.024165802
CTGAAGTGTAGGCATG-1,0.019623559
CTGAAGTGTTTCCACC-1,0.009481099
CTGAAGTTCACCTCGT-1,0.11239373
CTGATAGAGGTGCTAG-1,0.18167055
CTGATAGGTAGAGGAA-1,0.12837152
CTGATAGGTTGCTCCT-1,0.21051897
CTGATCCAGCCTATGT-1,0.2742785
CTGATCCAGGGCTCTC-1,0.02137894
CTGATCCAGTGAAGAG-1,0.17734924
CTGATCCTCTGTACGA-1,0.7222285
CTGCCTAAGACTGTAA-1,0.1792649
CTGCCTAAGGTAGCTG-1,0.016369257
CTGCCTACAAGACGTG-1,0.012911113
CTGCCTACAGTCGATT-1,0.014713065
CTGCCTAGTCATATCG-1,0.01751104
CTGCCTAGTGAGGCTA-1,0.019955657
CTGCCTAGTGAGTATA-1,0.015313075
CTGCCTATCCCTTGTG-1,0.16280563
CTGCGGAAGAAACGAG-1,0.09439719
CTGCGGACACGAAACG-1,0.015857872
CTGCGGACACTTAACG-1,0.010852627
CTGCGGACATCCGCGA-1,0.0125560975
CTGCGGAGTCAATGTC-1,0.11266377
CTGCGGAGTCCCGACA-1,0.20255257
CTGCGGAGTTATCACG-1,0.92242354
CTGCGGATCGACAGCC-1,0.18603499
CTGCTGTAGGGAGTAA-1,0.016638204
CTGCTGTCAAACTGTC-1,0.02193006
CTGCTGTCAGGTGCCT-1,0.011028209
CTGCTGTCATCCCACT-1,0.016748246
CTGCTGTGTCGCTTTC-1,0.19324702
CTGCTGTTCAAAGACA-1,0.019077769
CTGCTGTTCCCTTGCA-1,0.17621168
CTGCTGTTCCGTCATC-1,0.8997685
CTGGTCTGTGTAATGA-1,0.19011343
CTGGTCTGTTAAGACA-1,0.009026234
CTGGTCTTCCGTCAAA-1,0.012620719
CTGGTCTTCCTTAATC-1,0.024882855
CTGTGCTAGGGATCTG-1,0.012567025
CTGTGCTAGGTACTCT-1,0.19746791
CTGTGCTCATAGAAAC-1,0.011749434
CTGTGCTGTAGCGTAG-1,0.020213647
CTGTGCTTCCTAGAAC-1,0.011313217
CTGTTTAAGGTCATCT-1,0.10986922
CTGTTTACAATCTGCA-1,0.11639868
CTGTTTATCCCATTAT-1,0.01766164
CTGTTTATCCTTGACC-1,0.0138863865
CTTAACTAGTGTACCT-1,0.010312218
CTTAACTTCATAAAGG-1,0.85597855
CTTACCGAGAGTTGGC-1,0.26206854
CTTACCGAGGTAAACT-1,0.9539824
CTTACCGAGTGTCCAT-1,0.014658766
CTTACCGCAAGGACTG-1,0.020197103
CTTACCGCATCACAAC-1,0.09893408
CTTACCGGTTTGTTTC-1,0.01727917
CTTAGGACACAAGCCC-1,0.16284366
CTTAGGACACTAGTAC-1,0.0095669385
CTTAGGAGTCTCTTAT-1,0.79807305
CTTAGGATCTGTACGA-1,0.8606929
CTTCTCTAGACTGTAA-1,0.010871508
CTTCTCTAGATGTTAG-1,0.025071662
CTTCTCTCAGTCAGCC-1,0.02326711
CTTCTCTGTTCGTTGA-1,0.0173264
CTTCTCTGTTTGACAC-1,0.17855038
CTTCTCTTCCAGAAGG-1,0.013581937
CTTGGCTAGTTAGCGG-1,0.10280732
CTTGGCTGTACTTAGC-1,0.11768671
CTTGGCTGTGTCGCTG-1,0.024627084
CTTTGCGAGTACGACG-1,0.009146434
CTTTGCGCAATAAGCA-1,0.16938592
CTTTGCGGTCTCTCTG-1,0.01362634
GAAACTCAGCTAACAA-1,0.015752997
GAAACTCAGCTAGTCT-1,0.013604687
GAAACTCAGCTCCCAG-1,0.19574639
GAAACTCAGGCTAGAC-1,0.19966012
GAAACTCAGTACGTTC-1,0.009359857
GAAACTCAGTGTTGAA-1,0.15829965
GAAACTCCAATGGAGC-1,0.007188942
GAAACTCCAGGCGATA-1,0.009141015
GAAACTCCATCTACGA-1,0.013346272
GAAACTCGTAGCCTCG-1,0.069423065
GAAACTCGTGCTGTAT-1,0.013963482
GAAACTCTCAGTTCGA-1,0.011053674
GAAATGAAGGACCACA-1,0.014719837
GAAATGAAGTGTCCAT-1,0.114569396
GAAATGAAGTTGTAGA-1,0.016187277
GAAATGAGTCCTAGCG-1,0.123516016
GAAATGATCGCCGTGA-1,0.10008809
GAAATGATCTTACCGC-1,0.014630833
GAACATCAGTATCGAA-1,0.20623015
GAACATCCAAAGGCGT-1,0.19642948
GAACATCCAAATACAG-1,0.75629455
GAACATCCAGGGTTAG-1,0.019840453
GAACATCGTAGGCATG-1,0.10490721
GAACCTAAGTCCATAC-1,0.118054375
GAACCTAAGTTAGGTA-1,0.015012362
GAACCTACAAGCCTAT-1,0.19610727
GAACCTAGTGCACGAA-1,0.010214622
GAACCTATCGCCAAAT-1,0.114147864
GAACCTATCGGCTACG-1,0.8780708
GAACCTATCTGACCTC-1,0.010225289
GAACCTATCTTACCGC-1,0.014879874
GAACGGACAGACAAAT-1,0.20227903
GAACGGAGTGTGACCC-1,0.78890944
GAACGGAGTGTGGTTT-1,0.2045164
GAACGGAGTTTGGGCC-1,0.012981386
GAACGGATCAACCATG-1,0.16950402
GAACGGATCACTTATC-1,0.009791647
GAAGCAGAGGCTAGAC-1,0.20182405
GAAGCAGAGTCAAGGC-1,0.008268051
GAAGCAGCAGCTCGCA-1,0.016007526
GAAGCAGGTATCACCA-1,0.31565627
GAAGCAGTCAGATAAG-1,0.94121194
GAAGCAGTCTATCCCG-1,0.022621376
GAATAAGAGAACTGTA-1,0.17390591
GAATAAGAGTTAGGTA-1,0.008523993
GAATAAGTCACAGGCC-1,0.19970171
GAATAAGTCCTGCTTG-1,0.16934167
GAATGAAAGCAATATG-1,0.11009828
GAATGAACACGGCCAT-1,0.020553099
GAATGAACAGCTTCGG-1,0.014503085
GAATGAACATAAAGGT-1,0.14673977
GAATGAACATACAGCT-1,0.013796324
GACACGCCAGACACTT-1,0.11171471
GACACGCCATCGACGC-1,0.19604978
GACACGCGTTAAGGGC-1,0.11331264
GACACGCTCCCATTTA-1,0.011412605
GACACGCTCTCATTCA-1,0.24311383
GACACGCTCTTTACGT-1,0.20022856
GACAGAGGTTAAGACA-1,0.017225668
GACAGAGTCACATAGC-1,0.104107775
GACAGAGTCAGCATGT-1,0.021326663
GACAGAGTCGGAGCAA-1,0.73859036
GACCAATAGCGTTTAC-1,0.7777853
GACCAATAGTCAATAG-1,0.7314822
GACCAATGTACAAGTA-1,0.11697122
GACCAATTCTGGTGTA-1,0.20450862
GACCTGGAGCTTTGGT-1,0.008531885
GACCTGGCAAAGGTGC-1,0.02103587
GACCTGGCAGGGAGAG-1,0.1893317
GACCTGGGTGTGAATA-1,0.012974283
GACGCGTAGAATGTGT-1,0.26783198
GACGCGTCAACGCACC-1,0.006434921
GACGCGTCAAGTCATC-1,0.109347045
GACGCGTGTGGTCCGT-1,0.016074615
GACGCGTTCCTAAGTG-1,0.20136659
GACGGCTAGTTTCCTT-1,0.11015124
GACGGCTGTCGACTAT-1,0.15951417
GACGGCTTCACAGGCC-1,0.020544712
GACGGCTTCCCAAGTA-1,0.17007776
GACGGCTTCGGTGTCG-1,0.017465172
GACGTGCAGAGAGCTC-1,0.20274507
GACGTGCAGAGATGAG-1,0.020752076
GACGTGCCAGCTCGAC-1,0.19810893
GACGTGCGTCTGCGGT-1,0.01420064
GACGTGCTCAGCTCTC-1,0.13885608
GACGTGCTCATCGATG-1,0.01728195
GACGTGCTCCACTGGG-1,0.01528611
GACGTTAAGCCGCCTA-1,0.718726
GACGTTAAGTAGCGGT-1,0.10330939
GACGTTAAGTCAATAG-1,0.0092190765
GACGTTACAACACCTA-1,0.014654394
GACGTTACAAGGTTCT-1,0.099290244
GACGTTAGTAACGCGA-1,0.015461039
GACGTTATCCACGACG-1,0.20670195
GACTAACAGAGCTGGT-1,0.10874215
GACTAACGTAAGCACG-1,0.11952183
GACTAACGTACGACCC-1,0.7945449
GACTAACTCCAAACTG-1,0.01793251
GACTACACATAAAGGT-1,0.01413935
GACTACAGTAACGTTC-1,0.9368238
GACTACAGTAGTAGTA-1,0.018681455
GACTACATCATGCATG-1,0.009857897
GACTGCGAGCTGTTCA-1,0.015843615
GACTGCGCACAGCCCA-1,0.10521788
GACTGCGGTTGGTTTG-1,0.20998779
GAGCAGAAGTTGAGTA-1,0.010299452
GAGCAGATCCTTTCTC-1,0.0118911285
GAGCAGATCGCCAGCA-1,0.7716105
GAGGTGAAGAATGTGT-1,0.12740168
GAGGTGAAGAGTAAGG-1,0.165283
GAGGTGACACGCTTTC-1,0.012575331
GAGGTGATCACCCTCA-1,0.19002423
GAGTCCGAGCCAGAAC-1,0.71961534
GAGTCCGAGTACTTGC-1,0.0991012
GAGTCCGGTATGAATG-1,0.71920097
GAGTCCGTCAGCTCTC-1,0.025785442
GAGTCCGTCCTTTCTC-1,0.19516689
GAGTCCGTCGTTGACA-1,0.015702065
GATCAGTAGATGCCTT-1,0.01662936
GATCAGTAGGAGTACC-1,0.013031936
GATCAGTCAAGGACTG-1,0.09698396
GATCAGTCAAGTAGTA-1,0.12972607
GATCAGTGTCGCATCG-1,0.20431955
GATCAGTTCCAGATCA-1,0.14699627
GATCAGTTCGGCTTGG-1,0.012521216
GATCGATAGACAAAGG-1,0.018439177
GATCGATAGATGGGTC-1,0.015937375
GATCGATAGATGTGGC-1,0.0077217775
GATCGCGCAAAGTGCG-1,0.18510175
GATCGCGGTAAACCTC-1,0.21437047
GATCGCGGTTCCGGCA-1,0.018107872
GATCGCGTCACTTACT-1,0.010072275
GATCGCGTCAGGCGAA-1,0.018627187
GATCGTAAGATATGGT-1,0.96119845
GATCGTAAGGCTATCT-1,0.16542427
GATCGTAAGTATCGAA-1,0.16443399
GATCGTACATTCCTCG-1,0.10056679
GATCGTAGTGAAATCA-1,0.0081664175
GATCTAGAGAGATGAG-1,0.014670667
GATCTAGAGAGGTTGC-1,0.19548574
GATCTAGAGGGCTTCC-1,0.19290105
GATCTAGCACGGTGTC-1,0.013866666
GATCTAGGTAAATGTG-1,0.19116099
GATCTAGGTCGCTTCT-1,0.21079177
GATCTAGTCATTGCCC-1,0.19894189
GATGAAAAGTATGACA-1,0.20690988
GATGAAACAAGAAAGG-1,0.011812253
GATGAAACACCCAGTG-1,0.26745465
GATGAAACATTGTGCA-1,0.20484437
GATGAAATCGAATCCA-1,0.1749709
GATGAGGAGAGACTTA-1,0.01568059
GATGAGGCAACGATGG-1,0.01807049
GATGAGGGTAAGTGTA-1,0.014693784
GATGAGGGTGAGCGAT-1,0.12204378
GATGAGGTCCAGATCA-1,0.20169584
GATGAGGTCGAGAACG-1,0.1595783
GATGCTAAGATCCTGT-1,0.021501794
GATGCTAAGTCATGCT-1,0.011183415
GATGCTACACAGCGTC-1,0.094421774
GATGCTACAGTTCCCT-1,0.19647545
GATGCTAGTCTCCATC-1,0.17930524
GATGCTAGTTCTGTTT-1,0.17700593
GATTCAGGTTGATTCG-1,0.019763237
GATTCAGTCATGCATG-1,0.015710626
GATTCAGTCATGTCTT-1,0.115933955
GCAAACTAGAGAGCTC-1,0.95015
GCAAACTAGAGTGAGA-1,0.013821352
GCAAACTCAAATCCGT-1,0.868658
GCAAACTCAAGCGTAG-1,0.017536
GCAAACTCACGTAAGG-1,0.81006396
GCAAACTCATCCGTGG-1,0.28444827
GCAAACTGTAATCGTC-1,0.13027434
GCAAACTGTGCGGTAA-1,0.12331123
GCAAACTTCCTAGTGA-1,0.020062903
GCAAACTTCTACCAGA-1,0.19641002
GCAATCAGTAATCGTC-1,0.9898668
GCAATCAGTAGGGTAC-1,0.014376426
GCAATCATCAGCACAT-1,0.10688068
GCAATCATCCACGACG-1,0.015737643
GCAATCATCGTCTGAA-1,0.010384262
GCAATCATCGTTTGCC-1,0.10940437
GCACATAAGACTACAA-1,0.110447265
GCACATAAGTTGCAGG-1,0.20900166
GCACTCTAGGAGTCTG-1,0.023817703
GCACTCTAGGCATGTG-1,0.016585816
GCACTCTAGTGTACCT-1,0.097799525
GCACTCTCAAAGTGCG-1,0.7673117
GCACTCTCAAGCCCAC-1,0.95433146
GCACTCTCAGCTGTAT-1,0.0221772
GCACTCTGTCATGCAT-1,0.091361165
GCACTCTTCCTATGTT-1,0.012111804
GCAGCCAAGGTGCTTT-1,0.51041764
GCAGCCACACACTGCG-1,0.02076616
GCAGCCACAGTATGCT-1,0.11483221
GCAGCCACATTCGACA-1,0.19539347
GCAGCCAGTCAAACTC-1,0.012754261
GCAGCCATCAAACCGT-1,0.022149764
GCAGCCATCACCGTAA-1,0.017348217
GCAGCCATCATACGGT-1,0.10635477
GCAGTTAAGAAGCCCA-1,0.7585809
GCAGTTAAGGTCATCT-1,0.01978413
GCAGTTAAGTCTTGCA-1,0.018238999
GCAGTTACAAACAACA-1,0.018657627
GCATACAAGTGTTGAA-1,0.16274638
GCATACAAGTTACGGG-1,0.114582196
GCATACATCACCATAG-1,0.017196367
GCATGATAGGCTCATT-1,0.096934475
GCATGATAGGCTCTTA-1,0.1963015
GCATGATAGTTCGCAT-1,0.011638171
GCATGATCAGGACGTA-1,0.020436464
GCATGATGTATCTGCA-1,0.015683237
GCATGATGTCTACCTC-1,0.20141265
GCATGATTCAACCATG-1,0.017691437
GCATGATTCCGCATAA-1,0.021345029
GCATGCGAGCCCGAAA-1,0.17910314
GCATGCGGTAGGAGTC-1,0.017839419
GCATGCGTCGCATGAT-1,0.013833051
GCATGCGTCGGAAACG-1,0.10524631
GCATGCGTCTTGTCAT-1,0.017886136
GCATGTAAGCGATGAC-1,0.20195526
GCATGTACAACAACCT-1,0.014498546
GCATGTACAATCTGCA-1,0.014629074
GCATGTACACACCGAC-1,0.014443422
GCATGTACACGTCAGC-1,0.012508505
GCATGTACAGACAAGC-1,0.02136358
GCATGTAGTACTTAGC-1,0.019206887
GCATGTATCGCCAAAT-1,0.16393527
GCCAAATAGGCAGTCA-1,0.01916273
GCCAAATCAAGCCTAT-1,0.1024851
GCCAAATCAGCATACT-1,0.8476121
GCCAAATCATGCCCGA-1,0.20233786
GCCAAATGTATAGGGC-1,0.19858544
GCCAAATTCAATCTCT-1,0.16862205
GCCAAATTCCACTGGG-1,0.012193296
GCCAAATTCGAGAACG-1,0.013926192
GCCAAATTCTAACTCT-1,0.016941775
GCCAAATTCTAAGCCA-1,0.100040495
GCCTCTAAGCCACGTC-1,0.15363511
GCCTCTACAAGCGATG-1,0.9248913
GCCTCTACAGACTCGC-1,0.02153242
GCCTCTATCCTTTACA-1,0.19694702
GCCTCTATCTTCCTTC-1,0.204365
GCGACCACACTTAAGC-1,0.18082252
GCGACCAGTTCGTGAT-1,0.009249668
GCGACCAGTTGGGACA-1,0.737128
GCGAGAAAGAACTCGG-1,0.02649979
GCGAGAAAGTACGCCC-1,0.18155576
GCGAGAACAAACCTAC-1,0.17720312
GCGAGAAGTGAGTGAC-1,0.02007385
GCGCAACAGAAGGTGA-1,0.11594847
GCGCAACAGCATCATC-1,0.11687666
GCGCAACGTGTCAATC-1,0.18447183
GCGCAACTCAACACTG-1,0.09348037
GCGCAACTCTGTTGAG-1,0.8637472
GCGCAGTAGAGAACAG-1,0.16250534
GCGCAGTCACTTCGAA-1,0.18257295
GCGCAGTCAGCTTCGG-1,0.01929272
GCGCAGTTCACGAAGG-1,0.015942715
GCGCCAAAGCCAGGAT-1,0.018624308
GCGCCAACAATGCCAT-1,0.17536166
GCGCCAACACTTCTGC-1,0.097533666
GCGCCAATCCCATTTA-1,0.009419854
GCGCGATAGGGCTCTC-1,0.10196315
GCGCGATAGTGGTAAT-1,0.16791414
GCGCGATTCATGTGGT-1,0.011789996
GCGCGATTCCTAAGTG-1,0.17769249
GCGGGTTCAAGAAGAG-1,0.8790662
GCGGGTTCAAGTAGTA-1,0.025906608
GCGGGTTCACAGCCCA-1,0.017622372
GCGGGTTTCGTCCGTT-1,0.20844916
GCGGGTTTCTTGCCGT-1,0.20569965
GCTCCTACACAGACAG-1,0.10222991
GCTCCTAGTACCGGCT-1,0.012646231
GCTCCTATCAAAGTAG-1,0.9596432
GCTCCTATCTCTAAGG-1,0.19375418
GCTCTGTAGAGCCTAG-1,0.011299926
GCTCTGTAGAGGACGG-1,0.18515332
GCTCTGTAGCTCTCGG-1,0.013202538
GCTCTGTAGTCCGGTC-1,0.1794942
GCTCTGTGTAAACGCG-1,0.1839473
GCTCTGTGTAGCGCTC-1,0.013117851
GCTCTGTTCGGATGTT-1,0.81481665
GCTGCAGAGGATGGAA-1,0.01274193
GCTGCAGCACTTCTGC-1,0.15636696
GCTGCAGCATTAGGCT-1,0.009933031
GCTGCAGGTCCAGTTA-1,0.19101898
GCTGCAGTCTAACTCT-1,0.19116326
GCTGCGACAACCGCCA-1,0.0154644195
GCTGCGACAGAGCCAA-1,0.01686612
GCTGCGAGTAGGCATG-1,0.013585049
GCTGCGATCTTCGAGA-1,0.7778662
GCTGCTTTCCGCGGTA-1,0.012163397
GCTGCTTTCGGGAGTA-1,0.16833042
GCTTCCAAGCTAGTGG-1,0.106546655
GCTTCCAAGTTTCCTT-1,0.098602906
GCTTCCACAGGATCGA-1,0.015116997
GCTTCCACATTCGACA-1,0.11751883
GCTTCCAGTAGAGGAA-1,0.10938886
GCTTCCAGTTACAGAA-1,0.014667775
GCTTCCAGTTAGATGA-1,0.015248893
GCTTGAAAGATATGCA-1,0.11062174
GCTTGAAAGATGTTAG-1,0.12215966
GCTTGAAAGGGCTCTC-1,0.20981939
GCTTGAAGTAGAGCTG-1,0.023164354
GCTTGAATCACTATTC-1,0.014347211
GCTTGAATCCTGCAGG-1,0.18829067
GGAACTTAGCCCAACC-1,0.009457767
GGAACTTCATAGTAAG-1,0.19940601
GGAACTTTCAAGATCC-1,0.1713156
GGAACTTTCCAGGGCT-1,0.018743847
GGAACTTTCCCGACTT-1,0.0106281275
GGAACTTTCCCTAATT-1,0.022702347
GGAATAAAGGGAGTAA-1,0.017474672
GGAATAACACCGTTGG-1,0.020488188
GGAATAACACTAAGTC-1,0.03927988
GGAATAACAGATGAGC-1,0.18258634
GGAATAAGTGGTTTCA-1,0.016600078
GGAATAATCGTACGGC-1,0.2717451
GGAATAATCTAGAGTC-1,0.11916404
GGACAAGCAGACACTT-1,0.023033248
GGACAAGGTAGCTCCG-1,0.011558692
GGACAAGGTTTGACAC-1,0.19571681
GGACAAGTCCTTAATC-1,0.20332447
GGACAGACAACTGCTA-1,0.015117534
GGACAGACAATGTAAG-1,0.017035121
GGACAGATCACAGGCC-1,0.1904556
GGACAGATCCGAGCCA-1,0.10119732
GGACAGATCCGTTGCT-1,0.26950824
GGACATTAGATAGTCA-1,0.01600801
GGACATTCAACGATGG-1,0.008626338
GGACATTCACACTGCG-1,0.01089528
GGACATTCATATGAGA-1,0.015216577
GGACATTTCAACACAC-1,0.017994907
GGACATTTCCCAAGTA-1,0.14134377
GGACATTTCCGTTGCT-1,0.01537923
GGACGTCAGGGTATCG-1,0.013805022
GGACGTCCATGCAATC-1,0.022765003
GGACGTCTCCGTCATC-1,0.01402499
GGACGTCTCGACCAGC-1,0.017851077
GGACGTCTCTGACCTC-1,0.7625964
GGAGCAACACTACAGT-1,0.06954917
GGAGCAAGTTCCTCCA-1,0.18531063
GGAGCAAGTTGTGGCC-1,0.8178861
GGAGCAATCCTCAATT-1,0.016564935
GGATGTTAGCACCGCT-1,0.012830564
GGATGTTAGTGCAAGC-1,0.011557099
GGATGTTTCAAGCCTA-1,0.1874303
GGATGTTTCAGTTTGG-1,0.17823732
GGATTACAGACCTAGG-1,0.014971336
GGATTACAGGTGCTTT-1,0.10443255
GGATTACGTCAAACTC-1,0.20512463
GGATTACTCCAGAAGG-1,0.17660941
GGATTACTCGCCATAA-1,0.0159664
GGATTACTCGCGGATC-1,0.09790854
GGCAATTCACCGGAAA-1,0.016569616
GGCAATTGTAGGCATG-1,0.042109106
GGCAATTGTGATAAAC-1,0.013838998
GGCAATTTCCTGTAGA-1,0.020789176
GGCAATTTCTAGCACA-1,0.011059551
GGCAATTTCTGGAGCC-1,0.02294221
GGCCGATAGAAGGGTA-1,0.09867722
GGCCGATAGAAGGTTT-1,0.019031107
GGCGACTAGTTGAGAT-1,0.008761796
GGCGACTCACACAGAG-1,0.015985884
GGCGACTCACGGCCAT-1,0.014499045
GGCGACTGTACCGTAT-1,0.18510182
GGCGACTGTGCGAAAC-1,0.7387692
GGCGTGTGTACTTCTT-1,0.008868592
GGCGTGTTCTGATTCT-1,0.20895988
GGCTCGAAGGAATGGA-1,0.26940095
GGCTCGACACCAACCG-1,0.021475611
GGCTCGACATTCGACA-1,0.18597324
GGCTCGAGTCCAAGTT-1,0.8728503
GGCTCGAGTTCGGGCT-1,0.96267545
GGCTCGATCCAAATGC-1,0.96373725
GGCTCGATCGAGCCCA-1,0.012139873
GGCTGGTAGTGACATA-1,0.2466172
GGCTGGTCAAGCGCTC-1,0.019313933
GGCTGGTGTACGAAAT-1,0.09700275
GGCTGGTTCAGAGGTG-1,0.17153569
GGCTGGTTCCAAGTAC-1,0.021905417
GGCTGGTTCCCATTTA-1,0.17887376
GGGAATGAGACACGAC-1,0.12339396
GGGAATGAGGAGTCTG-1,0.014633544
GGGAATGAGGTGTGGT-1,0.1149951
GGGAATGGTTATCGGT-1,0.016153427
GGGACCTAGCAAATCA-1,0.0131261535
GGGACCTGTCATCCCT-1,0.011083367
GGGACCTGTTGCCTCT-1,0.21441287
GGGACCTTCAGCTCGG-1,0.18085335
GGGAGATAGGTAAACT-1,0.1935567
GGGAGATAGTTCCACA-1,0.0063451147
GGGAGATCAGGTCCAC-1,0.18325411
GGGAGATCATCGGTTA-1,0.20887892
GGGAGATGTTACTGAC-1,0.9575664
GGGAGATTCAAGGTAA-1,0.19475049
GGGATGAGTCTACCTC-1,0.02173031
GGGATGATCTATCGCC-1,0.011019737
GGGCACTAGCTGGAAC-1,0.012242456
GGGCACTAGTACACCT-1,0.20402597
GGGCACTAGTAGTGCG-1,0.10928576
GGGCACTCAAGGTTTC-1,0.024728972
GGGCACTGTAACGCGA-1,0.01982725
GGGCACTGTCATCCCT-1,0.19814794
GGGCACTTCGGTTAAC-1,0.16918503
GGGCACTTCGTTTATC-1,0.018120972
GGGCACTTCTGAAAGA-1,0.9439696
GGGCACTTCTTAGAGC-1,0.19334817
GGGCATCAGGCGCTCT-1,0.115128696
GGGCATCAGGGCTTGA-1,0.015386148
GGGCATCTCACATACG-1,0.8241376
GGGCATCTCAGTACGT-1,0.89497125
GGGCATCTCTCAACTT-1,0.17700464
GGGTCTGAGAAGCCCA-1,0.017550789
GGGTCTGAGACTAAGT-1,0.09765288
GGGTCTGGTCCATGAT-1,0.20153058
GGGTCTGGTGCGAAAC-1,0.012438665
GGGTCTGGTGTGAAAT-1,0.018412163
GGGTCTGGTTCTGAAC-1,0.20040694
GGGTCTGTCCCGGATG-1,0.019321844
GGGTTGCAGGACTGGT-1,0.18986319
GGTATTGAGCTACCGC-1,0.023789044
GGTATTGAGGACATTA-1,0.16044123
GGTGAAGAGATATACG-1,0.014297422
GGTGAAGAGCCTTGAT-1,0.01744578
GGTGAAGAGTACACCT-1,0.7045564
GGTGAAGCAAACTGTC-1,0.027304163
GGTGAAGCAAAGGTGC-1,0.15351078
GGTGAAGCAATAAGCA-1,0.7525692
GGTGAAGCACACCGAC-1,0.009506364
GGTGAAGCAGTATAAG-1,0.89586866
GGTGAAGGTGCCTGTG-1,0.10263221
GGTGAAGTCCCGACTT-1,0.0053230934
GGTGCGTAGAGCTATA-1,0.7832955
GGTGCGTAGAGGACGG-1,0.09573126
GGTGTTAAGGGTTTCT-1,0.008568106
GGTGTTATCTAGAGTC-1,0.9481535
GTAACGTAGTCCATAC-1,0.25198537
GTAACGTCATTCACTT-1,0.203425
GTAACGTGTAAGTTCC-1,0.0073970906
GTAACGTGTACTTAGC-1,0.19341134
GTAACTGAGCAATCTC-1,0.20253213
GTAACTGAGTAGATGT-1,0.01409285
GTAACTGCAAAGTGCG-1,0.010734622
GTAACTGCATGGGAAC-1,0.20837
GTAACTGGTAACGACG-1,0.111906454
GTAACTGGTCCCGACA-1,0.2535692
GTAACTGGTCGAGATG-1,0.7626118
GTAACTGTCCAACCAA-1,0.011939452
GTACGTAAGGACACCA-1,0.7447228
GTACGTACAAAGTCAA-1,0.21141623
GTACGTAGTGCAGTAG-1,0.023706708
GTACGTAGTGGTCTCG-1,0.16457677
GTACGTAGTTTAGGAA-1,0.025770271
GTACGTATCTCTTGAT-1,0.17367218
GTACTCCAGATCCCGC-1,0.016547816
GTACTCCAGCTGCGAA-1,0.11054056
GTACTCCAGGTGATAT-1,0.022783266
GTACTCCCACAGCGTC-1,0.014590718
GTACTCCGTCGACTGC-1,0.018535098
GTACTCCTCAACACTG-1,0.013774652
GTACTCCTCATGTAGC-1,0.012064876
GTACTCCTCTATCGCC-1,0.024918523
GTACTCCTCTTACCTA-1,0.01765786
GTACTTTAGAGGTACC-1,0.014717824
GTACTTTCACATAACC-1,0.02031408
GTACTTTCACGGCTAC-1,0.1700459
GTACTTTCAGACACTT-1,0.19948608
GTAGGCCAGCTGCAAG-1,0.018627698
GTAGGCCCAGCCTATA-1,0.20115729
GTAGGCCTCACATAGC-1,0.011223877
GTAGGCCTCCCTGACT-1,0.2030951
GTAGTCATCCGAACGC-1,0.012272584
GTATCTTAGTGTCTCA-1,0.20053445
GTATCTTCACGGTAAG-1,0.09850329
GTATCTTCATGAAGTA-1,0.75214934
GTATCTTCATGGATGG-1,0.022702046
GTATTCTAGCCACGTC-1,0.010935441
GTATTCTAGCCAGTTT-1,0.1003028
GTATTCTCAATGGTCT-1,0.010420801
GTATTCTCACGCATCG-1,0.019541042
GTATTCTGTCTCTCTG-1,0.768942
GTATTCTGTGCTGTAT-1,0.014919139
GTATTCTGTGTCCTCT-1,0.80360025
GTCAAGTAGAGCCCAA-1,0.19317357
GTCAAGTCATTTCAGG-1,0.20066987
GTCAAGTTCCACTGGG-1,0.19887026
GTCAAGTTCCGTAGGC-1,0.103395455
GTCACAAAGGCAAAGA-1,0.016383098
GTCACAAGTCGCCATG-1,0.09412643
GTCACAAGTTGTACAC-1,0.017405873
GTCACAAGTTTAGGAA-1,0.7136706
GTCACAATCAGCGACC-1,0.012279643
GTCACAATCATCATTC-1,0.16238257
GTCACAATCCGCATCT-1,0.20851436
GTCACAATCGAACGGA-1,0.19778025
GTCACAATCTGGGCCA-1,0.10707265
GTCACAATCTTACCGC-1,0.012450369
GTCACAATCTTGTCAT-1,0.7755414
GTCACGGGTGCAACGA-1,0.7516389
GTCACGGTCCTACAGA-1,0.008017739
GTCATTTAGCTAACTC-1,0.19839653
GTCATTTAGTACGCGA-1,0.95769477
GTCATTTAGTTGCAGG-1,0.02119506
GTCATTTCACGTCTCT-1,0.01056405
GTCATTTCAGCCAGAA-1,0.8188158
GTCATTTCAGTGGGAT-1,0.012755295
GTCATTTTCTTTCCTC-1,0.023609085
GTCCTCAAGAGTAATC-1,0.09891786
GTCCTCAAGCAGGCTA-1,0.20938963
GTCCTCAGTCTCGTTC-1,0.015565397
GTCCTCAGTTAAGGGC-1,0.98841244
GTCGGGTCAACGCACC-1,0.17028762
GTCGGGTGTACGCACC-1,0.110230684
GTCGGGTGTAGGACAC-1,0.014664979
GTCGGGTGTTGATTGC-1,0.014305209
GTCGGGTTCAGAAATG-1,0.013145662
GTCGGGTTCATTTGGG-1,0.011914758
GTCGGGTTCTGCGTAA-1,0.021090886
GTCGTAAAGAGAGCTC-1,0.017795704
GTCGTAAGTAAATGTG-1,0.019588709
GTCGTAATCAGGATCT-1,0.18998332
GTCGTAATCCACGAAT-1,0.017600542
GTCGTAATCTTAGAGC-1,0.009354016
GTCTCGTCACTGTTAG-1,0.18959576
GTCTCGTCAGTCTTCC-1,0.2756988
GTCTCGTGTAACGTTC-1,0.01398037
GTCTCGTGTTCCTCCA-1,0.054959647
GTCTCGTGTTTGTTTC-1,0.17173475
GTCTCGTTCGTTTATC-1,0.09625733
GTCTTCGTCGGAAACG-1,0.013905723
GTGAAGGAGAAGGTTT-1,0.009790032
GTGAAGGCACCGATAT-1,0.78929263
GTGAAGGCACCGGAAA-1,0.20394918
GTGAAGGCAGTTAACC-1,0.20878641
GTGAAGGGTAAACACA-1,0.024826655
GTGAAGGTCACGGTTA-1,0.1025116
GTGAAGGTCGCTTAGA-1,0.19346227
GTGCAGCAGATCCGAG-1,0.2083877
GTGCAGCAGCTGATAA-1,0.21541038
GTGCAGCAGGGTCTCC-1,0.20771894
GTGCAGCCAGGACCCT-1,0.014825271
GTGCATAAGCTAACTC-1,0.74523515
GTGCATAGTTACCAGT-1,0.015652718
GTGCATATCCGTCATC-1,0.02103748
GTGCGGTAGGGTATCG-1,0.024071591
GTGCGGTCACGTCAGC-1,0.021570712
GTGCGGTGTACAAGTA-1,0.16741757
GTGCGGTGTACCATCA-1,0.020159392
GTGCTTCAGGGCTTGA-1,0.19486676
GTGCTTCCACCCAGTG-1,0.020137329
GTGCTTCCACGAAACG-1,0.11076343
GTGCTTCGTCCGTTAA-1,0.018126184
GTGCTTCTCGTTTAGG-1,0.019170072
GTGCTTCTCTCAACTT-1,0.012924158
GTGGGTCAGCGTGAAC-1,0.021084655
GTGGGTCAGCTATGCT-1,0.01621613
GTGGGTCCAAGTTCTG-1,0.20099567
GTGGGTCCACGCTTTC-1,0.84030825
GTGGGTCCAGACAAAT-1,0.015794478
GTGGGTCGTCTCTTTA-1,0.0154141635
GTGGGTCTCAAACCAC-1,0.03503379
GTGGGTCTCGCAAGCC-1,0.11360587
GTGTGCGAGAATTCCC-1,0.02195038
GTGTGCGCAAACGTGG-1,0.015660508
GTGTTAGAGGAATCGC-1,0.018302724
GTGTTAGAGTACGCCC-1,0.017671293
GTGTTAGAGTTGAGTA-1,0.009391592
GTGTTAGGTGACTACT-1,0.118667215
GTTAAGCAGAGCTGGT-1,0.2033591
GTTAAGCAGAGTTGGC-1,0.018349815
GTTAAGCAGCTAACAA-1,0.011508309
GTTAAGCAGGAGCGAG-1,0.19108985
GTTAAGCCACAAGCCC-1,0.022912761
GTTAAGCCATCCGGGT-1,0.18097039
GTTAAGCCATTGCGGC-1,0.15829663
GTTAAGCGTGAGTATA-1,0.9532894
GTTAAGCTCAGAGACG-1,0.10439509
GTTACAGAGCACCGCT-1,0.013845564
GTTCATTAGACTCGGA-1,0.21075557
GTTCATTCAATCGGTT-1,0.009836043
GTTCATTCATACAGCT-1,0.21462208
GTTCATTCATCAGTCA-1,0.09834611
GTTCATTGTAGCGCTC-1,0.20280214
GTTCATTTCTTATCTG-1,0.25654793
GTTCGGGAGCCGATTT-1,0.20766687
GTTCGGGAGTACCGGA-1,0.014974828
GTTCGGGCATGGGAAC-1,0.09217874
GTTCGGGGTTTGACAC-1,0.1951359
GTTCGGGTCCAGGGCT-1,0.0139015
GTTCGGGTCCGTCATC-1,0.109250665
GTTCTCGCACATGGGA-1,0.017776344
GTTCTCGCAGGCTGAA-1,0.21320309
GTTCTCGGTTCGCTAA-1,0.1761885
GTTTCTAGTGACTACT-1,0.01573927
GTTTCTATCAGTTTGG-1,0.8305133
GTTTCTATCCAAATGC-1,0.018214466
GTTTCTATCCCTTGCA-1,0.19872054
GTTTCTATCCTCCTAG-1,0.02204052
TAAACCGAGATCGGGT-1,0.017993433
TAAACCGAGGATTCGG-1,0.03164867
TAAACCGCAAACAACA-1,0.01196192
TAAACCGCAACACCTA-1,0.19013824
TAAACCGCAACGATGG-1,0.015220342
TAAACCGCAGTCAGAG-1,0.19493552
TAAACCGGTAATTGGA-1,0.016252307
TAAACCGGTAGGGTAC-1,0.20675924
TAAACCGGTGTGGTTT-1,0.016197445
TAAACCGTCCTCAATT-1,0.023984274
TAAGAGACATTGAGCT-1,0.016377337
TAAGAGAGTAGCTCCG-1,0.009786604
TAAGAGAGTCACCCAG-1,0.008588914
TAAGAGATCGATAGAA-1,0.12257095
TAAGAGATCTAACTTC-1,0.19916905
TAAGCGTCACAACGTT-1,0.8475523
TAAGCGTCATCACCCT-1,0.18794572
TAAGCGTTCAGAGACG-1,0.019416504
TAAGTGCAGTACGTAA-1,0.11193764
TAAGTGCAGTATGACA-1,0.020045789
TAAGTGCCACCAGGCT-1,0.20270932
TAAGTGCGTTACCAGT-1,0.8212827
TAAGTGCTCAACCAAC-1,0.7937949
TACACGAAGTGATCGG-1,0.20941074
TACACGACAGATGGGT-1,0.013864212
TACACGAGTAGCCTAT-1,0.017534792
TACACGAGTGTTCTTT-1,0.014301683
TACACGATCCTAAGTG-1,0.019028176
TACACGATCTATCCTA-1,0.18354544
TACAGTGAGGTCGGAT-1,0.0147110075
TACAGTGAGTCGAGTG-1,0.21329947
TACAGTGCAGGCTGAA-1,0.025098486
TACAGTGCAGTTCCCT-1,0.1885128
TACAGTGGTAGCACGA-1,0.20678112
TACAGTGGTCTTCGTC-1,0.113073096
TACAGTGTCATTTGGG-1,0.019953247
TACCTATAGGACACCA-1,0.013928338
TACCTATAGGGTGTTG-1,0.011404555
TACCTATCATCTCGCT-1,0.20058455
TACCTATTCACCGGGT-1,0.19862576
TACCTTACAAGGCTCC-1,0.10009302
TACCTTACAGCTCGAC-1,0.9010157
TACCTTATCTGGTATG-1,0.019483024
TACCTTATCTTGACGA-1,0.11626873
TACGGATGTAGCGTAG-1,0.2094137
TACGGATGTGAGTATA-1,0.10752234
TACGGGCTCAAAGACA-1,0.016691223
TACGGGCTCAGTTAGC-1,0.019009132
TACGGGCTCATGTGGT-1,0.016062945
TACGGGCTCCTGCTTG-1,0.020426365
TACGGTAAGCGATGAC-1,0.016278146
TACGGTAAGTGGTCCC-1,0.20481922
TACGGTACATTACCTT-1,0.11337169
TACGGTAGTATAGGTA-1,0.013744936
TACGGTAGTCTAGCCG-1,0.019474816
TACGGTATCGCATGAT-1,0.016340824
TACGGTATCGTAGATC-1,0.19736443
TACTCATCATTTGCCC-1,0.012562959
TACTCATGTAACGTTC-1,0.017178807
TACTCATTCGCACTCT-1,0.19164084
TACTCGCGTCATACTG-1,0.25723204
TACTCGCTCAACACTG-1,0.11208865
TACTCGCTCCTACAGA-1,0.011663155
TACTCGCTCGCTGATA-1,0.022977253
TACTTACTCACGAAGG-1,0.017358804
TACTTGTAGGCGATAC-1,0.09961703
TACTTGTCAATCTGCA-1,0.016193187
TACTTGTCAGATTGCT-1,0.20729761
TACTTGTGTAGCCTAT-1,0.04201963
TACTTGTGTTATGCGT-1,0.014222831
TACTTGTTCAGGCCCA-1,0.19169135
TAGACCAAGCGTTCCG-1,0.009200932
TAGACCACACAAGTAA-1,0.9653539
TAGACCACATAGGATA-1,0.169478
TAGACCAGTAGCGATG-1,0.013100336
TAGACCAGTAGCGCAA-1,0.18266784
TAGACCATCACAGGCC-1,0.80087495
TAGACCATCGGAAATA-1,0.01594487
TAGAGCTAGGCCGAAT-1,0.31648183
TAGAGCTCACATTAGC-1,0.012930049
TAGAGCTCAGATGGCA-1,0.01892288
TAGAGCTCATTACCTT-1,0.11719158
TAGAGCTGTACCCAAT-1,0.014440605
TAGAGCTGTCTCAACA-1,0.09349177
TAGAGCTGTTCAACCA-1,0.016138995
TAGAGCTGTTGAACTC-1,0.19457524
TAGAGCTTCAAGGTAA-1,0.09709246
TAGCCGGAGTATCTCG-1,0.2001103
TAGCCGGCAGCCAATT-1,0.016536413
TAGGCATAGGCTAGGT-1,0.7955907
TAGGCATCAATCTGCA-1,0.18742721
TAGGCATCAGACGCTC-1,0.109712034
TAGGCATGTAACGTTC-1,0.02125359
TAGGCATTCAACCAAC-1,0.31621706
TAGGCATTCATCTGCC-1,0.73403096
TAGGCATTCCGTTGTC-1,0.7505754
TAGTGGTAGATCACGG-1,0.011806535
TAGTGGTAGTGGACGT-1,0.11843868
TAGTGGTCAAGTCATC-1,0.18235798
TAGTGGTGTAACGCGA-1,0.1102611
TAGTTGGCAACTGGCC-1,0.01505436
TAGTTGGGTACTTAGC-1,0.016741004
TATCAGGAGAACTCGG-1,0.013790074
TATCAGGAGAGCCTAG-1,0.011135438
TATCAGGAGAGTTGGC-1,0.016223641
TATCAGGAGCTAACTC-1,0.012642424
TATCAGGCATAGGATA-1,0.25288245
TATCAGGGTGACGGTA-1,0.016550297
TATCAGGTCGCATGGC-1,0.21274875
TATCTCAAGATATACG-1,0.032244015
TATCTCAAGCCACTAT-1,0.018990459
TATCTCAAGCTAACAA-1,0.8611731
TATCTCAAGGAATTAC-1,0.017211504
TATCTCAGTCGCGTGT-1,0.023296336
TATCTCAGTTTGACAC-1,0.015483213
TATCTCATCAACACTG-1,0.010904955
TATCTCATCTGCAAGT-1,0.016100358
TATGCCCCAGACAAAT-1,0.71978164
TATTACCAGATAGGAG-1,0.099385485
TATTACCAGTGTCCCG-1,0.009343922
TATTACCTCTCGAGTA-1,0.18161453
TCAACGAAGACTTTCG-1,0.015919559
TCAACGACACGTCAGC-1,0.31766644
TCAACGAGTTCAGACT-1,0.19094598
TCAACGATCTAGAGTC-1,0.0094355615
TCAATCTAGGTACTCT-1,0.016510444
TCAATCTAGTCCATAC-1,0.011573118
TCAATCTCATCAGTCA-1,0.096306846
TCAATCTGTCAGCTAT-1,0.20154692
TCAATCTGTTCCGGCA-1,0.017198423
TCAATCTTCATGGTCA-1,0.01681709
TCAATCTTCATGTCCC-1,0.107786946
TCAATCTTCGCCTGTT-1,0.18387114
TCACAAGCAAGGACAC-1,0.015579905
TCACAAGCAATAGCGG-1,0.21265624
TCACGAAAGCTGCGAA-1,0.02149016
TCACGAAAGTGCAAGC-1,0.017337518
TCACGAACATCACGAT-1,0.15538763
TCAGATGAGTCAAGCG-1,0.016885342
TCAGATGCAAATACAG-1,0.92755675
TCAGATGCAATCGGTT-1,0.74852586
TCAGATGCATTAGGCT-1,0.17620894
TCAGATGGTACCATCA-1,0.092616886
TCAGATGTCCCTGACT-1,0.007958515
TCAGCAAAGATCCTGT-1,0.10060819
TCAGCAACAGAGCCAA-1,0.09904
TCAGCAATCCATGAAC-1,0.11556916
TCAGCTCAGCCTTGAT-1,0.019103432
TCAGCTCAGTGAACAT-1,0.9430887
TCAGCTCCAACACCTA-1,0.01837308
TCAGCTCGTATAATGG-1,0.012917684
TCAGCTCGTTAAAGTG-1,0.024859315
TCAGCTCTCAAACCAC-1,0.019016016
TCAGCTCTCCTACAGA-1,0.1100129
TCAGCTCTCGTGGACC-1,0.10510048
TCAGCTCTCTGCGTAA-1,0.10779361
TCAGGATAGCCCAGCT-1,0.17324531
TCAGGATGTCCGCTGA-1,0.008884535
TCAGGTAAGGATGGAA-1,0.010295903
TCAGGTACAATCAGAA-1,0.015230307
TCAGGTACAATGGATA-1,0.008230664
TCAGGTAGTCTCTTTA-1,0.0161737
TCAGGTAGTGGTCTCG-1,0.10067191
TCAGGTATCAGAGCTT-1,0.7200429
TCAGGTATCTAACTGG-1,0.011923542
TCATTACCAAGAGGCT-1,0.008233708
TCATTACCACGGCTAC-1,0.26911786
TCATTACCAGTGGAGT-1,0.20433785
TCATTACCATCACGAT-1,0.11425864
TCATTACTCAGTTCGA-1,0.15429439
TCATTACTCGCCAAAT-1,0.013762614
TCATTACTCGTGGTCG-1,0.022447413
TCATTTGTCCCAAGTA-1,0.17515413
TCATTTGTCTAACTTC-1,0.017857328
TCCACACAGCAGCGTA-1,0.18259473
TCCACACAGTCAATAG-1,0.18929026
TCCACACCACTATCTT-1,0.19807483
TCCACACGTACCTACA-1,0.01612035
TCCACACGTTCAGGCC-1,0.020006608
TCCACACTCGGCTTGG-1,0.019689253
TCCCGATCAGTATAAG-1,0.09214309
TCCCGATGTGCCTGGT-1,0.11857149
TCCCGATGTTGTACAC-1,0.013676602
TCCCGATTCAGGTAAA-1,0.021289608
TCCCGATTCTGAAAGA-1,0.19057561
TCCCGATTCTTGTTTG-1,0.19399622
TCGAGGCAGTAAGTAC-1,0.010179847
TCGAGGCCACCGTTGG-1,0.122332945
TCGAGGCGTATCTGCA-1,0.8983339
TCGAGGCGTTCGTTGA-1,0.020568755
TCGAGGCTCGTCACGG-1,0.021111295
TCGAGGCTCTACCAGA-1,1.0
TCGAGGCTCTGTCCGT-1,0.8639005
TCGCGAGAGCTGTCTA-1,0.014723805
TCGCGAGCAAACAACA-1,0.17560844
TCGCGAGGTGCGAAAC-1,0.20000492
TCGCGAGTCACCCGAG-1,0.013499222
TCGCGTTAGCTCCTCT-1,0.23634416
TCGCGTTCAAGTCATC-1,0.11187072
TCGCGTTCAGTAGAGC-1,0.19743386
TCGCGTTCATAGACTC-1,0.008829135
TCGCGTTGTCACACGC-1,0.10242858
TCGCGTTGTCATATGC-1,0.2056144
TCGGGACAGTGACTCT-1,0.20734882
TCGGGACCAGGATTGG-1,0.018452223
TCGGGACCATACTACG-1,0.012577358
TCGGGACCATTGCGGC-1,0.19184875
TCGGGACGTTGTCTTT-1,0.02001995
TCGGTAAAGGCAGGTT-1,0.019902289
TCGTACCCAACGATCT-1,0.2067739
TCGTACCGTAGCCTAT-1,0.010764921
TCGTACCGTCAGAATA-1,0.17779054
TCGTACCGTCATATGC-1,0.13641347
TCGTACCGTGCACGAA-1,0.11346758
TCGTACCTCTATCGCC-1,0.11980331
TCTATTGAGATATGGT-1,0.010266948
TCTATTGAGCTAAACA-1,0.10730674
TCTATTGAGTCGCCGT-1,0.02595084
TCTATTGCATGGAATA-1,0.011329313
TCTATTGGTGCAGGTA-1,0.011760994
TCTCATACATCACGTA-1,0.024436554
TCTCATAGTTATGTGC-1,0.016705964
TCTCATATCTCAAACG-1,0.0068882722
TCTCTAAAGTGAACGC-1,0.100218885
TCTCTAAAGTTACGGG-1,0.018434558
TCTCTAACACAACGCC-1,0.83200246
TCTCTAACAGGAATCG-1,0.012915437
TCTCTAACATCGGACC-1,0.19082955
TCTCTAACATTGGGCC-1,0.19063398
TCTCTAATCCCATTTA-1,0.18778108
TCTCTAATCTACCTGC-1,0.017001463
TCTCTAATCTTTACAC-1,0.11384583
TCTGAGAAGTCCGGTC-1,0.015903547
TCTGAGAAGTGGCACA-1,0.17813906
TCTGAGACATGGGAAC-1,0.17009707
TCTGAGAGTTTGTTTC-1,0.009743069
TCTGAGATCCATGAGT-1,0.8364877
TCTGAGATCGCGTAGC-1,0.8557428
TCTGGAAAGGGATGGG-1,0.20546143
TCTGGAACAAGTTGTC-1,0.017058408
TCTGGAAGTCCGAAGA-1,0.010035845
TCTGGAATCACGGTTA-1,0.8663603
TCTGGAATCCAAGTAC-1,0.19311367
TCTGGAATCCAGTATG-1,0.1955974
TCTGGAATCTCCTATA-1,0.8468876
TCTTCGGCATCACGAT-1,0.11483935
TCTTCGGTCCATGAGT-1,0.0115650315
TCTTCGGTCTGCTGCT-1,0.016926903
TCTTTCCAGGGTGTGT-1,0.014910153
TCTTTCCAGTCCATAC-1,0.16661303
TCTTTCCAGTGCGTGA-1,0.19312441
TGAAAGAAGACGACGT-1,0.8961503
TGAAAGAAGCGCCTCA-1,0.0143289855
TGAAAGAAGGATTCGG-1,0.014244189
TGAAAGAAGGTGGGTT-1,0.19378248
TGAAAGACAACACCCG-1,0.21164525
TGAAAGACAATAACGA-1,0.19866346
TGAAAGACAGCGTCCA-1,0.20283046
TGAAAGACAGGTGCCT-1,0.0075454554
TGAAAGATCCTTGACC-1,0.1072217
TGAAAGATCGAATGGG-1,0.0212011
TGACAACCAACACGCC-1,0.017706687
TGACAACCATCCGTGG-1,0.011225619
TGACGGCCACGTCAGC-1,0.014199969
TGACGGCGTTGGTGGA-1,0.017697543
TGACTAGCACAGATTC-1,0.018337004
TGACTAGCAGTCGTGC-1,0.11335406
TGACTAGGTGAGCGAT-1,0.094648294
TGACTAGGTGCCTGCA-1,0.1846841
TGACTAGTCCTTGGTC-1,0.09379853
TGACTTTAGACAAGCC-1,0.18077375
TGACTTTCAGACAGGT-1,0.016311396
TGACTTTCAGCGATCC-1,0.21835932
TGACTTTCATGGTAGG-1,0.8441165
TGACTTTGTTACCAGT-1,0.8703261
TGACTTTTCAGGATCT-1,0.012503427
TGACTTTTCATCTGCC-1,0.096323326
TGACTTTTCGCAAGCC-1,0.013658626
TGAGAGGGTCCAGTAT-1,0.19933584
TGAGCATCATGGGACA-1,0.0130652925
TGAGCCGAGTCATGCT-1,0.01810055
TGAGCCGCAGATCTGT-1,0.016633142
TGAGCCGGTGCACCAC-1,0.09979899
TGAGCCGTCTTCATGT-1,0.1071494
TGAGGGAAGCTATGCT-1,0.014169309
TGAGGGACATCACGAT-1,0.18735148
TGAGGGATCGTGGGAA-1,0.009192224
TGATTTCCACCCATGG-1,0.18985686
TGATTTCCATCCAACA-1,0.102208056
TGATTTCCATCCTTGC-1,0.9177534
TGATTTCGTAGCGTAG-1,0.102531165
TGATTTCGTATGGTTC-1,0.020809462
TGATTTCGTTTAGGAA-1,0.19339095
TGCACCTCAGTGGGAT-1,0.176335
TGCACCTGTGTGACCC-1,0.0103872
TGCACCTTCCTTAATC-1,0.022749247
TGCACCTTCGCCATAA-1,0.008135938
TGCACCTTCGTTTAGG-1,0.012584138
TGCCAAAAGTGGAGAA-1,0.7582378
TGCCAAATCAGTGCAT-1,0.018201556
TGCCCATAGCTCCCAG-1,0.88208795
TGCCCATAGGTTCCTA-1,0.8631903
TGCCCATAGTGGGTTG-1,0.10194518
TGCCCATCAATTCCTT-1,0.21597855
TGCCCATCACATGTGT-1,0.027459804
TGCCCATTCACTTCAT-1,0.014782988
TGCCCTACACGAAATA-1,0.012984677
TGCCCTACAGCCACCA-1,0.02010652
TGCCCTATCATATCGG-1,0.019311178
TGCGCAGAGGGAGTAA-1,0.013578367
TGCGCAGGTCAACTGT-1,0.026479661
TGCGCAGTCGCGCCAA-1,0.21332341
TGCGGGTAGATAGCAT-1,0.2087807
TGCGGGTCAGGGTACA-1,0.014432844
TGCGGGTCATGCCCGA-1,0.020907119
TGCGGGTTCCCTGACT-1,0.14733471
TGCGTGGAGACCTAGG-1,0.01127728
TGCGTGGAGGCGTACA-1,0.24121064
TGCGTGGCACAGGAGT-1,0.117138214
TGCGTGGCAGCGTTCG-1,0.018392108
TGCGTGGGTCTAACGT-1,0.111389376
TGCGTGGTCTGATTCT-1,0.013172748
TGCTACCCAAGTCATC-1,0.19443434
TGCTACCCAGCAGTTT-1,0.16136304
TGCTACCCAGCCTGTG-1,0.8614537
TGCTACCGTCGCCATG-1,0.73766387
TGCTACCTCAACCATG-1,0.0075486787
TGCTACCTCGCGTTTC-1,0.024656558
TGCTACCTCTCGTTTA-1,0.19443087
TGCTGCTAGGAGCGAG-1,0.014770982
TGCTGCTCAAGCCGCT-1,0.008973924
TGGACGCAGCAGGTCA-1,0.74360466
TGGACGCCAACTTGAC-1,0.19395797
TGGACGCCATCTACGA-1,0.012976491
TGGACGCCATGGGAAC-1,0.022039108
TGGACGCGTACCGAGA-1,0.01565032
TGGACGCGTCATATCG-1,0.097644426
TGGACGCTCGTCTGCT-1,0.18823294
TGGACGCTCTGTGCAA-1,0.020188648
TGGCCAGTCGGTGTTA-1,0.014012852
TGGCCAGTCTCAAGTG-1,0.20716354
TGGCGCAAGAGCCCAA-1,0.82563215
TGGCGCAAGCACCGCT-1,0.09726217
TGGCGCACATTGGTAC-1,0.01281845
TGGCGCATCCGAAGAG-1,0.015420603
TGGCTGGAGCGATCCC-1,0.8768805
TGGCTGGAGTTACGGG-1,0.011675111
TGGCTGGCACGTGAGA-1,0.8464592
TGGCTGGCAGGAATCG-1,0.0064791264
TGGCTGGCAGTTAACC-1,0.018434295
TGGCTGGGTCATGCCG-1,0.17440799
TGGCTGGGTTGTGGCC-1,0.18664166
TGGCTGGTCGAATGGG-1,0.015675355
TGGGAAGAGGAATTAC-1,0.18328813
TGGGAAGCAATGGAAT-1,0.0135636395
TGGGAAGCAGGTTTCA-1,0.01218628
TGGGAAGCATCCCACT-1,0.10817298
TGGGAAGGTAGCGTGA-1,0.011547976
TGGGAAGGTCGGCACT-1,0.017703585
TGGGAAGGTTAAGGGC-1,0.20819029
TGGGAAGGTTAGGGTG-1,0.010421309
TGGGAAGTCTTAACCT-1,0.28229916
TGGGCGTAGTTAAGTG-1,0.21243834
TGGGCGTGTGTGAAAT-1,0.03123124
TGGGCGTTCCTAGAAC-1,0.010638927
TGGGCGTTCTCGTTTA-1,0.81330645
TGGGCGTTCTTCAACT-1,0.20776342
TGGTTAGAGGTCATCT-1,0.009813987
TGGTTAGCACCAGATT-1,0.18921877
TGGTTAGGTAAACACA-1,0.09434716
TGGTTAGGTTGATTGC-1,0.0138286175
TGGTTAGTCAGCATGT-1,0.10053323
TGGTTCCGTTCACGGC-1,0.18603788
TGGTTCCTCCAACCAA-1,0.011315908
TGTATTCAGTATCGAA-1,0.10621845
TGTATTCCACGTCTCT-1,0.009810231
TGTATTCCATGACGGA-1,0.7340186
TGTATTCGTGCAACTT-1,0.10218948
TGTCCCAAGGTAAACT-1,0.96144825
TGTCCCACACTTACGA-1,0.009742485
TGTCCCAGTGATGTCT-1,0.95092374
TGTCCCATCACAGTAC-1,0.83545274
TGTGGTAAGCCGTCGT-1,0.020407543
TGTGGTACAATCTACG-1,0.10318397
TGTGGTACATGCAATC-1,0.87783515
TGTGGTATCTGCGGCA-1,0.015202976
TGTGTTTAGCCACGCT-1,0.011258134
TGTGTTTCAAGCCTAT-1,0.09729002
TGTGTTTTCGTCTGCT-1,0.020933397
TGTTCCGAGCAGACTG-1,0.03940565
TGTTCCGAGCGTAATA-1,0.2065249
TGTTCCGGTTGCCTCT-1,0.1984544
TGTTCCGTCATGTCTT-1,0.01639872
TTAACTCAGAGTAATC-1,0.17500542
TTAACTCAGGATTCGG-1,0.010016875
TTAACTCCAAGCGTAG-1,0.017474677
TTAACTCCATCGGTTA-1,0.01891331
TTAACTCGTCCGAATT-1,0.015530688
TTAACTCGTGGCGAAT-1,0.010014613
TTAACTCGTTTGGCGC-1,0.02273877
TTAACTCTCAGTGTTG-1,0.19579951
TTAGGACAGATCTGCT-1,0.022163907
TTAGGACCAAGACGTG-1,0.17158988
TTAGGACCATGCTAGT-1,0.015601173
TTAGGACGTCCCGACA-1,0.015528964
TTAGGCAAGGCACATG-1,0.015006067
TTAGTTCAGATAGGAG-1,0.17443088
TTAGTTCAGTTAGCGG-1,0.014052645
TTAGTTCAGTTTCCTT-1,0.016515445
TTAGTTCTCTGCCAGG-1,0.7342678
TTAGTTCTCTTGTTTG-1,0.014070052
TTATGCTCATGAACCT-1,0.015067664
TTATGCTGTATAGGTA-1,0.2148922
TTCCCAGGTCACTTCC-1,0.2092318
TTCCCAGTCAAGGCTT-1,0.010026308
TTCCCAGTCATTGCGA-1,0.019833293
TTCGAAGAGACAAGCC-1,0.012341938
TTCGAAGCAGCGTAAG-1,0.011635239
TTCGAAGGTTCCACAA-1,0.0080908835
TTCGGTCAGAAACGAG-1,0.018477395
TTCGGTCAGTTCGCGC-1,0.1251343
TTCGGTCGTACTTAGC-1,0.011215067
TTCGGTCGTCGCCATG-1,0.010710322
TTCGGTCTCACGAAGG-1,0.015980465
TTCGGTCTCCAGAGGA-1,0.177867
TTCGGTCTCGGTCCGA-1,0.02408025
TTCGGTCTCGGTTAAC-1,0.16938755
TTCTACAAGGCTCTTA-1,0.023666786
TTCTACAAGGGCACTA-1,0.015473987
TTCTACAAGGGTGTTG-1,0.20970157
TTCTACAAGGTAGCTG-1,0.11010226
TTCTACACAGGGTATG-1,0.093836814
TTCTACACATTGGCGC-1,0.015557304
TTCTACAGTTATGTGC-1,0.012077939
TTCTACATCACAGGCC-1,0.11724019
TTCTCAAAGAACTCGG-1,0.15778583
TTCTCAAAGTAACCCT-1,0.097082414
TTCTCAAAGTGGGCTA-1,0.28337786
TTCTCAAGTGTAACGG-1,0.01839615
TTCTCAATCCTAGAAC-1,0.019293187
TTCTCCTAGAGACTTA-1,0.20204481
TTCTCCTAGCAAATCA-1,0.91013324
TTCTCCTAGTTGTAGA-1,0.013521706
TTCTCCTGTTAAAGAC-1,0.010575144
TTCTCCTTCAACACGT-1,0.021725867
TTCTCCTTCGCATGAT-1,0.010418163
TTCTTAGAGTACCGGA-1,0.83104235
TTCTTAGCAGGATCGA-1,0.011754752
TTCTTAGCAGTCACTA-1,0.022048146
TTCTTAGGTGAACCTT-1,0.284866
TTCTTAGGTGTATGGG-1,0.018111719
TTGAACGAGTCACGCC-1,0.2006017
TTGAACGCACTCAGGC-1,0.008015532
TTGAACGCATGGATGG-1,0.017124666
TTGAACGGTTAAGACA-1,0.7565781
TTGAACGTCTGTCTCG-1,0.21528248
TTGACTTAGGATGGAA-1,0.76702064
TTGACTTAGGATTCGG-1,0.108991526
TTGACTTAGGGATGGG-1,0.09724208
TTGACTTGTATAATGG-1,0.014035986
TTGACTTGTTAGTGGG-1,0.09651764
TTGACTTTCTTCTGGC-1,0.010466955
TTGCCGTAGCTGGAAC-1,0.097758405
TTGCCGTCACCGAAAG-1,0.10281546
TTGCCGTCACGAAATA-1,0.19526684
TTGCCGTCATTTGCCC-1,0.19973595
TTGCGTCAGCAGACTG-1,0.72713804
TTGCGTCAGTCTCCTC-1,0.016132724
TTGCGTCCAAGAGTCG-1,0.81701833
TTGCGTCCACGAAATA-1,0.1814258
TTGCGTCCACGAGGTA-1,0.104478985
TTGCGTCGTCGCGTGT-1,0.23929664
TTGGAACCACAACGCC-1,0.022852756
TTGGAACCACTGTCGG-1,0.17286958
TTGGAACCAGTCACTA-1,0.8224027
TTGGAACCATGCCCGA-1,0.021548018
TTGGAACGTCCAACTA-1,0.82966363
TTGGCAAAGCTAACTC-1,0.16905187
TTGGCAACAATGAAAC-1,0.008833408
TTGGCAACATGCTAGT-1,0.008285934
TTGGCAATCATTTGGG-1,0.013860974
TTGTAGGAGGCTCATT-1,0.18158148
TTGTAGGCAGTGACAG-1,0.20617633
TTGTAGGCATAGGATA-1,0.14853582
TTGTAGGCATGTAGTC-1,0.015053544
TTGTAGGTCGCCAGCA-1,0.011347208
TTGTAGGTCTCCAACC-1,0.02051329
TTTACTGAGATGCCAG-1,0.016416965
TTTACTGAGTGTACGG-1,0.015147835
TTTACTGGTACCGCTG-1,0.008280712
TTTACTGTCAGAGGTG-1,0.10870639
TTTATGCAGGCCCTCA-1,0.8381222
TTTATGCAGTGTCCCG-1,0.017953858
TTTATGCGTAGCGCAA-1,0.8844973
TTTCCTCAGACATAAC-1,0.20174591
TTTCCTCCAACGATCT-1,0.10954935
TTTCCTCCACCGCTAG-1,0.192274
TTTCCTCGTTCTGAAC-1,0.012436127
TTTCCTCTCTGAAAGA-1,0.019036489
TTTGCGCAGACCACGA-1,0.11179071
TTTGCGCAGTATTGGA-1,0.09889286
TTTGCGCTCGCACTCT-1,0.017122636
TTTGGTTAGGAGCGAG-1,0.20343237
TTTGGTTCACAACTGT-1,0.1927009
TTTGGTTCATTGAGCT-1,0.19587703
TTTGGTTGTAATCACC-1,0.01801735
TTTGGTTGTCCTCCAT-1,0.009316236
TTTGGTTGTGCGAAAC-1,0.023417704
TTTGTCAAGTGCCAGA-1,0.019043718
TTTGTCACAGGCGATA-1,0.02202649
TTTGTCACATCACGTA-1,0.9738794
TTTGTCAGTACTTAGC-1,0.20651366
TTTGTCATCACCGGGT-1,0.10001869
TTTGTCATCCGCTGTT-1,0.019558178
