,cnv_score
AAACCTGGTGGCAAAC-1,0.009229789
AAACCTGTCGCATGGC-1,0.006202927
AAACCTGTCGTACCGG-1,0.0039844257
AAACGGGCACTAAGTC-1,0.005199046
AAACGGGCACTAGTAC-1,0.004602386
AAACGGGGTTCATGGT-1,0.007393381
AAACGGGGTTCTGAAC-1,0.008965063
AAAGATGAGCTAGGCA-1,0.009224313
AAAGATGGTTTGCATG-1,0.0041106944
AAAGATGTCGCCAGCA-1,0.0046855253
AAAGCAAAGAGTTGGC-1,0.0076641412
AAAGCAAAGCGCCTTG-1,0.0056736562
AAAGCAAAGCGTGAAC-1,0.0066774995
AAAGCAAGTATAGGTA-1,0.017802276
AAAGCAATCAGCGACC-1,0.0062603103
AAAGCAATCGCGCCAA-1,0.008314021
AAAGCAATCGGACAAG-1,0.004487119
AAAGCAATCTTGAGGT-1,0.006553009
AAAGTAGAGAGATGAG-1,0.004478121
AAAGTAGTCAGAGGTG-1,0.005791923
AAATGCCAGTGAATTG-1,0.0068461057
AAATGCCCACATAACC-1,0.0042510917
AAATGCCGTGGTTTCA-1,0.022109523
AAATGCCTCAGTTGAC-1,0.0042135594
AAATGCCTCCAGGGCT-1,0.0075792857
AACACGTCACGTGAGA-1,0.0051070857
AACACGTGTCTGCCAG-1,0.008316713
AACACGTGTGGCAAAC-1,0.0051944167
AACACGTTCATGCATG-1,0.004667209
AACACGTTCATTATCC-1,0.0044154264
AACACGTTCCTCAACC-1,0.0031477853
AACCATGAGATCCCGC-1,0.009075135
AACCATGAGTGACATA-1,0.009757731
AACCATGCAAGCTGTT-1,0.005055089
AACCATGCACCAACCG-1,0.007143579
AACCATGCATTAGGCT-1,0.008527549
AACCATGGTGTGGTTT-1,0.0038388125
AACCATGGTTGGACCC-1,0.0075720344
AACCGCGTCGGCTACG-1,0.008658688
AACGTTGCACAGGTTT-1,0.011370711
AACGTTGCACCCAGTG-1,0.011257551
AACGTTGGTACAGCAG-1,0.0036666521
AACGTTGGTCTGCGGT-1,0.0090421075
AACGTTGTCCCAACGG-1,0.007368474
AACGTTGTCCCATTTA-1,0.0060092895
AACGTTGTCCTTAATC-1,0.0037131777
AACGTTGTCGCCCTTA-1,0.0077126073
AACTCAGAGGGTATCG-1,0.0070670955
AACTCAGCACAGACTT-1,0.0072976155
AACTCAGTCCCAACGG-1,0.0051674945
AACTCAGTCTAACCGA-1,0.005113616
AACTCAGTCTTTACGT-1,0.006455939
AACTCCCCAATAAGCA-1,0.0057900143
AACTCCCGTAGCACGA-1,0.0064792656
AACTCCCGTTACCGAT-1,0.003740984
AACTCCCTCGGCCGAT-1,0.004444727
AACTCTTAGGCATGTG-1,0.007094353
AACTCTTCACCAACCG-1,0.0066285594
AACTCTTGTATTCTCT-1,0.00670948
AACTCTTGTGCTCTTC-1,0.006288667
AACTCTTTCACCTCGT-1,0.011371726
AACTCTTTCTAACCGA-1,0.0055468543
AACTGGTAGACAAAGG-1,0.003824907
AACTGGTAGCCACTAT-1,0.005106235
AACTGGTAGGAATCGC-1,0.0061573638
AACTGGTAGTTAAGTG-1,0.007691479
AACTGGTCAGCCAGAA-1,0.00716687
AACTGGTCATATACGC-1,0.007051979
AACTGGTCATCTGGTA-1,0.0054267803
AACTTTCCACGAAACG-1,0.0100985095
AACTTTCCACGGTAAG-1,0.0041636303
AACTTTCCATCTACGA-1,0.007142843
AACTTTCGTTAGATGA-1,0.007898285
AACTTTCTCATGTAGC-1,0.005239992
AAGACCTCAACGATGG-1,0.004974906
AAGACCTCAGGTGGAT-1,0.007845243
AAGACCTGTAAAGGAG-1,0.0048139943
AAGACCTGTAATCACC-1,0.0066862237
AAGACCTGTCGGGTCT-1,0.0070508434
AAGACCTGTGACGGTA-1,0.004095723
AAGCCGCAGGCTATCT-1,0.007963562
AAGCCGCGTAGCTGCC-1,0.007369896
AAGCCGCGTTCCAACA-1,0.006424295
AAGGAGCGTACCTACA-1,0.009778873
AAGGAGCGTATCAGTC-1,0.008520083
AAGGAGCTCATCATTC-1,0.0020155045
AAGGAGCTCTCGAGTA-1,0.006936319
AAGGCAGCAAGCGATG-1,0.0068224417
AAGGCAGGTGCCTGTG-1,0.006010492
AAGGCAGTCAATCACG-1,0.0038666578
AAGGCAGTCGAATCCA-1,0.0090074055
AAGGCAGTCGTGGGAA-1,0.0075594336
AAGGTTCCAGACGCCT-1,0.014530623
AAGGTTCCAGTTAACC-1,0.0087359585
AAGGTTCGTCTCGTTC-1,0.007397162
AAGGTTCGTGGAAAGA-1,0.015363293
AAGGTTCTCGTATCAG-1,0.010622233
AAGGTTCTCTGCGACG-1,0.003706944
AAGTCTGAGATAGCAT-1,0.004531248
AAGTCTGCAATCTACG-1,0.004539748
AAGTCTGCAGACAGGT-1,0.010421541
AATCCAGAGACGCAAC-1,0.017815394
AATCCAGAGGGCTCTC-1,0.00568307
AATCCAGAGGTTCCTA-1,0.004723873
AATCCAGCAAAGGTGC-1,0.0050685764
AATCCAGCACTCTGTC-1,0.009067602
AATCCAGGTACAGTTC-1,0.005917723
AATCCAGGTCTCCACT-1,0.0075715273
AATCCAGTCGCTAGCG-1,0.003993755
AATCCAGTCTCGAGTA-1,0.0065111746
ACACCAACATTACCTT-1,0.007873475
ACACCAATCCTGCCAT-1,0.026940033
ACACCCTGTAAGTGTA-1,0.006910649
ACACCCTGTACTTGAC-1,0.0073456382
ACACCCTTCAGTTGAC-1,0.011135955
ACACCGGAGAGCAATT-1,0.006316528
ACACCGGAGTCGAGTG-1,0.0057482035
ACACCGGCAGTCACTA-1,0.0078405375
ACACCGGCATGGTCAT-1,0.0058905855
ACACCGGGTTATCACG-1,0.0043274486
ACACCGGTCTTTACAC-1,0.005414747
ACACTGATCAGCTGGC-1,0.0053919386
ACAGCCGGTTCCAACA-1,0.0072487434
ACAGCCGGTTCCACAA-1,0.0050159898
ACAGCCGTCGCCAGCA-1,0.0057374574
ACAGCCGTCTCCAACC-1,0.005718887
ACAGCTAAGCTCCCAG-1,0.006397774
ACAGCTACATGAGCGA-1,0.0029386517
ACAGCTAGTGTGACCC-1,0.0061995294
ACAGCTAGTTAGGGTG-1,0.006253437
ACAGCTATCAACACCA-1,0.0058358675
ACAGCTATCGCATGAT-1,0.006113663
ACAGCTATCTCTTGAT-1,0.0042650527
ACATACGAGCTTATCG-1,0.01721256
ACATACGCACTTAAGC-1,0.006427202
ACATACGGTTCAGGCC-1,0.019703507
ACATACGTCACCGTAA-1,0.0069569102
ACATACGTCAGAGCTT-1,0.014753647
ACATACGTCTCACATT-1,0.004403218
ACATCAGAGACAGGCT-1,0.0052557224
ACATCAGTCACCTTAT-1,0.0045067347
ACATCAGTCTTGACGA-1,0.0052502765
ACATGGTAGGCCCTCA-1,0.013230191
ACATGGTAGTGAACAT-1,0.010787561
ACATGGTCACTAAGTC-1,0.007114987
ACATGGTCAGGAATGC-1,0.0097713815
ACATGGTCATGATCCA-1,0.0035683902
ACATGGTGTTGACGTT-1,0.0049393927
ACATGGTTCTGTCTCG-1,0.0037000154
ACCAGTAAGCCCAATT-1,0.011743223
ACCAGTAAGGTAGCTG-1,0.01007874
ACCAGTAAGTTGAGAT-1,0.0062144496
ACCAGTACAGGCGATA-1,0.0076621035
ACCAGTACAGTCGTGC-1,0.0037017828
ACCAGTATCGGAGGTA-1,0.008094005
ACCAGTATCGGTTAAC-1,0.0027571032
ACCCACTAGACAGACC-1,0.019629082
ACCCACTAGTTAGCGG-1,0.0054853107
ACCCACTCAGTCGATT-1,0.00906346
ACCCACTGTATATGGA-1,0.00706271
ACCCACTGTGACTACT-1,0.013120995
ACCCACTGTGAGCGAT-1,0.009963992
ACCCACTTCCTCCTAG-1,0.005300454
ACCCACTTCTAACTTC-1,0.008250908
ACCCACTTCTACTCAT-1,0.006359275
ACCGTAACATCGGACC-1,0.012231628
ACCGTAAGTACGCACC-1,0.007998999
ACCGTAAGTCACTGGC-1,0.0051576328
ACCGTAATCGTGGACC-1,0.01109089
ACCGTAATCTTGCCGT-1,0.0074404525
ACCTTTACACGCATCG-1,0.0057090083
ACCTTTAGTCTTGTCC-1,0.008294768
ACCTTTATCGTGGGAA-1,0.0068355654
ACGAGCCCAATGAATG-1,0.022507269
ACGAGCCCACAGATTC-1,0.005186619
ACGAGCCGTGCTAGCC-1,0.0042655487
ACGAGGAAGGTACTCT-1,0.0052669123
ACGAGGACATATGGTC-1,0.012423818
ACGAGGAGTAGATTAG-1,0.010653743
ACGAGGAGTTGAGGTG-1,0.004395632
ACGAGGATCTTGCAAG-1,0.004984742
ACGAGGATCTTTAGGG-1,0.011684399
ACGATACAGTGGGTTG-1,0.0045692422
ACGATGTAGACCGGAT-1,0.004649788
ACGATGTAGATGCGAC-1,0.014070243
ACGATGTAGCTACCGC-1,0.010118909
ACGATGTAGGTAAACT-1,0.004975387
ACGATGTCAAGCCGTC-1,0.006636995
ACGATGTCACTTAACG-1,0.012427284
ACGATGTCATTCACTT-1,0.003602782
ACGATGTTCCATGAGT-1,0.006066909
ACGATGTTCCCACTTG-1,0.0031980812
ACGCAGCAGAAAGTGG-1,0.007058067
ACGCAGCAGAGGGATA-1,0.01062308
ACGCAGCCACCTGGTG-1,0.003959937
ACGCAGCGTACATGTC-1,0.0044068433
ACGCAGCGTCAACATC-1,0.010519396
ACGCAGCGTGTTGAGG-1,0.003997586
ACGCAGCTCACCTTAT-1,0.008117874
ACGCCAGCAATGTTGC-1,0.0075661438
ACGCCAGCACGAAGCA-1,0.008280846
ACGCCAGCACGCCAGT-1,0.006147608
ACGCCAGGTTCCCTTG-1,0.0068812845
ACGCCAGGTTCGCTAA-1,0.011989566
ACGCCAGTCATCATTC-1,0.0048513273
ACGCCAGTCGCCTGTT-1,0.0069618197
ACGCCGAAGCGTAGTG-1,0.0043582586
ACGCCGAGTATGGTTC-1,0.0060919416
ACGGAGAAGTGGTAAT-1,0.0046287226
ACGGAGACATAACCTG-1,0.009039238
ACGGAGAGTCATATGC-1,0.0047179656
ACGGCCAAGCCAACAG-1,0.004642655
ACGGCCACACCAGCAC-1,0.005863497
ACGGCCAGTATTAGCC-1,0.0041936412
ACGGCCAGTCCTCTTG-1,0.0069668344
ACGGGCTAGCGTGTCC-1,0.0044606174
ACGGGCTCACAGAGGT-1,0.0075603956
ACGGGCTCAGACGCAA-1,0.005039591
ACGGGCTCATGACATC-1,0.007959092
ACGGGCTTCCGGGTGT-1,0.0057213157
ACGGGTCAGGTTCCTA-1,0.0047863564
ACGGGTCCAAGAAAGG-1,0.004052401
ACGGGTCCACAGATTC-1,0.006272696
ACGGGTCCACAGCGTC-1,0.004198859
ACGGGTCCAGCTGCAC-1,0.0043822792
ACGGGTCCATCGGAAG-1,0.012337939
ACGGGTCGTAAAGGAG-1,0.005448577
ACGGGTCGTATCAGTC-1,0.00741863
ACGGGTCGTGGAAAGA-1,0.0030528884
ACGGGTCGTTCTGAAC-1,0.0057437727
ACGGGTCTCAAACAAG-1,0.011169946
ACGGGTCTCATGTAGC-1,0.006992588
ACGGGTCTCCAATGGT-1,0.010121068
ACGGGTCTCCATTCTA-1,0.0078625
ACGGGTCTCGCCATAA-1,0.006320184
ACGGGTCTCTACTTAC-1,0.007785036
ACGTCAAAGACTAGGC-1,0.011594859
ACGTCAACAGACACTT-1,0.007941103
ACTATCTAGAGTACCG-1,0.0098601775
ACTATCTTCTTGTCAT-1,0.004252002
ACTGAACAGTGGGCTA-1,0.007574425
ACTGAACAGTGGTAGC-1,0.007850781
ACTGAACCAAACAACA-1,0.005728866
ACTGAACCAAGGACAC-1,0.0075100926
ACTGAACCAATCCAAC-1,0.0057783523
ACTGAACGTCCAAGTT-1,0.004347655
ACTGAGTAGTAATCCC-1,0.004852305
ACTGAGTCAAAGCAAT-1,0.004302479
ACTGAGTCACCATCCT-1,0.0039033575
ACTGAGTCAGCTCGAC-1,0.0067858337
ACTGAGTGTCTCATCC-1,0.006063301
ACTGAGTGTTAGATGA-1,0.0049469424
ACTGATGAGCGTGAGT-1,0.006421111
ACTGATGTCACCCTCA-1,0.005267247
ACTGATGTCATGTCCC-1,0.0049039917
ACTGCTCAGACTGGGT-1,0.0040443284
ACTGCTCCACTTAACG-1,0.0109338565
ACTGCTCTCTACCAGA-1,0.011356511
ACTGTCCAGAAACGAG-1,0.0063402047
ACTGTCCCACGAAACG-1,0.0068687964
ACTGTCCCAGCGAACA-1,0.0154416645
ACTGTCCTCTCCTATA-1,0.0060939575
ACTGTCCTCTGAGGGA-1,0.007380244
ACTTACTAGTAGCCGA-1,0.00440173
ACTTACTGTTCCACAA-1,0.0075353817
ACTTACTTCAGAGACG-1,0.0067780465
ACTTACTTCCAGGGCT-1,0.0037804074
ACTTACTTCCCTGACT-1,0.003003061
ACTTGTTAGGACTGGT-1,0.004873763
ACTTGTTCATTGAGCT-1,0.007998476
ACTTGTTGTTCAGGCC-1,0.008375346
ACTTGTTTCTGGTTCC-1,0.0063175946
ACTTGTTTCTGTCCGT-1,0.0058274413
ACTTTCAAGCTAAGAT-1,0.008658617
ACTTTCACACTGTCGG-1,0.004768079
ACTTTCACAGGGTACA-1,0.006070421
ACTTTCAGTAAATGTG-1,0.004684703
ACTTTCATCAGCTGGC-1,0.0051294714
ACTTTCATCATGGTCA-1,0.0085218735
ACTTTCATCTACTCAT-1,0.0042930287
AGAATAGAGGTGCTAG-1,0.0095796585
AGAATAGAGGTTCCTA-1,0.0061582215
AGAATAGAGTTACCCA-1,0.0060129086
AGACGTTAGATCACGG-1,0.008334941
AGACGTTAGCCGATTT-1,0.0072029275
AGACGTTGTAAGTGTA-1,0.0054692514
AGACGTTGTGGAAAGA-1,0.0060107317
AGACGTTTCGGAAACG-1,0.021114552
AGAGCGAAGCAGCGTA-1,0.012432959
AGAGCGAGTGATGCCC-1,0.0070340913
AGAGCTTAGGACTGGT-1,0.0074523264
AGAGCTTCACGGTAAG-1,0.005655038
AGAGCTTCATCCGTGG-1,0.0042612976
AGAGCTTTCATGCAAC-1,0.007834227
AGAGTGGAGACGCAAC-1,0.005252044
AGAGTGGAGCGCTTAT-1,0.008602268
AGAGTGGAGGAGCGTT-1,0.008337086
AGAGTGGAGGTGGGTT-1,0.005943628
AGAGTGGCAATCACAC-1,0.0062382664
AGAGTGGCAATGGAGC-1,0.007893232
AGAGTGGGTGCTTCTC-1,0.014731011
AGATCTGAGAGGGCTT-1,0.0135090565
AGATCTGCACATTTCT-1,0.007864237
AGATCTGTCTCTTGAT-1,0.006804158
AGATTGCAGCTAACTC-1,0.005691913
AGATTGCGTAAGCACG-1,0.006554397
AGATTGCGTATGGTTC-1,0.0044765202
AGATTGCGTGGTCTCG-1,0.0073290565
AGATTGCTCCCTTGTG-1,0.0066381255
AGCAGCCGTGATGCCC-1,0.007279888
AGCAGCCGTTAGTGGG-1,0.007772494
AGCAGCCTCCCGGATG-1,0.007831968
AGCAGCCTCCGCGTTT-1,0.0071125617
AGCATACCACCAGGCT-1,0.005716515
AGCATACTCAATAAGG-1,0.008850107
AGCATACTCGTAGGTT-1,0.010949423
AGCCTAAAGCGTCTAT-1,0.0049328846
AGCCTAATCGAGCCCA-1,0.010855333
AGCGGTCAGCTAAACA-1,0.007210262
AGCGGTCAGGTGTTAA-1,0.0057199015
AGCGGTCCAGGATCGA-1,0.007967257
AGCGGTCGTAAGAGGA-1,0.0052507613
AGCGGTCGTCACTGGC-1,0.0035416526
AGCGTATAGAATTCCC-1,0.010230473
AGCGTATAGTGAAGTT-1,0.006225241
AGCGTATCAATCAGAA-1,0.008487764
AGCGTATCAATCGAAA-1,0.008109743
AGCGTATCACATCTTT-1,0.006321982
AGCGTATGTTACGACT-1,0.006484001
AGCGTATTCGTAGGAG-1,0.009143801
AGCGTCGGTATATGGA-1,0.0053636064
AGCGTCGGTCGTTGTA-1,0.006044833
AGCGTCGGTGTTTGTG-1,0.013797416
AGCTCCTAGTAATCCC-1,0.0052174027
AGCTCCTAGTCCGTAT-1,0.0116273295
AGCTCCTCACAGAGGT-1,0.005422363
AGCTCCTGTTATTCTC-1,0.0062380186
AGCTCTCCAAAGGTGC-1,0.009348144
AGCTCTCGTTATCGGT-1,0.004920185
AGCTCTCGTTGGTAAA-1,0.010419215
AGCTCTCTCCTTGGTC-1,0.006299572
AGCTCTCTCTGCGACG-1,0.005140279
AGCTTGATCATACGGT-1,0.008120304
AGCTTGATCGAGAGCA-1,0.0022706867
AGGCCACCACACAGAG-1,0.00421865
AGGCCACCACGGCGTT-1,0.004660599
AGGCCACGTACGACCC-1,0.0036930016
AGGCCACGTACTCGCG-1,0.0049751606
AGGCCACGTGCCTTGG-1,0.009026236
AGGCCACGTTAAGAAC-1,0.01086781
AGGCCGTAGAAACGAG-1,0.00984261
AGGCCGTCAATCGAAA-1,0.0034051538
AGGCCGTCACGTAAGG-1,0.0054260707
AGGGAGTAGACACTAA-1,0.0053361384
AGGGAGTCAGTATGCT-1,0.003876004
AGGGAGTTCAAAGACA-1,0.0069700936
AGGGAGTTCTGACCTC-1,0.005654508
AGGGATGAGAATTGTG-1,0.016341085
AGGGATGAGTAGCCGA-1,0.0043795723
AGGGATGGTGCTGTAT-1,0.0062388396
AGGGTGAAGCCATCGC-1,0.006176495
AGGGTGAAGGGTCGAT-1,0.005980408
AGGGTGACAATCAGAA-1,0.01073284
AGGGTGATCTACTTAC-1,0.0047935583
AGGTCATAGCCAGTTT-1,0.0086134635
AGGTCATAGGAGTACC-1,0.0071111354
AGGTCATGTAAATACG-1,0.005215158
AGGTCCGAGAACAATC-1,0.0057658367
AGGTCCGAGACCTTTG-1,0.0045724073
AGGTCCGCAGCGTAAG-1,0.004294762
AGGTCCGCATCGGGTC-1,0.0076712035
AGGTCCGCATTGTGCA-1,0.0056725945
AGGTCCGGTCATTAGC-1,0.0042572366
AGGTCCGGTCGCTTCT-1,0.0069525475
AGGTCCGGTGATGCCC-1,0.006846558
AGGTCCGTCACCAGGC-1,0.004693952
AGGTCCGTCTACGAGT-1,0.009448293
AGGTCCGTCTGGAGCC-1,0.0065851533
AGTAGTCCATGGATGG-1,0.0065447744
AGTAGTCGTAAGTGTA-1,0.005345109
AGTAGTCGTGCCTGTG-1,0.0074344194
AGTAGTCTCAAACAAG-1,0.0093292985
AGTAGTCTCAAAGTAG-1,0.0069717146
AGTAGTCTCCCAGGTG-1,0.0054659937
AGTCTTTAGCTCCTTC-1,0.0041936804
AGTCTTTCAACACCTA-1,0.0062825056
AGTCTTTCACAGATTC-1,0.005193119
AGTCTTTGTCGCGTGT-1,0.005373654
AGTCTTTGTTCCATGA-1,0.0076295445
AGTCTTTTCATGCATG-1,0.008317568
AGTCTTTTCCACGTTC-1,0.0245096
AGTGAGGAGCCGCCTA-1,0.030383663
AGTGAGGCATTTCACT-1,0.010818778
AGTGAGGGTAGCTGCC-1,0.0056071854
AGTGAGGTCCTAGAAC-1,0.006511822
AGTGGGAAGCTATGCT-1,0.005295911
AGTGGGAAGGCAATTA-1,0.020690396
AGTGGGACAAGTCATC-1,0.006323572
AGTGGGACATACCATG-1,0.006301056
AGTGGGAGTCATATGC-1,0.0052180015
AGTGGGAGTCGGATCC-1,0.0046359147
AGTGGGATCCTAAGTG-1,0.0072760032
AGTGGGATCGTAGATC-1,0.004977933
AGTGTCAGTTCCACGG-1,0.004037413
AGTGTCATCGTTGCCT-1,0.0046556825
AGTGTCATCTCATTCA-1,0.0068693003
AGTTGGTCACTCAGGC-1,0.007268858
AGTTGGTCAGTCAGCC-1,0.007967115
ATAACGCGTCCGAACC-1,0.007178636
ATAACGCTCAGCTCTC-1,0.0055305287
ATAACGCTCCACGAAT-1,0.011988276
ATAAGAGAGTCGTACT-1,0.0035285316
ATAAGAGCAGCTGTGC-1,0.004950624
ATAAGAGCAGGTGGAT-1,0.007780287
ATAAGAGGTATGGTTC-1,0.006907101
ATAAGAGTCGGAGGTA-1,0.0029032347
ATAGACCAGTGGACGT-1,0.006814718
ATAGACCCAAGCGAGT-1,0.003923061
ATAGACCGTAAGAGGA-1,0.0054853684
ATAGACCGTCGGCATC-1,0.005590892
ATAGACCGTTGAGTTC-1,0.007028368
ATAGACCTCGCCTGTT-1,0.0038963151
ATAGACCTCGGATGTT-1,0.00261107
ATCACGAAGTAATCCC-1,0.008439611
ATCACGAGTCCAGTTA-1,0.023822993
ATCACGAGTCTGATTG-1,0.010728169
ATCACGATCCACGAAT-1,0.005831655
ATCACGATCTCGAGTA-1,0.0045792907
ATCACGATCTGTCAAG-1,0.00851796
ATCATCTAGCTGGAAC-1,0.0065578492
ATCATCTGTATTACCG-1,0.007091608
ATCATCTGTGTTGAGG-1,0.007138129
ATCATCTGTTCCACGG-1,0.005988219
ATCATGGAGGATATAC-1,0.011636847
ATCATGGGTGTTCGAT-1,0.015568541
ATCATGGTCACCACCT-1,0.0067731855
ATCATGGTCGCTAGCG-1,0.0037067619
ATCATGGTCTTGCAAG-1,0.0059120837
ATCCACCAGGCATTGG-1,0.009706363
ATCCACCCAAGTCATC-1,0.0106789125
ATCCACCTCCACGTTC-1,0.0057994225
ATCCACCTCTAACCGA-1,0.022177165
ATCCGAAAGAAGATTC-1,0.004240021
ATCCGAAAGAATGTGT-1,0.00729225
ATCCGAAAGGTGTTAA-1,0.00416401
ATCCGAAAGTCGAGTG-1,0.013701373
ATCCGAACATGCCTAA-1,0.008853134
ATCCGAAGTGGAAAGA-1,0.004626233
ATCCGAAGTTGTGGCC-1,0.009747714
ATCCGAATCATGTCCC-1,0.007457107
ATCGAGTAGCGCTCCA-1,0.016959365
ATCGAGTAGCTAAGAT-1,0.013450084
ATCGAGTCAAGTTCTG-1,0.0085687395
ATCGAGTCAATGACCT-1,0.0038303123
ATCGAGTCAGGAATGC-1,0.0050829398
ATCGAGTCATCACCCT-1,0.012780769
ATCGAGTTCCTTTCTC-1,0.005917364
ATCTACTCAGCAGTTT-1,0.014934862
ATCTACTTCAAACGGG-1,0.008467905
ATCTACTTCACTGGGC-1,0.012857424
ATCTACTTCCGCGCAA-1,0.0034979063
ATCTGCCAGATCGGGT-1,0.0064685266
ATCTGCCAGTCGTACT-1,0.011623383
ATCTGCCCAAATCCGT-1,0.009816022
ATCTGCCCATCCGGGT-1,0.0048683467
ATCTGCCTCGCAAACT-1,0.017126553
ATGAGGGAGCTGCCCA-1,0.009391595
ATGAGGGAGTACGTTC-1,0.003455268
ATGAGGGCACGGATAG-1,0.00883481
ATGAGGGGTTACCAGT-1,0.006270568
ATGAGGGTCTTCAACT-1,0.009340416
ATGCGATAGATCCCAT-1,0.0037491198
ATGCGATCAGACACTT-1,0.005615874
ATGCGATGTGCCTTGG-1,0.006597522
ATGCGATTCACGCGGT-1,0.0072752195
ATGCGATTCCTGTAGA-1,0.007907837
ATGCGATTCGAATCCA-1,0.009306205
ATGCGATTCTCGATGA-1,0.013257633
ATGGGAGAGCTGAAAT-1,0.0028957587
ATGGGAGGTGGTTTCA-1,0.004601947
ATGGGAGTCACAACGT-1,0.0053271907
ATGTGTGAGGTGCACA-1,0.0064553088
ATGTGTGAGGTTCCTA-1,0.008738686
ATGTGTGAGTATCGAA-1,0.006048392
ATGTGTGCATCCGTGG-1,0.0077664205
ATGTGTGCATGGATGG-1,0.0056633586
ATGTGTGGTAACGACG-1,0.005855053
ATGTGTGGTCGTTGTA-1,0.0076657776
ATGTGTGGTGCTTCTC-1,0.005954521
ATGTGTGTCTACCAGA-1,0.0070730182
ATGTGTGTCTAGCACA-1,0.005071941
ATTACTCTCGGCGGTT-1,0.0055168066
ATTACTCTCGGTTAAC-1,0.009014023
ATTATCCAGCCAACAG-1,0.005016227
ATTATCCCAAGGACTG-1,0.005974642
ATTCTACCAGTTCCCT-1,0.003308122
ATTCTACCATTAGGCT-1,0.008612023
ATTCTACGTCGCGAAA-1,0.006039895
ATTCTACGTTCAGGCC-1,0.006443412
ATTCTACTCAATCTCT-1,0.011517398
ATTCTACTCAGGCAAG-1,0.0046260213
ATTGGACAGAAGGGTA-1,0.007159809
ATTGGACAGTTGAGTA-1,0.007506193
ATTGGACCATGTCCTC-1,0.0075383782
ATTGGACGTCAGCTAT-1,0.0029578458
ATTGGACGTTAAGAAC-1,0.0073042414
ATTGGACGTTAGTGGG-1,0.007543912
ATTGGTGAGTAGGTGC-1,0.004757165
ATTGGTGGTATGAAAC-1,0.0029620514
ATTGGTGGTTCCTCCA-1,0.013147301
ATTGGTGTCAAAGTAG-1,0.0057824785
ATTGGTGTCACAAACC-1,0.0117672905
ATTTCTGGTCTTCGTC-1,0.007547968
ATTTCTGGTTACAGAA-1,0.012481192
ATTTCTGTCCGTAGGC-1,0.0058133067
CAACCAAAGCCACGTC-1,0.0050188685
CAACCAACAACACCTA-1,0.0036851522
CAACCAACAATCCAAC-1,0.006292872
CAACCAACACTTAAGC-1,0.006123694
CAACCAACATGGATGG-1,0.009502398
CAACCAAGTCCTAGCG-1,0.0044775507
CAACCAAGTTCTGTTT-1,0.00597133
CAACCTCAGCAGATCG-1,0.006837866
CAACCTCAGGTGCAAC-1,0.00575951
CAACCTCCATGCCTTC-1,0.012747199
CAACTAGAGTCACGCC-1,0.004788766
CAACTAGCAAACAACA-1,0.0065743
CAACTAGTCACAGTAC-1,0.0030522505
CAAGAAACAAAGGTGC-1,0.0097382115
CAAGAAAGTCATGCAT-1,0.005798265
CAAGAAATCATGCATG-1,0.007941168
CAAGAAATCTCGTTTA-1,0.006854789
CAAGAAATCTGGCGTG-1,0.0059189866
CAAGATCAGATATGCA-1,0.006201428
CAAGATCAGCAATATG-1,0.009709834
CAAGATCCACGACTCG-1,0.005742082
CAAGATCTCTCTAGGA-1,0.0062488317
CAAGGCCAGGCTCATT-1,0.0063048336
CAAGGCCGTCTAGAGG-1,0.006053425
CAAGGCCGTGTTGAGG-1,0.0063473303
CAAGTTGCAAGCGAGT-1,0.00768322
CAAGTTGGTCCTAGCG-1,0.004863988
CAAGTTGTCAAACCAC-1,0.007960481
CAAGTTGTCATTATCC-1,0.0063925744
CACAAACAGTCAAGCG-1,0.005528512
CACAAACCAACTGGCC-1,0.016973697
CACAAACCACTCAGGC-1,0.0049683866
CACAAACGTCGTCTTC-1,0.0067725624
CACAAACGTGCGATAG-1,0.005693912
CACAAACTCAACACCA-1,0.007837095
CACACAAAGCCACTAT-1,0.005959443
CACACAAAGTGTACTC-1,0.008946317
CACACAAAGTTCGCGC-1,0.0053812056
CACACAAGTCACACGC-1,0.00883223
CACACAAGTCGAAAGC-1,0.005401275
CACACAATCGGAAATA-1,0.0067110877
CACACCTTCCACGCAG-1,0.003532772
CACACTCAGGCTCTTA-1,0.0052940813
CACACTCCAGCCAGAA-1,0.0069888323
CACACTCGTCTAAAGA-1,0.016097132
CACACTCGTTATCCGA-1,0.0036659697
CACACTCTCTATCCTA-1,0.0038954436
CACAGGCCACGACTCG-1,0.0060182447
CACAGGCGTTCGCGAC-1,0.009283265
CACAGGCTCCATTCTA-1,0.0068739965
CACAGGCTCCGTACAA-1,0.014953662
CACAGTAAGTAGGCCA-1,0.009048538
CACAGTACATGCGCAC-1,0.006352273
CACAGTAGTACATCCA-1,0.017335942
CACAGTAGTTCGCTAA-1,0.008120745
CACAGTAGTTGTCGCG-1,0.003664077
CACAGTATCAATCTCT-1,0.0056321756
CACATAGGTGGTTTCA-1,0.0116076255
CACATAGTCCATTCTA-1,0.0035808787
CACATTTAGAATCTCC-1,0.013520038
CACATTTAGACACTAA-1,0.0070440704
CACATTTAGTGGACGT-1,0.004403124
CACATTTCAAGCCCAC-1,0.0058585308
CACATTTCACACCGAC-1,0.0040233033
CACATTTCACTTAAGC-1,0.010398758
CACATTTGTACGCTGC-1,0.0059503354
CACCACTAGACAATAC-1,0.006260989
CACCACTAGTGTCTCA-1,0.006297501
CACCACTCACTTCTGC-1,0.006507875
CACCACTCATTTGCTT-1,0.0043881615
CACCACTGTACCGTTA-1,0.0055638575
CACCACTGTCGATTGT-1,0.0103814965
CACCACTGTCTGGAGA-1,0.0073787323
CACCACTGTGTGGTTT-1,0.0062432997
CACCACTGTTCAGCGC-1,0.005344973
CACCACTTCCCACTTG-1,0.00918809
CACCAGGAGTGGAGTC-1,0.021618111
CACCAGGCAAACTGCT-1,0.007889462
CACCAGGGTCTCACCT-1,0.0100559
CACCAGGTCGAATGGG-1,0.024011858
CACCTTGAGAGGGCTT-1,0.009040185
CACCTTGAGCCACGCT-1,0.0033849583
CACCTTGAGTACGATA-1,0.010027759
CACCTTGAGTAGTGCG-1,0.0052041067
CACCTTGCAAGGCTCC-1,0.009895688
CACCTTGCATGCAATC-1,0.012096521
CACCTTGGTATATGAG-1,0.006606584
CACCTTGGTCCGTGAC-1,0.01311534
CACTCCATCGCTGATA-1,0.00968008
CAGAATCAGCTAACTC-1,0.004229993
CAGAATCAGTTAAGTG-1,0.0060392753
CAGAATCCACAGACAG-1,0.00760297
CAGAATCCATCACGAT-1,0.0073866597
CAGAATCCATTACCTT-1,0.0075008976
CAGAATCGTATTCGTG-1,0.008147613
CAGAATCTCCTGCCAT-1,0.0075857565
CAGAGAGAGTCATGCT-1,0.007311308
CAGAGAGAGTCCTCCT-1,0.0054671546
CAGAGAGCAGTGGGAT-1,0.0069832723
CAGAGAGGTGCAGACA-1,0.006216918
CAGATCAAGAGGTTAT-1,0.0064688474
CAGATCAAGGCGACAT-1,0.0053132526
CAGATCAAGGGCACTA-1,0.0067955097
CAGATCAAGTGAACGC-1,0.004050999
CAGATCACACACCGAC-1,0.0072263475
CAGATCACACATGACT-1,0.005006411
CAGATCACAGCGTAAG-1,0.004490402
CAGATCACAGCGTCCA-1,0.0076227845
CAGATCACATGAAGTA-1,0.009837908
CAGATCAGTCGACTAT-1,0.0062432145
CAGATCAGTGATGATA-1,0.005578991
CAGATCATCAATAAGG-1,0.004675262
CAGATCATCGTGACAT-1,0.0055662002
CAGCAGCAGAAGGTTT-1,0.0067276796
CAGCAGCAGCCAGTAG-1,0.0032978319
CAGCAGCAGCCATCGC-1,0.006280514
CAGCAGCAGTGTACGG-1,0.0038895223
CAGCAGCCACCGAAAG-1,0.0044664145
CAGCAGCCATCTCCCA-1,0.0077735675
CAGCAGCTCGGTCCGA-1,0.0055001457
CAGCATAAGCCGATTT-1,0.0044694506
CAGCATAAGGCTAGGT-1,0.0046721124
CAGCCGAAGAAGGGTA-1,0.0034026995
CAGCCGACATGCCTAA-1,0.0051430576
CAGCCGAGTCTAGGTT-1,0.007923023
CAGCCGATCCAGAAGG-1,0.004384322
CAGCCGATCCGAACGC-1,0.008040294
CAGCCGATCTACTTAC-1,0.0056001544
CAGCGACCAAGACGTG-1,0.0069045643
CAGCGACGTTGACGTT-1,0.006746315
CAGCGACTCGGAGCAA-1,0.007932584
CAGCTAACAGCATGAG-1,0.00789882
CAGCTAAGTGGTACAG-1,0.006892044
CAGCTAATCATCATTC-1,0.0081748245
CAGCTAATCGCCGTGA-1,0.009124718
CAGCTAATCTGCGACG-1,0.007619165
CAGCTGGCACGTAAGG-1,0.0048315176
CAGCTGGGTCGCTTTC-1,0.005600416
CAGCTGGGTGACCAAG-1,0.0030404034
CAGCTGGTCAGAGACG-1,0.010242909
CAGCTGGTCCACTGGG-1,0.00501174
CAGGTGCAGGCAATTA-1,0.007810782
CAGGTGCAGTAGCGGT-1,0.0052869264
CAGGTGCCACTTGGAT-1,0.0060953023
CAGGTGCCATGACATC-1,0.0039987694
CAGGTGCGTGTGCGTC-1,0.007418074
CAGTAACAGATCGATA-1,0.0058910986
CAGTAACCAGATCTGT-1,0.0038027947
CAGTAACCATCACGAT-1,0.0064434963
CAGTCCTAGATCACGG-1,0.00685883
CAGTCCTAGGGAAACA-1,0.009307849
CAGTCCTAGTATGACA-1,0.0069920183
CAGTCCTCAAGGCTCC-1,0.007271887
CAGTCCTGTAGCTCCG-1,0.0051536886
CATATGGAGCTACCGC-1,0.006556732
CATATGGAGGCTCTTA-1,0.0071710073
CATATGGCAAAGCAAT-1,0.014492076
CATATGGCAACTTGAC-1,0.005223874
CATATGGCAATGGAGC-1,0.009190141
CATATGGCATGACGGA-1,0.025185786
CATATGGCATTACCTT-1,0.0037056103
CATATGGGTTCCTCCA-1,0.005812373
CATATGGTCACCGTAA-1,0.014913564
CATATTCAGCTGTCTA-1,0.0071325395
CATATTCAGGAGTCTG-1,0.0035664265
CATATTCGTAGATTAG-1,0.010122017
CATATTCGTTCTCATT-1,0.008572805
CATATTCTCAGTGTTG-1,0.008424408
CATCAAGAGAGGGCTT-1,0.005722148
CATCAAGAGGGATCTG-1,0.0046515907
CATCAAGGTCAGTGGA-1,0.00674674
CATCAAGGTGACCAAG-1,0.0073830625
CATCAAGGTTCAGTAC-1,0.0045457315
CATCAAGTCCTACAGA-1,0.0083464105
CATCAAGTCTGGTTCC-1,0.0041202246
CATCAGAAGCTTTGGT-1,0.0072657256
CATCAGAGTGATAAGT-1,0.007860874
CATCAGATCCTAGAAC-1,0.008170758
CATCAGATCTCAAACG-1,0.004919348
CATCCACAGAAACCTA-1,0.009004372
CATCCACAGAGTGACC-1,0.0065720137
CATCCACCATTCTTAC-1,0.007616006
CATCCACTCAGATAAG-1,0.0036891326
CATCCACTCCATGAAC-1,0.0051490944
CATCCACTCCGTTGTC-1,0.003459344
CATCGAAAGATCCCAT-1,0.009636453
CATCGAAAGGTAGCTG-1,0.010931333
CATCGAAAGTACTTGC-1,0.010199079
CATCGAAGTATCACCA-1,0.0036875252
CATCGAAGTCGACTAT-1,0.0059056645
CATCGAAGTCTCGTTC-1,0.0046540606
CATCGAAGTTCCATGA-1,0.009491324
CATCGAAGTTGCTCCT-1,0.016045945
CATCGAATCAATACCG-1,0.006755355
CATCGAATCAGTTAGC-1,0.0072428156
CATCGAATCATCTGCC-1,0.0057402835
CATCGGGCAACTGCGC-1,0.009917314
CATCGGGGTGTTTGTG-1,0.007386253
CATGACAAGTCGTTTG-1,0.008610787
CATGACACAGCGTCCA-1,0.0048342454
CATGACACATGTTGAC-1,0.0045195813
CATGACAGTAGCGCTC-1,0.012705485
CATGACAGTCAACTGT-1,0.0040926407
CATGACAGTCAGGACA-1,0.0045921807
CATGCCTCACAACTGT-1,0.008454391
CATGCCTCAGTCACTA-1,0.0077218916
CATGCCTGTGCCTGCA-1,0.0057112216
CATGGCGAGAATCTCC-1,0.0076468657
CATGGCGCAGACAGGT-1,0.0077520385
CATGGCGGTAGGACAC-1,0.008897836
CATGGCGGTCGTCTTC-1,0.0051900577
CATGGCGGTCGTGGCT-1,0.00635532
CATGGCGGTGCGATAG-1,0.008628566
CATGGCGGTTTGGCGC-1,0.0040701986
CATGGCGTCAAACCAC-1,0.0067383684
CATTATCCACCAGATT-1,0.005683368
CATTATCTCTTAGAGC-1,0.007715297
CATTCGCCACTTAACG-1,0.005350262
CATTCGCCAGCGATCC-1,0.0043691914
CATTCGCGTTATGCGT-1,0.0046705725
CATTCGCTCGACCAGC-1,0.009570954
CATTCGCTCTCAAACG-1,0.003930105
CCAATCCAGTCCAGGA-1,0.00664988
CCAATCCCAGGCTCAC-1,0.0039585517
CCAATCCCATTGGGCC-1,0.006818982
CCAATCCTCTGGCGAC-1,0.0052884654
CCACCTACACGACGAA-1,0.008549129
CCACCTACAGGGTACA-1,0.008384433
CCACCTAGTAATCGTC-1,0.008070953
CCACCTAGTTGGTGGA-1,0.0063596372
CCACCTATCTCTAGGA-1,0.0052145296
CCACGGAAGCAGGTCA-1,0.0075564985
CCACGGAAGGATATAC-1,0.0046356395
CCACGGAAGGCAGGTT-1,0.0070274975
CCACGGAAGTCCCACG-1,0.015980633
CCACGGACATCCTAGA-1,0.0063002836
CCACGGAGTGAGTGAC-1,0.0083738975
CCACGGATCACTCCTG-1,0.0058469307
CCACGGATCCAAGTAC-1,0.0053033787
CCACGGATCCGATATG-1,0.0055197966
CCACTACGTAAACGCG-1,0.0074823797
CCACTACGTGATGTGG-1,0.005749997
CCACTACGTTGCCTCT-1,0.013167902
CCACTACTCTATCCCG-1,0.011263041
CCACTACTCTGGTTCC-1,0.009908733
CCAGCGAGTAGCACGA-1,0.006659958
CCAGCGATCCGCATCT-1,0.007714636
CCAGCGATCTAGAGTC-1,0.0048197694
CCATGTCCAAACTGTC-1,0.00538216
CCATGTCCAAAGGCGT-1,0.008217495
CCATGTCCAATGAAAC-1,0.008935936
CCATGTCCAATGAATG-1,0.005765183
CCATGTCGTACGACCC-1,0.0048607863
CCATGTCGTAGTAGTA-1,0.004781248
CCATGTCGTCAACTGT-1,0.018808916
CCATGTCTCACGACTA-1,0.006318504
CCATTCGAGGAGTAGA-1,0.0053609996
CCATTCGAGTCTCAAC-1,0.011544363
CCCAATCGTAGGAGTC-1,0.0074186455
CCCAATCGTCGATTGT-1,0.0059173796
CCCAATCGTCTTCGTC-1,0.004356809
CCCAATCTCCCTTGCA-1,0.0056838435
CCCAGTTAGCTGCAAG-1,0.0065549826
CCCAGTTAGCTGCCCA-1,0.0069652833
CCCAGTTCACATCTTT-1,0.0041285283
CCCAGTTGTTTACTCT-1,0.005491774
CCCAGTTTCAAAGTAG-1,0.011075427
CCCAGTTTCGCCTGAG-1,0.011880336
CCCAGTTTCTTCATGT-1,0.0059308927
CCCTCCTAGACAAAGG-1,0.006593145
CCCTCCTAGTTGAGAT-1,0.006993038
CCCTCCTCAGTCAGCC-1,0.008307767
CCCTCCTGTCATCGGC-1,0.00572052
CCCTCCTTCGTCACGG-1,0.0076334667
CCGGGATAGCAGGTCA-1,0.0072701653
CCGGGATGTCAGAAGC-1,0.012296115
CCGGGATTCAAAGTAG-1,0.005000123
CCGGTAGAGGCTCTTA-1,0.003680597
CCGGTAGAGTATCTCG-1,0.0070548365
CCGGTAGAGTGGGTTG-1,0.005223087
CCGGTAGCACCGATAT-1,0.00834775
CCGGTAGCAGTAACGG-1,0.009600224
CCGGTAGCATCCAACA-1,0.0059293644
CCGGTAGGTGGCAAAC-1,0.008319136
CCGGTAGTCACTGGGC-1,0.012029632
CCGTACTAGAAGATTC-1,0.006554513
CCGTACTGTCTCTCGT-1,0.0079309475
CCGTGGAGTAATTGGA-1,0.0071092187
CCGTGGAGTCAACTGT-1,0.013617661
CCGTGGAGTGATGTGG-1,0.011913799
CCGTGGATCGGTGTTA-1,0.010204846
CCGTGGATCTCGTTTA-1,0.0062310603
CCGTTCAAGCGATCCC-1,0.011470635
CCGTTCAAGCTAACTC-1,0.0088484045
CCGTTCAAGGGATGGG-1,0.008734352
CCGTTCAAGTCGAGTG-1,0.006817627
CCGTTCAGTGATAAGT-1,0.009791814
CCTAAAGAGAAACCTA-1,0.0074431985
CCTAAAGAGCACGCCT-1,0.0051298547
CCTAAAGCACAGACAG-1,0.008182116
CCTAAAGTCAGTCCCT-1,0.0050636916
CCTACACAGGTGCAAC-1,0.0067999177
CCTACACAGTTAAGTG-1,0.0067635933
CCTACACCACAGGAGT-1,0.003983849
CCTACACCACCTCGGA-1,0.007746379
CCTACACGTCTTGCGG-1,0.007273202
CCTACACTCCACTGGG-1,0.0052099004
CCTACCAAGTATTGGA-1,0.0083502345
CCTACCACACAACGTT-1,0.003921301
CCTACCACAGCCTTTC-1,0.0073527205
CCTACCAGTGAGGGTT-1,0.005046997
CCTACCATCCGCGCAA-1,0.0064104223
CCTAGCTAGCGCCTTG-1,0.0038656078
CCTAGCTAGGTAGCTG-1,0.006647969
CCTAGCTCATACGCCG-1,0.021488516
CCTAGCTGTCTAGAGG-1,0.007025984
CCTAGCTTCAGTCAGT-1,0.0073368195
CCTATTACACCGAAAG-1,0.00326043
CCTATTACAGCGTTCG-1,0.0050972765
CCTATTAGTTACCAGT-1,0.005533486
CCTATTATCCACGTGG-1,0.0086817155
CCTATTATCTAACTCT-1,0.00492255
CCTATTATCTTGCATT-1,0.0074097738
CCTCAGTAGCAGATCG-1,0.008759306
CCTCTGAAGGCCCTCA-1,0.0036397546
CCTCTGAAGGGTTCCC-1,0.005339562
CCTCTGACAAAGGAAG-1,0.006598621
CCTCTGACAATAACGA-1,0.0068793735
CCTCTGACAGGACGTA-1,0.007823189
CCTCTGATCACGGTTA-1,0.006788933
CCTTACGCAAGTCATC-1,0.0065374444
CCTTACGCACCGATAT-1,0.0045623947
CCTTACGGTCAAACTC-1,0.009373857
CCTTACGTCAACACTG-1,0.0046117003
CCTTACGTCATGCATG-1,0.0049780756
CCTTCCCCAAGCTGTT-1,0.016339207
CCTTCCCCAATAGAGT-1,0.0050633117
CCTTCCCCACGCATCG-1,0.006814232
CCTTCCCCATTTGCTT-1,0.009816435
CCTTCCCGTTGTTTGG-1,0.0052813822
CCTTCCCTCTACTTAC-1,0.008244823
CCTTCGAAGATCCCAT-1,0.0044986582
CCTTCGACACATCCAA-1,0.0064529725
CCTTCGACACCTATCC-1,0.0076515567
CCTTCGAGTAGCTGCC-1,0.010244484
CCTTCGAGTCTGATCA-1,0.007942801
CCTTCGAGTGAGTATA-1,0.0032630754
CCTTCGATCACTTACT-1,0.005823753
CCTTCGATCTTGAGAC-1,0.005235645
CCTTTCTAGGCCCGTT-1,0.006897203
CCTTTCTCAAGCGAGT-1,0.004209622
CCTTTCTGTGATGCCC-1,0.0054184864
CCTTTCTTCAGTGCAT-1,0.0045044133
CGAACATAGAAGATTC-1,0.0033234155
CGAACATAGAAGGACA-1,0.0039108605
CGAACATAGCCAACAG-1,0.003423542
CGAACATAGGAATCGC-1,0.0056584026
CGAACATCAAATTGCC-1,0.02857452
CGAACATCAATAACGA-1,0.0040732743
CGAACATGTCCAACTA-1,0.004528907
CGAACATGTTATCACG-1,0.0078014694
CGAACATTCATGCAAC-1,0.0037223138
CGAACATTCCCAAGTA-1,0.0060403324
CGAACATTCCGCATAA-1,0.004471253
CGAACATTCGATCCCT-1,0.008449174
CGAATGTAGAGTAATC-1,0.018686533
CGAATGTAGTCATGCT-1,0.007228755
CGAATGTCAATGGAAT-1,0.0046363133
CGAATGTCACCTTGTC-1,0.009080641
CGAATGTCATATGAGA-1,0.005831787
CGAATGTGTTGCTCCT-1,0.005921979
CGAATGTTCATCATTC-1,0.004546732
CGAATGTTCTCTGAGA-1,0.009429172
CGAATGTTCTGCGGCA-1,0.0074228942
CGACCTTGTAATCGTC-1,0.008570953
CGACCTTGTCGAATCT-1,0.004385693
CGACCTTGTCTCCCTA-1,0.0033348266
CGACCTTTCCGTCAAA-1,0.008354116
CGACCTTTCGCAAGCC-1,0.0043761767
CGACCTTTCGCTGATA-1,0.0045016804
CGACTTCAGATGCCAG-1,0.016273009
CGACTTCCAACGATCT-1,0.0065151136
CGACTTCCACGCGAAA-1,0.009393066
CGACTTCCATTTCAGG-1,0.008308871
CGACTTCGTTCCATGA-1,0.009342024
CGACTTCTCGTGGGAA-1,0.015676403
CGAGAAGCACACTGCG-1,0.0063458355
CGAGAAGGTTACTGAC-1,0.0055125915
CGAGAAGTCCTAGGGC-1,0.007885013
CGAGAAGTCTCTGCTG-1,0.010056078
CGAGCACAGAACTGTA-1,0.008627585
CGAGCACAGCAGACTG-1,0.0065814625
CGAGCACAGGAATTAC-1,0.0038256592
CGAGCACAGGTGCTAG-1,0.006468763
CGAGCACGTCATATCG-1,0.0048084636
CGAGCACGTCTCACCT-1,0.013279087
CGAGCACGTCTTGATG-1,0.0036909399
CGAGCACGTTAGGGTG-1,0.008140322
CGAGCACTCGGAGCAA-1,0.007046255
CGAGCACTCTAACTTC-1,0.0072132577
CGAGCACTCTGCTGCT-1,0.0068972628
CGAGCCAAGTTGAGTA-1,0.0053581097
CGAGCCACAACAACCT-1,0.009571207
CGAGCCACATTAGGCT-1,0.0048740194
CGAGCCATCACCGGGT-1,0.0076032076
CGATCGGCAGCTCGCA-1,0.007961939
CGATCGGGTAAGGGCT-1,0.008257465
CGATCGGGTCCGTCAG-1,0.004768909
CGATCGGTCAAGGTAA-1,0.006379489
CGATCGGTCGTCCAGG-1,0.0060936837
CGATGGCAGCTACCGC-1,0.011660364
CGATGTACACGTTGGC-1,0.0041761324
CGATGTACAGCCTTTC-1,0.005163808
CGATGTAGTGGTGTAG-1,0.01538657
CGATGTATCACCAGGC-1,0.006104528
CGATTGAAGCAATATG-1,0.006100355
CGATTGAAGCGATATA-1,0.0056346427
CGATTGAAGCGATGAC-1,0.007183839
CGATTGAAGTACATGA-1,0.0046578688
CGATTGACAAGGACAC-1,0.0067768153
CGATTGAGTACTTGAC-1,0.0045457375
CGCCAAGCATGCAACT-1,0.010552304
CGCCAAGGTCATATGC-1,0.00537537
CGCCAAGGTCGTGGCT-1,0.006782748
CGCCAAGGTGCTGTAT-1,0.008464594
CGCCAAGTCTGTCTAT-1,0.0046332297
CGCGGTAAGCGTAGTG-1,0.004536934
CGCGGTAAGGTGCTAG-1,0.0074762227
CGCGGTACAGCTCGAC-1,0.0045766016
CGCGGTACAGGGTATG-1,0.005218748
CGCGGTAGTAGATTAG-1,0.0044716094
CGCGGTAGTTCGGCAC-1,0.004860956
CGCGGTATCAGATAAG-1,0.004768494
CGCGGTATCGGCGCTA-1,0.0060254647
CGCGTTTAGAGCTGGT-1,0.00790253
CGCGTTTCACGGTTTA-1,0.008248043
CGCGTTTGTGGCGAAT-1,0.012903496
CGCGTTTTCAACACTG-1,0.0046451935
CGCGTTTTCCTTTACA-1,0.004316452
CGCGTTTTCTTGAGGT-1,0.005412823
CGCTATCAGACTCGGA-1,0.012738573
CGCTATCAGAGGTTAT-1,0.008039808
CGCTATCCACCTCGTT-1,0.006971597
CGCTATCGTGTGTGCC-1,0.005990102
CGCTATCGTTCGTGAT-1,0.004553988
CGCTATCTCACTGGGC-1,0.0058866977
CGCTATCTCCGCATAA-1,0.008526492
CGCTATCTCGGTGTCG-1,0.0072395704
CGCTATCTCTATGTGG-1,0.01784551
CGCTGGAAGTACGACG-1,0.008233722
CGCTGGACATCCGCGA-1,0.006869607
CGCTGGAGTCCATCCT-1,0.009237246
CGCTGGAGTCGCGGTT-1,0.007817856
CGCTTCAAGGGTCGAT-1,0.004149847
CGCTTCACACGAAACG-1,0.0072104353
CGCTTCACACGAAAGC-1,0.0046362104
CGCTTCATCCGGGTGT-1,0.008704149
CGGACACAGAAGATTC-1,0.0031929908
CGGACACAGGATCGCA-1,0.0069547826
CGGACACAGGCTAGCA-1,0.006739287
CGGACACGTCGGCTCA-1,0.008768493
CGGACACGTGGTACAG-1,0.005037697
CGGACGTAGACTGGGT-1,0.0067471163
CGGACGTAGATCCCGC-1,0.006840266
CGGACGTAGTGGAGTC-1,0.0064028893
CGGACGTGTACTCGCG-1,0.0051231314
CGGACTGTCACAGGCC-1,0.008193919
CGGACTGTCCTTTCGG-1,0.0075977272
CGGACTGTCGTATCAG-1,0.01122816
CGGACTGTCGTTTATC-1,0.008038445
CGGAGCTCAAGACACG-1,0.010086582
CGGAGCTCAAGTTCTG-1,0.007518675
CGGAGTCGTTGATTGC-1,0.0055940794
CGGAGTCTCCGAATGT-1,0.0052994336
CGGCTAGAGAGTAAGG-1,0.005373841
CGGCTAGAGCAGATCG-1,0.005318382
CGGCTAGAGTTAGCGG-1,0.006954344
CGGCTAGCAATGGATA-1,0.008529881
CGGCTAGGTAAATACG-1,0.0050410875
CGGCTAGTCGGCTACG-1,0.005447176
CGGGTCAAGCTGAACG-1,0.010786978
CGGGTCACAGGAATCG-1,0.0035517528
CGGGTCAGTAAACCTC-1,0.008201774
CGGGTCATCTTACCTA-1,0.00744913
CGGTTAAAGGATGCGT-1,0.006254302
CGGTTAATCAGTCAGT-1,0.007947839
CGGTTAATCGCATGGC-1,0.0071271197
CGGTTAATCTATCCTA-1,0.0079506785
CGTAGCGCAGGGATTG-1,0.0075968425
CGTAGCGTCTGACCTC-1,0.008468908
CGTAGGCAGATAGTCA-1,0.009016733
CGTAGGCCACCGGAAA-1,0.0194996
CGTAGGCCAGCTGGCT-1,0.012523889
CGTAGGCGTAACGCGA-1,0.007489252
CGTAGGCGTAGAGTGC-1,0.008468699
CGTAGGCGTTACGTCA-1,0.0050821607
CGTAGGCTCATTGCCC-1,0.008362025
CGTCACTAGAGACTAT-1,0.0057165623
CGTCACTAGGATGTAT-1,0.00890178
CGTCACTGTCCTCTTG-1,0.003687442
CGTCACTTCCAGATCA-1,0.004777648
CGTCACTTCCGTAGTA-1,0.0058103725
CGTCAGGCAAGAAGAG-1,0.014543826
CGTCAGGGTGTCTGAT-1,0.0051352866
CGTCCATAGCTAACTC-1,0.0077462774
CGTCCATAGCTAAGAT-1,0.004850919
CGTCCATAGGACATTA-1,0.010368884
CGTCCATCACGCCAGT-1,0.0046827947
CGTCCATTCTCGCATC-1,0.007734166
CGTCTACAGTGAACAT-1,0.0054783993
CGTCTACCACAACGTT-1,0.0049981186
CGTCTACGTCTTGATG-1,0.0069777006
CGTGAGCCAAGCTGAG-1,0.00617021
CGTGAGCCAAGTTGTC-1,0.008701426
CGTGAGCCATCGGAAG-1,0.0059256577
CGTGAGCGTACAGTGG-1,0.008808135
CGTGAGCGTGCACTTA-1,0.005930373
CGTGAGCTCGCACTCT-1,0.00792267
CGTGTAAAGGGTTTCT-1,0.0059248796
CGTGTAAAGTCCGTAT-1,0.014893819
CGTGTAAGTAGCTTGT-1,0.006129724
CGTGTAAGTATGAATG-1,0.004582968
CGTGTAATCACTTATC-1,0.004076708
CGTGTCTCAAAGTGCG-1,0.011075017
CGTGTCTCAGGCTGAA-1,0.0043908777
CGTGTCTGTTCGTCTC-1,0.008613351
CGTGTCTTCCTATGTT-1,0.008765984
CGTGTCTTCTGGCGAC-1,0.007533415
CGTTAGACACGGATAG-1,0.006556498
CGTTAGAGTCTAGCCG-1,0.029889578
CGTTAGATCTACGAGT-1,0.0069716293
CGTTCTGAGAAGGTGA-1,0.007257144
CGTTCTGCAGTATGCT-1,0.0041408655
CGTTCTGGTTGCGTTA-1,0.018025108
CGTTCTGGTTTGACAC-1,0.0067308317
CGTTGGGCAAAGTCAA-1,0.0070170495
CGTTGGGCATCGATTG-1,0.0047911685
CGTTGGGTCTACCAGA-1,0.008362684
CTAACTTAGAAACCAT-1,0.008364382
CTAACTTAGCCACCTG-1,0.004852531
CTAACTTAGCTAGTTC-1,0.0047854106
CTAACTTAGGCTATCT-1,0.0033020074
CTAACTTAGGTACTCT-1,0.008044789
CTAACTTAGTGGACGT-1,0.0063676415
CTAACTTCAGCTGTAT-1,0.00877131
CTAACTTTCATGTGGT-1,0.007891755
CTAAGACAGAGTGAGA-1,0.004406888
CTAAGACAGCTGCGAA-1,0.004785817
CTAAGACAGGGATCTG-1,0.004455096
CTAAGACAGTGAAGTT-1,0.004965358
CTAAGACAGTTAAGTG-1,0.00951586
CTAAGACGTAGGGTAC-1,0.0044283033
CTAAGACGTGGTGTAG-1,0.007183231
CTAAGACTCCGTTGCT-1,0.0033913404
CTAATGGCACCTCGGA-1,0.004509035
CTAATGGCACGAGGTA-1,0.005491618
CTAATGGCACTTAAGC-1,0.0060676318
CTAATGGCAGGATTGG-1,0.01332485
CTAATGGCATGAGCGA-1,0.0056063347
CTAATGGCATTTGCCC-1,0.006321595
CTAATGGGTAGAGCTG-1,0.009726502
CTACACCCACATCCGG-1,0.0071131364
CTACACCGTCCCTTGT-1,0.0054227468
CTACACCTCAGAAATG-1,0.0047904258
CTACACCTCGCCAGCA-1,0.01458734
CTACACCTCTGACCTC-1,0.005854264
CTACATTAGGGCATGT-1,0.0049292212
CTACATTCACCTCGTT-1,0.0040526614
CTACATTCAGGCAGTA-1,0.004182493
CTACATTGTAGCGATG-1,0.0056891344
CTACATTGTTCCAACA-1,0.0089540975
CTACATTGTTTCGCTC-1,0.007638005
CTACCCATCCGCGGTA-1,0.0076835263
CTACGTCCATCACGAT-1,0.004961148
CTAGAGTAGCCCAACC-1,0.006331634
CTAGAGTAGCGCTTAT-1,0.0089834025
CTAGAGTCAAGCTGGA-1,0.012284919
CTAGAGTCAATTCCTT-1,0.019774018
CTAGAGTCATCACCCT-1,0.008412712
CTAGAGTGTCCTGCTT-1,0.005968296
CTAGAGTTCGCGATCG-1,0.0075776526
CTAGCCTAGGTGATTA-1,0.009166756
CTAGCCTGTATCAGTC-1,0.0075339098
CTAGCCTTCAATACCG-1,0.00589275
CTAGCCTTCGAGCCCA-1,0.006188295
CTAGTGAAGAGAACAG-1,0.005975301
CTAGTGAGTGCGAAAC-1,0.004591735
CTAGTGATCACAGGCC-1,0.004093148
CTAGTGATCATGGTCA-1,0.006349277
CTAGTGATCGCGTTTC-1,0.0074642776
CTCACACAGGAATCGC-1,0.007756613
CTCACACAGTACGCGA-1,0.009029735
CTCACACCACGAAAGC-1,0.008925158
CTCACACCATCGACGC-1,0.010633454
CTCACACGTCCAGTGC-1,0.0041229846
CTCACACGTCTAGTCA-1,0.00891432
CTCACACGTGTTCTTT-1,0.0064136772
CTCACACTCAGAGGTG-1,0.004996773
CTCACACTCATCGCTC-1,0.006527027
CTCACACTCCACGAAT-1,0.0038735336
CTCACACTCTGCTGTC-1,0.004397102
CTCAGAAAGAAACGCC-1,0.008002479
CTCAGAAAGAAGATTC-1,0.0051391553
CTCAGAAAGCCAGTTT-1,0.011016542
CTCAGAAGTACCGAGA-1,0.0052752476
CTCAGAAGTCTCACCT-1,0.0044709467
CTCAGAAGTGCCTGGT-1,0.014466848
CTCAGAAGTTAAGACA-1,0.01576622
CTCAGAATCATGTCTT-1,0.013361706
CTCAGAATCGCGCCAA-1,0.002903839
CTCATTAAGATCGGGT-1,0.0075714784
CTCATTACAATGGAGC-1,0.019029893
CTCATTACATTTGCTT-1,0.008802681
CTCATTAGTAGCGTAG-1,0.0057199444
CTCATTAGTCTCTCGT-1,0.0039112656
CTCATTAGTGCTCTTC-1,0.009577641
CTCATTAGTTACCAGT-1,0.008798291
CTCCTAGAGAAGCCCA-1,0.012198924
CTCCTAGCACATTAGC-1,0.007084382
CTCCTAGCATCGGTTA-1,0.0087871915
CTCCTAGGTACTTGAC-1,0.003383316
CTCCTAGGTAGTAGTA-1,0.004598196
CTCCTAGTCCGAAGAG-1,0.007882508
CTCCTAGTCTCACATT-1,0.0065650684
CTCGAAAGTACAGTGG-1,0.004834908
CTCGAAAGTGCCTGTG-1,0.008593976
CTCGAAAGTTGGTTTG-1,0.003844501
CTCGAAATCACAACGT-1,0.007082306
CTCGAAATCCAGATCA-1,0.005047762
CTCGAGGAGATCTGCT-1,0.008453862
CTCGAGGAGGGAAACA-1,0.005878436
CTCGAGGAGGTGCACA-1,0.005031615
CTCGAGGCAGCTGGCT-1,0.004338625
CTCGAGGGTAGGGACT-1,0.008940527
CTCGGAGAGGACAGAA-1,0.0063494947
CTCGGAGAGTAATCCC-1,0.004635873
CTCGGAGCATCCGCGA-1,0.0067733456
CTCGGGAAGAAAGTGG-1,0.009639029
CTCGGGACACATCCAA-1,0.0101248035
CTCGGGACACGTGAGA-1,0.009537911
CTCGGGACAGCTTCGG-1,0.0086370455
CTCGGGATCTCTGAGA-1,0.0040018684
CTCGTACAGCAATATG-1,0.0081992
CTCGTACAGCTGCCCA-1,0.00745322
CTCGTACAGTTATCGC-1,0.016911998
CTCGTACCACACTGCG-1,0.009662759
CTCGTACCAGGTCCAC-1,0.011952179
CTCGTACTCACTCCTG-1,0.009059966
CTCGTCAAGGAGTTTA-1,0.012952662
CTCGTCAAGTGAAGTT-1,0.004541448
CTCGTCACAATACGCT-1,0.0041464907
CTCGTCACACGGACAA-1,0.0059059886
CTCGTCACAGTCGATT-1,0.0065039843
CTCGTCAGTAAGTAGT-1,0.012029471
CTCGTCAGTATTCTCT-1,0.0047486452
CTCGTCAGTCAGAAGC-1,0.011435114
CTCGTCATCAACGGCC-1,0.009061009
CTCGTCATCTACTATC-1,0.008672043
CTCTAATAGAAGGTTT-1,0.010634096
CTCTAATTCCAGTATG-1,0.015299739
CTCTACGAGATATGGT-1,0.00523479
CTCTACGAGCTACCTA-1,0.004681981
CTCTACGCAGATGGCA-1,0.008674696
CTCTACGGTTGAGGTG-1,0.005286875
CTCTACGGTTGCGTTA-1,0.008581454
CTCTGGTAGCATCATC-1,0.005080399
CTCTGGTGTAGATTAG-1,0.004352756
CTCTGGTGTCTGATTG-1,0.005194343
CTCTGGTGTTAGGGTG-1,0.015296864
CTCTGGTTCAGCAACT-1,0.008736589
CTCTGGTTCCCAACGG-1,0.0073887473
CTGAAACAGGAGTCTG-1,0.010229127
CTGAAACCAATCTACG-1,0.0069038537
CTGAAACCACACCGCA-1,0.0060119596
CTGAAACCATCCGTGG-1,0.009802255
CTGAAACTCCTGCTTG-1,0.0049294867
CTGAAACTCGAGAACG-1,0.0068525895
CTGAAGTCAAATTGCC-1,0.003839744
CTGAAGTGTAGGCATG-1,0.012280953
CTGAAGTGTTTCCACC-1,0.012116809
CTGAAGTTCACCTCGT-1,0.0063905013
CTGATAGAGGTGCTAG-1,0.0054026563
CTGATAGGTAGAGGAA-1,0.008646255
CTGATAGGTTGCTCCT-1,0.0038147818
CTGATCCAGCCTATGT-1,0.004774069
CTGATCCAGGGCTCTC-1,0.005669607
CTGATCCAGTGAAGAG-1,0.0045401305
CTGATCCTCTGTACGA-1,0.008586386
CTGCCTAAGACTGTAA-1,0.0051502693
CTGCCTAAGGTAGCTG-1,0.0053786202
CTGCCTACAAGACGTG-1,0.007729351
CTGCCTACAGTCGATT-1,0.008153
CTGCCTAGTCATATCG-1,0.0066425526
CTGCCTAGTGAGGCTA-1,0.0070646694
CTGCCTAGTGAGTATA-1,0.007815668
CTGCCTATCCCTTGTG-1,0.0036153644
CTGCGGAAGAAACGAG-1,0.00830505
CTGCGGACACGAAACG-1,0.015920402
CTGCGGACACTTAACG-1,0.0057275374
CTGCGGACATCCGCGA-1,0.009333191
CTGCGGAGTCAATGTC-1,0.0064272364
CTGCGGAGTCCCGACA-1,0.0043449295
CTGCGGAGTTATCACG-1,0.009207958
CTGCGGATCGACAGCC-1,0.004831852
CTGCTGTAGGGAGTAA-1,0.0065414575
CTGCTGTCAAACTGTC-1,0.0035491458
CTGCTGTCAGGTGCCT-1,0.01034708
CTGCTGTCATCCCACT-1,0.006213635
CTGCTGTGTCGCTTTC-1,0.004993016
CTGCTGTTCAAAGACA-1,0.006826351
CTGCTGTTCCCTTGCA-1,0.0070569706
CTGCTGTTCCGTCATC-1,0.0063728327
CTGGTCTGTGTAATGA-1,0.004464298
CTGGTCTGTTAAGACA-1,0.008853416
CTGGTCTTCCGTCAAA-1,0.0076845577
CTGGTCTTCCTTAATC-1,0.003493001
CTGTGCTAGGGATCTG-1,0.0040674875
CTGTGCTAGGTACTCT-1,0.0045233825
CTGTGCTCATAGAAAC-1,0.0072803358
CTGTGCTGTAGCGTAG-1,0.004744006
CTGTGCTTCCTAGAAC-1,0.006011821
CTGTTTAAGGTCATCT-1,0.008352402
CTGTTTACAATCTGCA-1,0.0063417144
CTGTTTATCCCATTAT-1,0.005855058
CTGTTTATCCTTGACC-1,0.0036143283
CTTAACTAGTGTACCT-1,0.00715057
CTTAACTTCATAAAGG-1,0.010515586
CTTACCGAGAGTTGGC-1,0.007368798
CTTACCGAGGTAAACT-1,0.0089540025
CTTACCGAGTGTCCAT-1,0.008757916
CTTACCGCAAGGACTG-1,0.006331322
CTTACCGCATCACAAC-1,0.006567622
CTTACCGGTTTGTTTC-1,0.0043198625
CTTAGGACACAAGCCC-1,0.0070781885
CTTAGGACACTAGTAC-1,0.0045375237
CTTAGGAGTCTCTTAT-1,0.009147004
CTTAGGATCTGTACGA-1,0.007561683
CTTCTCTAGACTGTAA-1,0.009411848
CTTCTCTAGATGTTAG-1,0.0041594203
CTTCTCTCAGTCAGCC-1,0.0073559643
CTTCTCTGTTCGTTGA-1,0.005223088
CTTCTCTGTTTGACAC-1,0.0065541966
CTTCTCTTCCAGAAGG-1,0.0045803627
CTTGGCTAGTTAGCGG-1,0.006235756
CTTGGCTGTACTTAGC-1,0.0062990556
CTTGGCTGTGTCGCTG-1,0.0046104253
CTTTGCGAGTACGACG-1,0.009786185
CTTTGCGCAATAAGCA-1,0.0059899343
CTTTGCGGTCTCTCTG-1,0.0059110653
GAAACTCAGCTAACAA-1,0.008967035
GAAACTCAGCTAGTCT-1,0.0036739933
GAAACTCAGCTCCCAG-1,0.0044188728
GAAACTCAGGCTAGAC-1,0.0038613076
GAAACTCAGTACGTTC-1,0.0041000727
GAAACTCAGTGTTGAA-1,0.0039216136
GAAACTCCAATGGAGC-1,0.011016858
GAAACTCCAGGCGATA-1,0.0033706035
GAAACTCCATCTACGA-1,0.010306406
GAAACTCGTAGCCTCG-1,0.0051595448
GAAACTCGTGCTGTAT-1,0.0060426835
GAAACTCTCAGTTCGA-1,0.0054272953
GAAATGAAGGACCACA-1,0.0046864552
GAAATGAAGTGTCCAT-1,0.005685825
GAAATGAAGTTGTAGA-1,0.01283354
GAAATGAGTCCTAGCG-1,0.0054083755
GAAATGATCGCCGTGA-1,0.008063367
GAAATGATCTTACCGC-1,0.0069492836
GAACATCAGTATCGAA-1,0.0026411237
GAACATCCAAAGGCGT-1,0.004465676
GAACATCCAAATACAG-1,0.004652506
GAACATCCAGGGTTAG-1,0.0054096123
GAACATCGTAGGCATG-1,0.005495358
GAACCTAAGTCCATAC-1,0.005418703
GAACCTAAGTTAGGTA-1,0.007275684
GAACCTACAAGCCTAT-1,0.0041832644
GAACCTAGTGCACGAA-1,0.008217025
GAACCTATCGCCAAAT-1,0.005518098
GAACCTATCGGCTACG-1,0.00704019
GAACCTATCTGACCTC-1,0.0067778225
GAACCTATCTTACCGC-1,0.0091407895
GAACGGACAGACAAAT-1,0.005601699
GAACGGAGTGTGACCC-1,0.0069343443
GAACGGAGTGTGGTTT-1,0.004859269
GAACGGAGTTTGGGCC-1,0.006457163
GAACGGATCAACCATG-1,0.00442521
GAACGGATCACTTATC-1,0.009751045
GAAGCAGAGGCTAGAC-1,0.0050425353
GAAGCAGAGTCAAGGC-1,0.0075523173
GAAGCAGCAGCTCGCA-1,0.008216502
GAAGCAGGTATCACCA-1,0.00818831
GAAGCAGTCAGATAAG-1,0.007985704
GAAGCAGTCTATCCCG-1,0.0048054224
GAATAAGAGAACTGTA-1,0.006562717
GAATAAGAGTTAGGTA-1,0.007026433
GAATAAGTCACAGGCC-1,0.005698215
GAATAAGTCCTGCTTG-1,0.003320805
GAATGAAAGCAATATG-1,0.007626407
GAATGAACACGGCCAT-1,0.008687182
GAATGAACAGCTTCGG-1,0.0083192205
GAATGAACATAAAGGT-1,0.0062960414
GAATGAACATACAGCT-1,0.011087698
GACACGCCAGACACTT-1,0.007875923
GACACGCCATCGACGC-1,0.00548035
GACACGCGTTAAGGGC-1,0.0072127203
GACACGCTCCCATTTA-1,0.011062757
GACACGCTCTCATTCA-1,0.0054098167
GACACGCTCTTTACGT-1,0.0033364359
GACAGAGGTTAAGACA-1,0.017681267
GACAGAGTCACATAGC-1,0.0043087453
GACAGAGTCAGCATGT-1,0.008898147
GACAGAGTCGGAGCAA-1,0.007238687
GACCAATAGCGTTTAC-1,0.0046781716
GACCAATAGTCAATAG-1,0.0077979155
GACCAATGTACAAGTA-1,0.00594605
GACCAATTCTGGTGTA-1,0.0043582963
GACCTGGAGCTTTGGT-1,0.0050264876
GACCTGGCAAAGGTGC-1,0.010933463
GACCTGGCAGGGAGAG-1,0.0053390586
GACCTGGGTGTGAATA-1,0.005007292
GACGCGTAGAATGTGT-1,0.0053303954
GACGCGTCAACGCACC-1,0.0035274068
GACGCGTCAAGTCATC-1,0.004996808
GACGCGTGTGGTCCGT-1,0.015646795
GACGCGTTCCTAAGTG-1,0.0049874773
GACGGCTAGTTTCCTT-1,0.0070184385
GACGGCTGTCGACTAT-1,0.0027898673
GACGGCTTCACAGGCC-1,0.009835403
GACGGCTTCCCAAGTA-1,0.011082034
GACGGCTTCGGTGTCG-1,0.023332221
GACGTGCAGAGAGCTC-1,0.004171333
GACGTGCAGAGATGAG-1,0.012232319
GACGTGCCAGCTCGAC-1,0.003943178
GACGTGCGTCTGCGGT-1,0.0054423823
GACGTGCTCAGCTCTC-1,0.0045042536
GACGTGCTCATCGATG-1,0.0064507816
GACGTGCTCCACTGGG-1,0.010412118
GACGTTAAGCCGCCTA-1,0.009014115
GACGTTAAGTAGCGGT-1,0.006399023
GACGTTAAGTCAATAG-1,0.006286715
GACGTTACAACACCTA-1,0.0062243356
GACGTTACAAGGTTCT-1,0.0055303634
GACGTTAGTAACGCGA-1,0.004650898
GACGTTATCCACGACG-1,0.0030725945
GACTAACAGAGCTGGT-1,0.004879982
GACTAACGTAAGCACG-1,0.006608319
GACTAACGTACGACCC-1,0.007303045
GACTAACTCCAAACTG-1,0.005799496
GACTACACATAAAGGT-1,0.013345952
GACTACAGTAACGTTC-1,0.010488539
GACTACAGTAGTAGTA-1,0.0049008573
GACTACATCATGCATG-1,0.006463186
GACTGCGAGCTGTTCA-1,0.0036677788
GACTGCGCACAGCCCA-1,0.0072961287
GACTGCGGTTGGTTTG-1,0.0037960801
GAGCAGAAGTTGAGTA-1,0.007486508
GAGCAGATCCTTTCTC-1,0.008029619
GAGCAGATCGCCAGCA-1,0.007103884
GAGGTGAAGAATGTGT-1,0.004261569
GAGGTGAAGAGTAAGG-1,0.0037149647
GAGGTGACACGCTTTC-1,0.007997949
GAGGTGATCACCCTCA-1,0.0046356698
GAGTCCGAGCCAGAAC-1,0.0041261963
GAGTCCGAGTACTTGC-1,0.0049130595
GAGTCCGGTATGAATG-1,0.009251294
GAGTCCGTCAGCTCTC-1,0.021830551
GAGTCCGTCCTTTCTC-1,0.0054606437
GAGTCCGTCGTTGACA-1,0.008367104
GATCAGTAGATGCCTT-1,0.0043103597
GATCAGTAGGAGTACC-1,0.008635232
GATCAGTCAAGGACTG-1,0.0053513683
GATCAGTCAAGTAGTA-1,0.0038216426
GATCAGTGTCGCATCG-1,0.0036506315
GATCAGTTCCAGATCA-1,0.014050787
GATCAGTTCGGCTTGG-1,0.005544038
GATCGATAGACAAAGG-1,0.005948778
GATCGATAGATGGGTC-1,0.009796319
GATCGATAGATGTGGC-1,0.009221973
GATCGCGCAAAGTGCG-1,0.0054309526
GATCGCGGTAAACCTC-1,0.0089628445
GATCGCGGTTCCGGCA-1,0.008456042
GATCGCGTCACTTACT-1,0.006452231
GATCGCGTCAGGCGAA-1,0.008303975
GATCGTAAGATATGGT-1,0.009123205
GATCGTAAGGCTATCT-1,0.003654194
GATCGTAAGTATCGAA-1,0.0029178183
GATCGTACATTCCTCG-1,0.0067766863
GATCGTAGTGAAATCA-1,0.0072049024
GATCTAGAGAGATGAG-1,0.004293191
GATCTAGAGAGGTTGC-1,0.005539472
GATCTAGAGGGCTTCC-1,0.004063736
GATCTAGCACGGTGTC-1,0.0066436543
GATCTAGGTAAATGTG-1,0.003666333
GATCTAGGTCGCTTCT-1,0.01186372
GATCTAGTCATTGCCC-1,0.0027064155
GATGAAAAGTATGACA-1,0.004183512
GATGAAACAAGAAAGG-1,0.018661361
GATGAAACACCCAGTG-1,0.0037602843
GATGAAACATTGTGCA-1,0.00403959
GATGAAATCGAATCCA-1,0.0036497104
GATGAGGAGAGACTTA-1,0.005538638
GATGAGGCAACGATGG-1,0.008646766
GATGAGGGTAAGTGTA-1,0.005264458
GATGAGGGTGAGCGAT-1,0.0044208285
GATGAGGTCCAGATCA-1,0.0042812177
GATGAGGTCGAGAACG-1,0.009761585
GATGCTAAGATCCTGT-1,0.006061399
GATGCTAAGTCATGCT-1,0.007214083
GATGCTACACAGCGTC-1,0.005744293
GATGCTACAGTTCCCT-1,0.003930278
GATGCTAGTCTCCATC-1,0.007133333
GATGCTAGTTCTGTTT-1,0.0055539343
GATTCAGGTTGATTCG-1,0.008166975
GATTCAGTCATGCATG-1,0.008036144
GATTCAGTCATGTCTT-1,0.0063332245
GCAAACTAGAGAGCTC-1,0.009661788
GCAAACTAGAGTGAGA-1,0.0086128125
GCAAACTCAAATCCGT-1,0.0077895257
GCAAACTCAAGCGTAG-1,0.007776299
GCAAACTCACGTAAGG-1,0.017094957
GCAAACTCATCCGTGG-1,0.0055126045
GCAAACTGTAATCGTC-1,0.005442626
GCAAACTGTGCGGTAA-1,0.003958382
GCAAACTTCCTAGTGA-1,0.009364429
GCAAACTTCTACCAGA-1,0.0053218477
GCAATCAGTAATCGTC-1,0.009229158
GCAATCAGTAGGGTAC-1,0.006443193
GCAATCATCAGCACAT-1,0.005088367
GCAATCATCCACGACG-1,0.022918839
GCAATCATCGTCTGAA-1,0.006964673
GCAATCATCGTTTGCC-1,0.0066361264
GCACATAAGACTACAA-1,0.00455018
GCACATAAGTTGCAGG-1,0.0037564442
GCACTCTAGGAGTCTG-1,0.008713007
GCACTCTAGGCATGTG-1,0.009617185
GCACTCTAGTGTACCT-1,0.006145446
GCACTCTCAAAGTGCG-1,0.0050723236
GCACTCTCAAGCCCAC-1,0.011652154
GCACTCTCAGCTGTAT-1,0.008287544
GCACTCTGTCATGCAT-1,0.006421667
GCACTCTTCCTATGTT-1,0.0069179973
GCAGCCAAGGTGCTTT-1,0.009836347
GCAGCCACACACTGCG-1,0.012233365
GCAGCCACAGTATGCT-1,0.006349075
GCAGCCACATTCGACA-1,0.004759233
GCAGCCAGTCAAACTC-1,0.00584128
GCAGCCATCAAACCGT-1,0.003101545
GCAGCCATCACCGTAA-1,0.015783772
GCAGCCATCATACGGT-1,0.008405682
GCAGTTAAGAAGCCCA-1,0.0062559796
GCAGTTAAGGTCATCT-1,0.013376505
GCAGTTAAGTCTTGCA-1,0.0071361917
GCAGTTACAAACAACA-1,0.006781712
GCATACAAGTGTTGAA-1,0.015930075
GCATACAAGTTACGGG-1,0.0069663743
GCATACATCACCATAG-1,0.007956308
GCATGATAGGCTCATT-1,0.0055848914
GCATGATAGGCTCTTA-1,0.005038894
GCATGATAGTTCGCAT-1,0.006571621
GCATGATCAGGACGTA-1,0.0065914295
GCATGATGTATCTGCA-1,0.007826447
GCATGATGTCTACCTC-1,0.003650103
GCATGATTCAACCATG-1,0.017112697
GCATGATTCCGCATAA-1,0.008024682
GCATGCGAGCCCGAAA-1,0.008315742
GCATGCGGTAGGAGTC-1,0.011738347
GCATGCGTCGCATGAT-1,0.008539544
GCATGCGTCGGAAACG-1,0.0043923426
GCATGCGTCTTGTCAT-1,0.0063682497
GCATGTAAGCGATGAC-1,0.010804551
GCATGTACAACAACCT-1,0.0052304445
GCATGTACAATCTGCA-1,0.010041285
GCATGTACACACCGAC-1,0.0069280607
GCATGTACACGTCAGC-1,0.0054599224
GCATGTACAGACAAGC-1,0.0073068407
GCATGTAGTACTTAGC-1,0.013446115
GCATGTATCGCCAAAT-1,0.005440436
GCCAAATAGGCAGTCA-1,0.016877206
GCCAAATCAAGCCTAT-1,0.009590992
GCCAAATCAGCATACT-1,0.011384114
GCCAAATCATGCCCGA-1,0.005843843
GCCAAATGTATAGGGC-1,0.004362702
GCCAAATTCAATCTCT-1,0.0034299695
GCCAAATTCCACTGGG-1,0.004087151
GCCAAATTCGAGAACG-1,0.009529024
GCCAAATTCTAACTCT-1,0.013347788
GCCAAATTCTAAGCCA-1,0.0051263394
GCCTCTAAGCCACGTC-1,0.005339314
GCCTCTACAAGCGATG-1,0.009681005
GCCTCTACAGACTCGC-1,0.009695843
GCCTCTATCCTTTACA-1,0.0046981005
GCCTCTATCTTCCTTC-1,0.0035749185
GCGACCACACTTAAGC-1,0.005998959
GCGACCAGTTCGTGAT-1,0.0058666086
GCGACCAGTTGGGACA-1,0.012372994
GCGAGAAAGAACTCGG-1,0.0072727175
GCGAGAAAGTACGCCC-1,0.004749822
GCGAGAACAAACCTAC-1,0.0053100917
GCGAGAAGTGAGTGAC-1,0.004517785
GCGCAACAGAAGGTGA-1,0.005961195
GCGCAACAGCATCATC-1,0.004404825
GCGCAACGTGTCAATC-1,0.005827905
GCGCAACTCAACACTG-1,0.0060571823
GCGCAACTCTGTTGAG-1,0.0088069495
GCGCAGTAGAGAACAG-1,0.0036903338
GCGCAGTCACTTCGAA-1,0.0058660996
GCGCAGTCAGCTTCGG-1,0.009021717
GCGCAGTTCACGAAGG-1,0.007332968
GCGCCAAAGCCAGGAT-1,0.012708945
GCGCCAACAATGCCAT-1,0.005314781
GCGCCAACACTTCTGC-1,0.0061589214
GCGCCAATCCCATTTA-1,0.006265399
GCGCGATAGGGCTCTC-1,0.005806373
GCGCGATAGTGGTAAT-1,0.004576571
GCGCGATTCATGTGGT-1,0.011798564
GCGCGATTCCTAAGTG-1,0.0023853714
GCGGGTTCAAGAAGAG-1,0.0083533535
GCGGGTTCAAGTAGTA-1,0.006192693
GCGGGTTCACAGCCCA-1,0.009130059
GCGGGTTTCGTCCGTT-1,0.003744888
GCGGGTTTCTTGCCGT-1,0.0041189734
GCTCCTACACAGACAG-1,0.007904421
GCTCCTAGTACCGGCT-1,0.0067516332
GCTCCTATCAAAGTAG-1,0.010588456
GCTCCTATCTCTAAGG-1,0.0043861712
GCTCTGTAGAGCCTAG-1,0.009175604
GCTCTGTAGAGGACGG-1,0.005800122
GCTCTGTAGCTCTCGG-1,0.0059312824
GCTCTGTAGTCCGGTC-1,0.004848682
GCTCTGTGTAAACGCG-1,0.01424896
GCTCTGTGTAGCGCTC-1,0.0064262804
GCTCTGTTCGGATGTT-1,0.007289861
GCTGCAGAGGATGGAA-1,0.0052014985
GCTGCAGCACTTCTGC-1,0.0053563532
GCTGCAGCATTAGGCT-1,0.007622672
GCTGCAGGTCCAGTTA-1,0.0051840805
GCTGCAGTCTAACTCT-1,0.005491028
GCTGCGACAACCGCCA-1,0.0046329102
GCTGCGACAGAGCCAA-1,0.006487544
GCTGCGAGTAGGCATG-1,0.009573813
GCTGCGATCTTCGAGA-1,0.0059674755
GCTGCTTTCCGCGGTA-1,0.005109788
GCTGCTTTCGGGAGTA-1,0.005989708
GCTTCCAAGCTAGTGG-1,0.008700703
GCTTCCAAGTTTCCTT-1,0.0053555206
GCTTCCACAGGATCGA-1,0.0032554797
GCTTCCACATTCGACA-1,0.0061524147
GCTTCCAGTAGAGGAA-1,0.0062134024
GCTTCCAGTTACAGAA-1,0.004725281
GCTTCCAGTTAGATGA-1,0.007697164
GCTTGAAAGATATGCA-1,0.0069992123
GCTTGAAAGATGTTAG-1,0.0072271437
GCTTGAAAGGGCTCTC-1,0.004159815
GCTTGAAGTAGAGCTG-1,0.0049525285
GCTTGAATCACTATTC-1,0.007225704
GCTTGAATCCTGCAGG-1,0.0052695437
GGAACTTAGCCCAACC-1,0.00721183
GGAACTTCATAGTAAG-1,0.0052655684
GGAACTTTCAAGATCC-1,0.005728592
GGAACTTTCCAGGGCT-1,0.009621665
GGAACTTTCCCGACTT-1,0.00865437
GGAACTTTCCCTAATT-1,0.013788747
GGAATAAAGGGAGTAA-1,0.009812904
GGAATAACACCGTTGG-1,0.013804007
GGAATAACACTAAGTC-1,0.006358111
GGAATAACAGATGAGC-1,0.00705687
GGAATAAGTGGTTTCA-1,0.008882871
GGAATAATCGTACGGC-1,0.0039402815
GGAATAATCTAGAGTC-1,0.0058789523
GGACAAGCAGACACTT-1,0.0065434678
GGACAAGGTAGCTCCG-1,0.005563511
GGACAAGGTTTGACAC-1,0.0054963348
GGACAAGTCCTTAATC-1,0.005535207
GGACAGACAACTGCTA-1,0.009385646
GGACAGACAATGTAAG-1,0.009532239
GGACAGATCACAGGCC-1,0.0047109583
GGACAGATCCGAGCCA-1,0.0071790935
GGACAGATCCGTTGCT-1,0.004072869
GGACATTAGATAGTCA-1,0.0067198346
GGACATTCAACGATGG-1,0.008089479
GGACATTCACACTGCG-1,0.0068358006
GGACATTCATATGAGA-1,0.0059911944
GGACATTTCAACACAC-1,0.007781327
GGACATTTCCCAAGTA-1,0.0046234773
GGACATTTCCGTTGCT-1,0.020141454
GGACGTCAGGGTATCG-1,0.0055583618
GGACGTCCATGCAATC-1,0.008823939
GGACGTCTCCGTCATC-1,0.005309591
GGACGTCTCGACCAGC-1,0.014304944
GGACGTCTCTGACCTC-1,0.009731669
GGAGCAACACTACAGT-1,0.0048233047
GGAGCAAGTTCCTCCA-1,0.0061326604
GGAGCAAGTTGTGGCC-1,0.0077646053
GGAGCAATCCTCAATT-1,0.0057449522
GGATGTTAGCACCGCT-1,0.0076881936
GGATGTTAGTGCAAGC-1,0.0074520707
GGATGTTTCAAGCCTA-1,0.0049391114
GGATGTTTCAGTTTGG-1,0.0059942813
GGATTACAGACCTAGG-1,0.0032534006
GGATTACAGGTGCTTT-1,0.005914144
GGATTACGTCAAACTC-1,0.0039401045
GGATTACTCCAGAAGG-1,0.004816235
GGATTACTCGCCATAA-1,0.0055305543
GGATTACTCGCGGATC-1,0.0063617122
GGCAATTCACCGGAAA-1,0.008154279
GGCAATTGTAGGCATG-1,0.022755073
GGCAATTGTGATAAAC-1,0.0061413487
GGCAATTTCCTGTAGA-1,0.009745162
GGCAATTTCTAGCACA-1,0.005846013
GGCAATTTCTGGAGCC-1,0.0095918905
GGCCGATAGAAGGGTA-1,0.004980908
GGCCGATAGAAGGTTT-1,0.0047374913
GGCGACTAGTTGAGAT-1,0.009538507
GGCGACTCACACAGAG-1,0.008036291
GGCGACTCACGGCCAT-1,0.0070732892
GGCGACTGTACCGTAT-1,0.003544411
GGCGACTGTGCGAAAC-1,0.0057464316
GGCGTGTGTACTTCTT-1,0.015805494
GGCGTGTTCTGATTCT-1,0.0047597634
GGCTCGAAGGAATGGA-1,0.00330301
GGCTCGACACCAACCG-1,0.0111960145
GGCTCGACATTCGACA-1,0.0064692004
GGCTCGAGTCCAAGTT-1,0.007830228
GGCTCGAGTTCGGGCT-1,0.009127979
GGCTCGATCCAAATGC-1,0.012890632
GGCTCGATCGAGCCCA-1,0.009029016
GGCTGGTAGTGACATA-1,0.0077459966
GGCTGGTCAAGCGCTC-1,0.010875583
GGCTGGTGTACGAAAT-1,0.0046988726
GGCTGGTTCAGAGGTG-1,0.0046159076
GGCTGGTTCCAAGTAC-1,0.0162416
GGCTGGTTCCCATTTA-1,0.008989386
GGGAATGAGACACGAC-1,0.0059069013
GGGAATGAGGAGTCTG-1,0.005856736
GGGAATGAGGTGTGGT-1,0.0053931284
GGGAATGGTTATCGGT-1,0.006197847
GGGACCTAGCAAATCA-1,0.006291634
GGGACCTGTCATCCCT-1,0.0075290934
GGGACCTGTTGCCTCT-1,0.008997555
GGGACCTTCAGCTCGG-1,0.0038774353
GGGAGATAGGTAAACT-1,0.0036205058
GGGAGATAGTTCCACA-1,0.006321029
GGGAGATCAGGTCCAC-1,0.0039641196
GGGAGATCATCGGTTA-1,0.0050575323
GGGAGATGTTACTGAC-1,0.0142651955
GGGAGATTCAAGGTAA-1,0.007356069
GGGATGAGTCTACCTC-1,0.007871613
GGGATGATCTATCGCC-1,0.013706018
GGGCACTAGCTGGAAC-1,0.010289402
GGGCACTAGTACACCT-1,0.007202677
GGGCACTAGTAGTGCG-1,0.0074069086
GGGCACTCAAGGTTTC-1,0.019739714
GGGCACTGTAACGCGA-1,0.02057647
GGGCACTGTCATCCCT-1,0.004331247
GGGCACTTCGGTTAAC-1,0.005807551
GGGCACTTCGTTTATC-1,0.006639844
GGGCACTTCTGAAAGA-1,0.006266792
GGGCACTTCTTAGAGC-1,0.004035135
GGGCATCAGGCGCTCT-1,0.005397419
GGGCATCAGGGCTTGA-1,0.014230164
GGGCATCTCACATACG-1,0.006086561
GGGCATCTCAGTACGT-1,0.0066205515
GGGCATCTCTCAACTT-1,0.0055282363
GGGTCTGAGAAGCCCA-1,0.0077938163
GGGTCTGAGACTAAGT-1,0.007002321
GGGTCTGGTCCATGAT-1,0.005230758
GGGTCTGGTGCGAAAC-1,0.00649564
GGGTCTGGTGTGAAAT-1,0.006485414
GGGTCTGGTTCTGAAC-1,0.004774335
GGGTCTGTCCCGGATG-1,0.007108132
GGGTTGCAGGACTGGT-1,0.0036079881
GGTATTGAGCTACCGC-1,0.0051182616
GGTATTGAGGACATTA-1,0.0041383426
GGTGAAGAGATATACG-1,0.022813186
GGTGAAGAGCCTTGAT-1,0.0046844417
GGTGAAGAGTACACCT-1,0.003786185
GGTGAAGCAAACTGTC-1,0.005726334
GGTGAAGCAAAGGTGC-1,0.005663698
GGTGAAGCAATAAGCA-1,0.008946856
GGTGAAGCACACCGAC-1,0.0082530305
GGTGAAGCAGTATAAG-1,0.011437909
GGTGAAGGTGCCTGTG-1,0.0045809387
GGTGAAGTCCCGACTT-1,0.008134745
GGTGCGTAGAGCTATA-1,0.008802933
GGTGCGTAGAGGACGG-1,0.0067405934
GGTGTTAAGGGTTTCT-1,0.0053027207
GGTGTTATCTAGAGTC-1,0.010123958
GTAACGTAGTCCATAC-1,0.005141763
GTAACGTCATTCACTT-1,0.0041980604
GTAACGTGTAAGTTCC-1,0.006185018
GTAACGTGTACTTAGC-1,0.0030983414
GTAACTGAGCAATCTC-1,0.005426977
GTAACTGAGTAGATGT-1,0.0069337683
GTAACTGCAAAGTGCG-1,0.008471004
GTAACTGCATGGGAAC-1,0.0035038593
GTAACTGGTAACGACG-1,0.0056590326
GTAACTGGTCCCGACA-1,0.004451748
GTAACTGGTCGAGATG-1,0.0076978453
GTAACTGTCCAACCAA-1,0.0075006075
GTACGTAAGGACACCA-1,0.005367013
GTACGTACAAAGTCAA-1,0.004267286
GTACGTAGTGCAGTAG-1,0.008110082
GTACGTAGTGGTCTCG-1,0.0063283504
GTACGTAGTTTAGGAA-1,0.0053749518
GTACGTATCTCTTGAT-1,0.0045628967
GTACTCCAGATCCCGC-1,0.0058552446
GTACTCCAGCTGCGAA-1,0.0071057547
GTACTCCAGGTGATAT-1,0.0064303903
GTACTCCCACAGCGTC-1,0.010865753
GTACTCCGTCGACTGC-1,0.008562789
GTACTCCTCAACACTG-1,0.0072596576
GTACTCCTCATGTAGC-1,0.0130865555
GTACTCCTCTATCGCC-1,0.0052844235
GTACTCCTCTTACCTA-1,0.019319428
GTACTTTAGAGGTACC-1,0.0075431904
GTACTTTCACATAACC-1,0.0053751846
GTACTTTCACGGCTAC-1,0.0048803524
GTACTTTCAGACACTT-1,0.004891909
GTAGGCCAGCTGCAAG-1,0.0066398117
GTAGGCCCAGCCTATA-1,0.0063756416
GTAGGCCTCACATAGC-1,0.009352147
GTAGGCCTCCCTGACT-1,0.0032668307
GTAGTCATCCGAACGC-1,0.0046638795
GTATCTTAGTGTCTCA-1,0.0052927257
GTATCTTCACGGTAAG-1,0.009329034
GTATCTTCATGAAGTA-1,0.0052972008
GTATCTTCATGGATGG-1,0.0057938755
GTATTCTAGCCACGTC-1,0.007292238
GTATTCTAGCCAGTTT-1,0.0052417354
GTATTCTCAATGGTCT-1,0.007834474
GTATTCTCACGCATCG-1,0.0099309115
GTATTCTGTCTCTCTG-1,0.009770524
GTATTCTGTGCTGTAT-1,0.009450389
GTATTCTGTGTCCTCT-1,0.0062428266
GTCAAGTAGAGCCCAA-1,0.0054183532
GTCAAGTCATTTCAGG-1,0.0028060526
GTCAAGTTCCACTGGG-1,0.00374069
GTCAAGTTCCGTAGGC-1,0.006454129
GTCACAAAGGCAAAGA-1,0.007482128
GTCACAAGTCGCCATG-1,0.007908345
GTCACAAGTTGTACAC-1,0.005772143
GTCACAAGTTTAGGAA-1,0.004751756
GTCACAATCAGCGACC-1,0.0058403
GTCACAATCATCATTC-1,0.0039065173
GTCACAATCCGCATCT-1,0.004759759
GTCACAATCGAACGGA-1,0.0048350273
GTCACAATCTGGGCCA-1,0.006597022
GTCACAATCTTACCGC-1,0.009603505
GTCACAATCTTGTCAT-1,0.009319162
GTCACGGGTGCAACGA-1,0.00343218
GTCACGGTCCTACAGA-1,0.0045987326
GTCATTTAGCTAACTC-1,0.004727832
GTCATTTAGTACGCGA-1,0.013478634
GTCATTTAGTTGCAGG-1,0.010215193
GTCATTTCACGTCTCT-1,0.0060697487
GTCATTTCAGCCAGAA-1,0.0054466715
GTCATTTCAGTGGGAT-1,0.00678372
GTCATTTTCTTTCCTC-1,0.011168929
GTCCTCAAGAGTAATC-1,0.006033559
GTCCTCAAGCAGGCTA-1,0.003170507
GTCCTCAGTCTCGTTC-1,0.008909939
GTCCTCAGTTAAGGGC-1,0.012484818
GTCGGGTCAACGCACC-1,0.0042986874
GTCGGGTGTACGCACC-1,0.009072322
GTCGGGTGTAGGACAC-1,0.007314951
GTCGGGTGTTGATTGC-1,0.0069066817
GTCGGGTTCAGAAATG-1,0.007621036
GTCGGGTTCATTTGGG-1,0.005742935
GTCGGGTTCTGCGTAA-1,0.01888121
GTCGTAAAGAGAGCTC-1,0.008949586
GTCGTAAGTAAATGTG-1,0.011820482
GTCGTAATCAGGATCT-1,0.0061822757
GTCGTAATCCACGAAT-1,0.007691253
GTCGTAATCTTAGAGC-1,0.006766709
GTCTCGTCACTGTTAG-1,0.0065556243
GTCTCGTCAGTCTTCC-1,0.013469241
GTCTCGTGTAACGTTC-1,0.0047723064
GTCTCGTGTTCCTCCA-1,0.007810037
GTCTCGTGTTTGTTTC-1,0.0036164732
GTCTCGTTCGTTTATC-1,0.006790962
GTCTTCGTCGGAAACG-1,0.007308113
GTGAAGGAGAAGGTTT-1,0.0064345566
GTGAAGGCACCGATAT-1,0.02000986
GTGAAGGCACCGGAAA-1,0.0053387885
GTGAAGGCAGTTAACC-1,0.0036998994
GTGAAGGGTAAACACA-1,0.0052039674
GTGAAGGTCACGGTTA-1,0.005192648
GTGAAGGTCGCTTAGA-1,0.008037081
GTGCAGCAGATCCGAG-1,0.004730795
GTGCAGCAGCTGATAA-1,0.0037994836
GTGCAGCAGGGTCTCC-1,0.0037946678
GTGCAGCCAGGACCCT-1,0.008029294
GTGCATAAGCTAACTC-1,0.0073467144
GTGCATAGTTACCAGT-1,0.0059954543
GTGCATATCCGTCATC-1,0.0056828884
GTGCGGTAGGGTATCG-1,0.00463147
GTGCGGTCACGTCAGC-1,0.0149923265
GTGCGGTGTACAAGTA-1,0.012066476
GTGCGGTGTACCATCA-1,0.0059213666
GTGCTTCAGGGCTTGA-1,0.0063114525
GTGCTTCCACCCAGTG-1,0.006629906
GTGCTTCCACGAAACG-1,0.009910191
GTGCTTCGTCCGTTAA-1,0.00833418
GTGCTTCTCGTTTAGG-1,0.0059215645
GTGCTTCTCTCAACTT-1,0.008450086
GTGGGTCAGCGTGAAC-1,0.008467159
GTGGGTCAGCTATGCT-1,0.0043237386
GTGGGTCCAAGTTCTG-1,0.004817859
GTGGGTCCACGCTTTC-1,0.0076960884
GTGGGTCCAGACAAAT-1,0.0038330513
GTGGGTCGTCTCTTTA-1,0.0069408063
GTGGGTCTCAAACCAC-1,0.003988244
GTGGGTCTCGCAAGCC-1,0.005909664
GTGTGCGAGAATTCCC-1,0.008863276
GTGTGCGCAAACGTGG-1,0.008391186
GTGTTAGAGGAATCGC-1,0.016998362
GTGTTAGAGTACGCCC-1,0.006780729
GTGTTAGAGTTGAGTA-1,0.0055878833
GTGTTAGGTGACTACT-1,0.0048329243
GTTAAGCAGAGCTGGT-1,0.0045238114
GTTAAGCAGAGTTGGC-1,0.008603201
GTTAAGCAGCTAACAA-1,0.014269135
GTTAAGCAGGAGCGAG-1,0.004016217
GTTAAGCCACAAGCCC-1,0.014509418
GTTAAGCCATCCGGGT-1,0.00850769
GTTAAGCCATTGCGGC-1,0.0051365304
GTTAAGCGTGAGTATA-1,0.009912261
GTTAAGCTCAGAGACG-1,0.005147949
GTTACAGAGCACCGCT-1,0.008567138
GTTCATTAGACTCGGA-1,0.0042929715
GTTCATTCAATCGGTT-1,0.008718246
GTTCATTCATACAGCT-1,0.0090629645
GTTCATTCATCAGTCA-1,0.0057155695
GTTCATTGTAGCGCTC-1,0.0067738146
GTTCATTTCTTATCTG-1,0.0033040063
GTTCGGGAGCCGATTT-1,0.004623669
GTTCGGGAGTACCGGA-1,0.0064109806
GTTCGGGCATGGGAAC-1,0.006386732
GTTCGGGGTTTGACAC-1,0.0055493633
GTTCGGGTCCAGGGCT-1,0.013130341
GTTCGGGTCCGTCATC-1,0.0067379666
GTTCTCGCACATGGGA-1,0.008994903
GTTCTCGCAGGCTGAA-1,0.0034448532
GTTCTCGGTTCGCTAA-1,0.0029767167
GTTTCTAGTGACTACT-1,0.008964799
GTTTCTATCAGTTTGG-1,0.009329805
GTTTCTATCCAAATGC-1,0.007341537
GTTTCTATCCCTTGCA-1,0.0033524735
GTTTCTATCCTCCTAG-1,0.00786506
TAAACCGAGATCGGGT-1,0.01595207
TAAACCGAGGATTCGG-1,0.0055011557
TAAACCGCAAACAACA-1,0.0056983144
TAAACCGCAACACCTA-1,0.0060249274
TAAACCGCAACGATGG-1,0.0081298305
TAAACCGCAGTCAGAG-1,0.004235294
TAAACCGGTAATTGGA-1,0.010184296
TAAACCGGTAGGGTAC-1,0.0033977693
TAAACCGGTGTGGTTT-1,0.006380221
TAAACCGTCCTCAATT-1,0.016667461
TAAGAGACATTGAGCT-1,0.016013395
TAAGAGAGTAGCTCCG-1,0.005034978
TAAGAGAGTCACCCAG-1,0.008370237
TAAGAGATCGATAGAA-1,0.008832122
TAAGAGATCTAACTTC-1,0.0046744775
TAAGCGTCACAACGTT-1,0.00862946
TAAGCGTCATCACCCT-1,0.0048312726
TAAGCGTTCAGAGACG-1,0.0049484903
TAAGTGCAGTACGTAA-1,0.008598281
TAAGTGCAGTATGACA-1,0.005507289
TAAGTGCCACCAGGCT-1,0.0065621906
TAAGTGCGTTACCAGT-1,0.007022698
TAAGTGCTCAACCAAC-1,0.0075669815
TACACGAAGTGATCGG-1,0.00663998
TACACGACAGATGGGT-1,0.007975164
TACACGAGTAGCCTAT-1,0.0053069443
TACACGAGTGTTCTTT-1,0.0075109685
TACACGATCCTAAGTG-1,0.017663522
TACACGATCTATCCTA-1,0.0037833587
TACAGTGAGGTCGGAT-1,0.006674748
TACAGTGAGTCGAGTG-1,0.00912878
TACAGTGCAGGCTGAA-1,0.007500624
TACAGTGCAGTTCCCT-1,0.011338899
TACAGTGGTAGCACGA-1,0.0050599566
TACAGTGGTCTTCGTC-1,0.005299627
TACAGTGTCATTTGGG-1,0.012049451
TACCTATAGGACACCA-1,0.013054192
TACCTATAGGGTGTTG-1,0.0057639363
TACCTATCATCTCGCT-1,0.0060864966
TACCTATTCACCGGGT-1,0.0047192248
TACCTTACAAGGCTCC-1,0.005791463
TACCTTACAGCTCGAC-1,0.008684485
TACCTTATCTGGTATG-1,0.007216575
TACCTTATCTTGACGA-1,0.00796166
TACGGATGTAGCGTAG-1,0.008261082
TACGGATGTGAGTATA-1,0.005455579
TACGGGCTCAAAGACA-1,0.0046475846
TACGGGCTCAGTTAGC-1,0.018690571
TACGGGCTCATGTGGT-1,0.004711319
TACGGGCTCCTGCTTG-1,0.014685941
TACGGTAAGCGATGAC-1,0.0086910175
TACGGTAAGTGGTCCC-1,0.0062651187
TACGGTACATTACCTT-1,0.011639994
TACGGTAGTATAGGTA-1,0.008566015
TACGGTAGTCTAGCCG-1,0.008625913
TACGGTATCGCATGAT-1,0.0071667153
TACGGTATCGTAGATC-1,0.004946451
TACTCATCATTTGCCC-1,0.007210901
TACTCATGTAACGTTC-1,0.006247149
TACTCATTCGCACTCT-1,0.0033871233
TACTCGCGTCATACTG-1,0.007800305
TACTCGCTCAACACTG-1,0.0049692835
TACTCGCTCCTACAGA-1,0.008632083
TACTCGCTCGCTGATA-1,0.007982925
TACTTACTCACGAAGG-1,0.0063796183
TACTTGTAGGCGATAC-1,0.006474129
TACTTGTCAATCTGCA-1,0.009646742
TACTTGTCAGATTGCT-1,0.0062474213
TACTTGTGTAGCCTAT-1,0.0040325494
TACTTGTGTTATGCGT-1,0.00862697
TACTTGTTCAGGCCCA-1,0.005528246
TAGACCAAGCGTTCCG-1,0.0036216944
TAGACCACACAAGTAA-1,0.010795173
TAGACCACATAGGATA-1,0.006544876
TAGACCAGTAGCGATG-1,0.0058398196
TAGACCAGTAGCGCAA-1,0.0066339513
TAGACCATCACAGGCC-1,0.0037947716
TAGACCATCGGAAATA-1,0.015728615
TAGAGCTAGGCCGAAT-1,0.0048744977
TAGAGCTCACATTAGC-1,0.010660876
TAGAGCTCAGATGGCA-1,0.005628565
TAGAGCTCATTACCTT-1,0.0055338927
TAGAGCTGTACCCAAT-1,0.008063537
TAGAGCTGTCTCAACA-1,0.006028921
TAGAGCTGTTCAACCA-1,0.010357746
TAGAGCTGTTGAACTC-1,0.0031356686
TAGAGCTTCAAGGTAA-1,0.004334262
TAGCCGGAGTATCTCG-1,0.0055775177
TAGCCGGCAGCCAATT-1,0.005358655
TAGGCATAGGCTAGGT-1,0.005353326
TAGGCATCAATCTGCA-1,0.010986439
TAGGCATCAGACGCTC-1,0.0066666133
TAGGCATGTAACGTTC-1,0.009848905
TAGGCATTCAACCAAC-1,0.0056011025
TAGGCATTCATCTGCC-1,0.005709534
TAGGCATTCCGTTGTC-1,0.012773255
TAGTGGTAGATCACGG-1,0.0074343425
TAGTGGTAGTGGACGT-1,0.0051364116
TAGTGGTCAAGTCATC-1,0.006205964
TAGTGGTGTAACGCGA-1,0.007180639
TAGTTGGCAACTGGCC-1,0.0043192664
TAGTTGGGTACTTAGC-1,0.008599602
TATCAGGAGAACTCGG-1,0.007112839
TATCAGGAGAGCCTAG-1,0.005524911
TATCAGGAGAGTTGGC-1,0.004155604
TATCAGGAGCTAACTC-1,0.0055837557
TATCAGGCATAGGATA-1,0.0048960177
TATCAGGGTGACGGTA-1,0.011408768
TATCAGGTCGCATGGC-1,0.008690389
TATCTCAAGATATACG-1,0.007372398
TATCTCAAGCCACTAT-1,0.006419659
TATCTCAAGCTAACAA-1,0.012122262
TATCTCAAGGAATTAC-1,0.0049950816
TATCTCAGTCGCGTGT-1,0.013386126
TATCTCAGTTTGACAC-1,0.0076218303
TATCTCATCAACACTG-1,0.0053064646
TATCTCATCTGCAAGT-1,0.009560793
TATGCCCCAGACAAAT-1,0.010032638
TATTACCAGATAGGAG-1,0.007997726
TATTACCAGTGTCCCG-1,0.0058934744
TATTACCTCTCGAGTA-1,0.008917522
TCAACGAAGACTTTCG-1,0.010850657
TCAACGACACGTCAGC-1,0.00437995
TCAACGAGTTCAGACT-1,0.0045367936
TCAACGATCTAGAGTC-1,0.004100803
TCAATCTAGGTACTCT-1,0.005774928
TCAATCTAGTCCATAC-1,0.006657605
TCAATCTCATCAGTCA-1,0.0065577417
TCAATCTGTCAGCTAT-1,0.0066710454
TCAATCTGTTCCGGCA-1,0.00901065
TCAATCTTCATGGTCA-1,0.011028861
TCAATCTTCATGTCCC-1,0.010616264
TCAATCTTCGCCTGTT-1,0.011813063
TCACAAGCAAGGACAC-1,0.005988933
TCACAAGCAATAGCGG-1,0.003394877
TCACGAAAGCTGCGAA-1,0.007208217
TCACGAAAGTGCAAGC-1,0.0071663847
TCACGAACATCACGAT-1,0.0047018304
TCAGATGAGTCAAGCG-1,0.005849991
TCAGATGCAAATACAG-1,0.007834483
TCAGATGCAATCGGTT-1,0.009237039
TCAGATGCATTAGGCT-1,0.006688445
TCAGATGGTACCATCA-1,0.007186841
TCAGATGTCCCTGACT-1,0.0080117155
TCAGCAAAGATCCTGT-1,0.007587076
TCAGCAACAGAGCCAA-1,0.0055058696
TCAGCAATCCATGAAC-1,0.004673753
TCAGCTCAGCCTTGAT-1,0.007437224
TCAGCTCAGTGAACAT-1,0.011513476
TCAGCTCCAACACCTA-1,0.0072956025
TCAGCTCGTATAATGG-1,0.008331708
TCAGCTCGTTAAAGTG-1,0.005530231
TCAGCTCTCAAACCAC-1,0.014010523
TCAGCTCTCCTACAGA-1,0.0058677974
TCAGCTCTCGTGGACC-1,0.00468902
TCAGCTCTCTGCGTAA-1,0.0065959124
TCAGGATAGCCCAGCT-1,0.003625636
TCAGGATGTCCGCTGA-1,0.0059868856
TCAGGTAAGGATGGAA-1,0.010505408
TCAGGTACAATCAGAA-1,0.012383245
TCAGGTACAATGGATA-1,0.0036287121
TCAGGTAGTCTCTTTA-1,0.0057781218
TCAGGTAGTGGTCTCG-1,0.0065916744
TCAGGTATCAGAGCTT-1,0.0052700764
TCAGGTATCTAACTGG-1,0.007525167
TCATTACCAAGAGGCT-1,0.007913009
TCATTACCACGGCTAC-1,0.0048647015
TCATTACCAGTGGAGT-1,0.0035798636
TCATTACCATCACGAT-1,0.005459094
TCATTACTCAGTTCGA-1,0.003994207
TCATTACTCGCCAAAT-1,0.006908202
TCATTACTCGTGGTCG-1,0.016650202
TCATTTGTCCCAAGTA-1,0.004762696
TCATTTGTCTAACTTC-1,0.00842076
TCCACACAGCAGCGTA-1,0.011802426
TCCACACAGTCAATAG-1,0.0053433767
TCCACACCACTATCTT-1,0.0054882467
TCCACACGTACCTACA-1,0.0054895333
TCCACACGTTCAGGCC-1,0.008958132
TCCACACTCGGCTTGG-1,0.0069653755
TCCCGATCAGTATAAG-1,0.0051807906
TCCCGATGTGCCTGGT-1,0.0058394354
TCCCGATGTTGTACAC-1,0.002614331
TCCCGATTCAGGTAAA-1,0.0095989
TCCCGATTCTTGTTTG-1,0.0042504896
TCGAGGCAGTAAGTAC-1,0.0045058215
TCGAGGCCACCGTTGG-1,0.003953775
TCGAGGCGTATCTGCA-1,0.00955596
TCGAGGCGTTCGTTGA-1,0.007424927
TCGAGGCTCGTCACGG-1,0.005615092
TCGAGGCTCTACCAGA-1,0.012138257
TCGAGGCTCTGTCCGT-1,0.00807596
TCGCGAGAGCTGTCTA-1,0.00976287
TCGCGAGCAAACAACA-1,0.0055834367
TCGCGAGGTGCGAAAC-1,0.008374898
TCGCGAGTCACCCGAG-1,0.0071527963
TCGCGTTAGCTCCTCT-1,0.005477927
TCGCGTTCAAGTCATC-1,0.007069666
TCGCGTTCAGTAGAGC-1,0.004091975
TCGCGTTCATAGACTC-1,0.0058449106
TCGCGTTGTCACACGC-1,0.01083606
TCGCGTTGTCATATGC-1,0.005848627
TCGGGACAGTGACTCT-1,0.004136617
TCGGGACCAGGATTGG-1,0.0037131677
TCGGGACCATACTACG-1,0.009330987
TCGGGACCATTGCGGC-1,0.003993237
TCGGGACGTTGTCTTT-1,0.0068679852
TCGGTAAAGGCAGGTT-1,0.0058028027
TCGTACCCAACGATCT-1,0.0051506017
TCGTACCCAAGCTGTT-1,0.007420626
TCGTACCGTAGCCTAT-1,0.0076995343
TCGTACCGTCAGAATA-1,0.0044605955
TCGTACCGTCATATGC-1,0.0043099867
TCGTACCGTGCACGAA-1,0.007726232
TCGTACCTCTATCGCC-1,0.011705822
TCTATTGAGATATGGT-1,0.007167749
TCTATTGAGCTAAACA-1,0.004825407
TCTATTGAGTCGCCGT-1,0.006031687
TCTATTGCATGGAATA-1,0.0073080463
TCTATTGGTGCAGGTA-1,0.0064368835
TCTCATACATCACGTA-1,0.0051397756
TCTCATAGTTATGTGC-1,0.006118111
TCTCATATCTCAAACG-1,0.005944001
TCTCTAAAGTGAACGC-1,0.005203694
TCTCTAAAGTTACGGG-1,0.0080958465
TCTCTAACACAACGCC-1,0.0073878877
TCTCTAACAGGAATCG-1,0.0075814943
TCTCTAACATCGGACC-1,0.004704879
TCTCTAACATTGGGCC-1,0.0049680434
TCTCTAATCCCATTTA-1,0.007335906
TCTCTAATCTACCTGC-1,0.010161816
TCTCTAATCTTTACAC-1,0.00782555
TCTGAGAAGTCCGGTC-1,0.007949724
TCTGAGAAGTGGCACA-1,0.005773882
TCTGAGACATGGGAAC-1,0.0037093158
TCTGAGAGTTTGTTTC-1,0.009604904
TCTGAGATCCATGAGT-1,0.0076854276
TCTGAGATCGCGTAGC-1,0.007929346
TCTGGAAAGGGATGGG-1,0.009167773
TCTGGAACAAGTTGTC-1,0.009469623
TCTGGAAGTCCGAAGA-1,0.012881437
TCTGGAATCACGGTTA-1,0.00803464
TCTGGAATCCAAGTAC-1,0.00379224
TCTGGAATCCAGTATG-1,0.0051986133
TCTGGAATCTCCTATA-1,0.0077078976
TCTTCGGCATCACGAT-1,0.007498597
TCTTCGGTCCATGAGT-1,0.007140885
TCTTCGGTCTGCTGCT-1,0.009289081
TCTTTCCAGGGTGTGT-1,0.0057183444
TCTTTCCAGTCCATAC-1,0.004275078
TCTTTCCAGTGCGTGA-1,0.004151943
TGAAAGAAGACGACGT-1,0.0075767864
TGAAAGAAGCGCCTCA-1,0.010003543
TGAAAGAAGGATTCGG-1,0.005392628
TGAAAGAAGGTGGGTT-1,0.004222677
TGAAAGACAACACCCG-1,0.004607251
TGAAAGACAATAACGA-1,0.005346395
TGAAAGACAGCGTCCA-1,0.0025757877
TGAAAGACAGGTGCCT-1,0.0051148375
TGAAAGATCCTTGACC-1,0.015704386
TGAAAGATCGAATGGG-1,0.0076050884
TGACAACCAACACGCC-1,0.0031304683
TGACAACCATCCGTGG-1,0.0075999834
TGACGGCCACGTCAGC-1,0.0046101036
TGACGGCGTTGGTGGA-1,0.007418871
TGACTAGCACAGATTC-1,0.0060398933
TGACTAGCAGTCGTGC-1,0.010251122
TGACTAGGTGAGCGAT-1,0.007548947
TGACTAGGTGCCTGCA-1,0.005277402
TGACTAGTCCTTGGTC-1,0.013076359
TGACTTTAGACAAGCC-1,0.006754786
TGACTTTCAGACAGGT-1,0.007872183
TGACTTTCAGCGATCC-1,0.0050115315
TGACTTTCATGGTAGG-1,0.009795483
TGACTTTGTTACCAGT-1,0.009407133
TGACTTTTCAGGATCT-1,0.013283245
TGACTTTTCATCTGCC-1,0.005496175
TGACTTTTCGCAAGCC-1,0.008047245
TGAGAGGGTCCAGTAT-1,0.004956538
TGAGCATCATGGGACA-1,0.0075829574
TGAGCCGAGTCATGCT-1,0.014174021
TGAGCCGCAGATCTGT-1,0.007459925
TGAGCCGGTGCACCAC-1,0.005457549
TGAGCCGTCTTCATGT-1,0.006089937
TGAGGGAAGCTATGCT-1,0.010612767
TGAGGGACATCACGAT-1,0.0063021216
TGAGGGATCGTGGGAA-1,0.005360299
TGATTTCCACCCATGG-1,0.002524742
TGATTTCCATCCAACA-1,0.005209928
TGATTTCCATCCTTGC-1,0.010060158
TGATTTCGTAGCGTAG-1,0.009275349
TGATTTCGTATGGTTC-1,0.005027913
TGATTTCGTTTAGGAA-1,0.009647601
TGCACCTCAGTGGGAT-1,0.0038250447
TGCACCTGTGTGACCC-1,0.008844352
TGCACCTTCCTTAATC-1,0.003671802
TGCACCTTCGCCATAA-1,0.005064084
TGCACCTTCGTTTAGG-1,0.0061792247
TGCCAAAAGTGGAGAA-1,0.0054537733
TGCCAAATCAGTGCAT-1,0.007086186
TGCCCATAGCTCCCAG-1,0.008270402
TGCCCATAGGTTCCTA-1,0.005847765
TGCCCATAGTGGGTTG-1,0.0057276892
TGCCCATCAATTCCTT-1,0.0049876957
TGCCCATCACATGTGT-1,0.009582045
TGCCCATTCACTTCAT-1,0.004320212
TGCCCTACACGAAATA-1,0.007458689
TGCCCTACAGCCACCA-1,0.015657414
TGCCCTATCATATCGG-1,0.0059120855
TGCGCAGAGGGAGTAA-1,0.008034417
TGCGCAGGTCAACTGT-1,0.027562339
TGCGCAGTCGCGCCAA-1,0.003913866
TGCGGGTAGATAGCAT-1,0.0036854858
TGCGGGTCAGGGTACA-1,0.008157481
TGCGGGTCATGCCCGA-1,0.009708917
TGCGGGTTCCCTGACT-1,0.0060541914
TGCGTGGAGACCTAGG-1,0.006254281
TGCGTGGAGGCGTACA-1,0.0040608253
TGCGTGGCACAGGAGT-1,0.004979749
TGCGTGGCAGCGTTCG-1,0.014477748
TGCGTGGGTCTAACGT-1,0.0068300194
TGCGTGGTCTGATTCT-1,0.0065808278
TGCTACCCAAGTCATC-1,0.006977292
TGCTACCCAGCAGTTT-1,0.006711045
TGCTACCCAGCCTGTG-1,0.0075399787
TGCTACCGTCGCCATG-1,0.0052211094
TGCTACCTCAACCATG-1,0.014232037
TGCTACCTCGCGTTTC-1,0.007285186
TGCTACCTCTCGTTTA-1,0.0035217628
TGCTGCTAGGAGCGAG-1,0.006252361
TGCTGCTCAAGCCGCT-1,0.009562744
TGGACGCAGCAGGTCA-1,0.0055549797
TGGACGCCAACTTGAC-1,0.0043619457
TGGACGCCATCTACGA-1,0.007915594
TGGACGCCATGGGAAC-1,0.018445529
TGGACGCGTACCGAGA-1,0.010663183
TGGACGCGTCATATCG-1,0.005074206
TGGACGCTCGTCTGCT-1,0.006687243
TGGACGCTCTGTGCAA-1,0.009884606
TGGCCAGTCGGTGTTA-1,0.009638611
TGGCCAGTCTCAAGTG-1,0.005525565
TGGCGCAAGAGCCCAA-1,0.0082161175
TGGCGCAAGCACCGCT-1,0.0062651355
TGGCGCACATTGGTAC-1,0.005033762
TGGCGCATCCGAAGAG-1,0.0059232353
TGGCTGGAGCGATCCC-1,0.007901754
TGGCTGGAGTTACGGG-1,0.010709535
TGGCTGGCACGTGAGA-1,0.008838482
TGGCTGGCAGGAATCG-1,0.011059499
TGGCTGGCAGTTAACC-1,0.009067706
TGGCTGGGTCATGCCG-1,0.005444013
TGGCTGGGTTGTGGCC-1,0.004888572
TGGCTGGTCGAATGGG-1,0.005330008
TGGGAAGAGGAATTAC-1,0.0062076785
TGGGAAGCAATGGAAT-1,0.00792382
TGGGAAGCAGGTTTCA-1,0.0077543985
TGGGAAGCATCCCACT-1,0.008525831
TGGGAAGGTAGCGTGA-1,0.014701419
TGGGAAGGTCGGCACT-1,0.006539074
TGGGAAGGTTAAGGGC-1,0.003960258
TGGGAAGGTTAGGGTG-1,0.0056776744
TGGGAAGTCTTAACCT-1,0.0041029225
TGGGCGTAGTTAAGTG-1,0.004145081
TGGGCGTGTGTGAAAT-1,0.00697641
TGGGCGTTCCTAGAAC-1,0.008793857
TGGGCGTTCTCGTTTA-1,0.018593159
TGGGCGTTCTTCAACT-1,0.0037101728
TGGTTAGAGGTCATCT-1,0.0056327246
TGGTTAGCACCAGATT-1,0.0062788795
TGGTTAGGTAAACACA-1,0.0061991685
TGGTTAGGTTGATTGC-1,0.0099966135
TGGTTAGTCAGCATGT-1,0.0061832904
TGGTTCCGTTCACGGC-1,0.013702163
TGGTTCCTCCAACCAA-1,0.008110811
TGTATTCAGTATCGAA-1,0.008219953
TGTATTCCACGTCTCT-1,0.0069177537
TGTATTCCATGACGGA-1,0.010591348
TGTATTCGTGCAACTT-1,0.008418608
TGTCCCAAGGTAAACT-1,0.0109567875
TGTCCCACACTTACGA-1,0.006929308
TGTCCCAGTGATGTCT-1,0.0052908747
TGTCCCATCACAGTAC-1,0.006613223
TGTGGTAAGCCGTCGT-1,0.005885105
TGTGGTACAATCTACG-1,0.010174126
TGTGGTACATGCAATC-1,0.008457875
TGTGGTATCTGCGGCA-1,0.011856224
TGTGTTTAGCCACGCT-1,0.013180054
TGTGTTTCAAGCCTAT-1,0.006948504
TGTGTTTTCGTCTGCT-1,0.0047179875
TGTTCCGAGCAGACTG-1,0.008057608
TGTTCCGAGCGTAATA-1,0.003096108
TGTTCCGGTTGCCTCT-1,0.01058974
TGTTCCGTCATGTCTT-1,0.009745446
TTAACTCAGAGTAATC-1,0.0052067856
TTAACTCAGGATTCGG-1,0.0065566096
TTAACTCCAAGCGTAG-1,0.006591456
TTAACTCCATCGGTTA-1,0.011400069
TTAACTCGTCCGAATT-1,0.004924401
TTAACTCGTGGCGAAT-1,0.008159251
TTAACTCGTTTGGCGC-1,0.0076686647
TTAACTCTCAGTGTTG-1,0.0041675144
TTAGGACAGATCTGCT-1,0.004752021
TTAGGACCAAGACGTG-1,0.002927404
TTAGGACCATGCTAGT-1,0.005350795
TTAGGACGTCCCGACA-1,0.014367579
TTAGGCAAGGCACATG-1,0.006066156
TTAGTTCAGATAGGAG-1,0.0045573073
TTAGTTCAGTTAGCGG-1,0.0053456896
TTAGTTCAGTTTCCTT-1,0.006237875
TTAGTTCTCTGCCAGG-1,0.009345185
TTAGTTCTCTTGTTTG-1,0.012212426
TTATGCTCATGAACCT-1,0.009302956
TTATGCTGTATAGGTA-1,0.011457056
TTCCCAGGTCACTTCC-1,0.007321763
TTCCCAGTCAAGGCTT-1,0.005834994
TTCCCAGTCATTGCGA-1,0.009747615
TTCGAAGAGACAAGCC-1,0.0072205723
TTCGAAGCAGCGTAAG-1,0.0051563997
TTCGAAGGTTCCACAA-1,0.008716009
TTCGGTCAGAAACGAG-1,0.0074663353
TTCGGTCAGTTCGCGC-1,0.006805667
TTCGGTCGTACTTAGC-1,0.005128126
TTCGGTCGTCGCCATG-1,0.009043225
TTCGGTCTCACGAAGG-1,0.008682965
TTCGGTCTCCAGAGGA-1,0.004702582
TTCGGTCTCGGTCCGA-1,0.012385724
TTCGGTCTCGGTTAAC-1,0.011050097
TTCTACAAGGCTCTTA-1,0.0074183014
TTCTACAAGGGCACTA-1,0.009092013
TTCTACAAGGGTGTTG-1,0.0040158294
TTCTACAAGGTAGCTG-1,0.0048077265
TTCTACACAGGGTATG-1,0.0071330173
TTCTACACATTGGCGC-1,0.0056098965
TTCTACAGTTATGTGC-1,0.005656516
TTCTACATCACAGGCC-1,0.0063971262
TTCTCAAAGAACTCGG-1,0.006292085
TTCTCAAAGTAACCCT-1,0.006671489
TTCTCAAAGTGGGCTA-1,0.016134812
TTCTCAAGTGTAACGG-1,0.0066701085
TTCTCAATCCTAGAAC-1,0.0073502515
TTCTCCTAGAGACTTA-1,0.004309973
TTCTCCTAGCAAATCA-1,0.008861047
TTCTCCTAGTTGTAGA-1,0.006649791
TTCTCCTGTTAAAGAC-1,0.0065528406
TTCTCCTTCAACACGT-1,0.0123888
TTCTCCTTCGCATGAT-1,0.007343604
TTCTTAGAGTACCGGA-1,0.005561653
TTCTTAGCAGGATCGA-1,0.006463404
TTCTTAGCAGTCACTA-1,0.0112171015
TTCTTAGGTGAACCTT-1,0.0032003706
TTCTTAGGTGTATGGG-1,0.01419808
TTGAACGAGTCACGCC-1,0.004155881
TTGAACGCACTCAGGC-1,0.0049512177
TTGAACGCATGGATGG-1,0.005612313
TTGAACGGTTAAGACA-1,0.009337241
TTGAACGTCTGTCTCG-1,0.00788147
TTGACTTAGGATGGAA-1,0.0072058598
TTGACTTAGGATTCGG-1,0.0076372614
TTGACTTAGGGATGGG-1,0.007839269
TTGACTTGTATAATGG-1,0.0057837716
TTGACTTGTTAGTGGG-1,0.0052464795
TTGACTTTCTTCTGGC-1,0.0034421228
TTGCCGTAGCTGGAAC-1,0.0065711346
TTGCCGTCACCGAAAG-1,0.004237048
TTGCCGTCACGAAATA-1,0.002636352
TTGCCGTCATTTGCCC-1,0.00558625
TTGCGTCAGCAGACTG-1,0.010219521
TTGCGTCAGTCTCCTC-1,0.006552604
TTGCGTCCAAGAGTCG-1,0.007951007
TTGCGTCCACGAAATA-1,0.006154534
TTGCGTCCACGAGGTA-1,0.0075661563
TTGCGTCGTCGCGTGT-1,0.004104822
TTGCGTCTCGGATGTT-1,0.00391838
TTGGAACCACAACGCC-1,0.008945901
TTGGAACCACTGTCGG-1,0.0044687535
TTGGAACCAGTCACTA-1,0.0067876987
TTGGAACCATGCCCGA-1,0.009087218
TTGGAACGTCCAACTA-1,0.0063612405
TTGGCAAAGCTAACTC-1,0.0062548467
TTGGCAACAATGAAAC-1,0.0042604995
TTGGCAACATGCTAGT-1,0.009978955
TTGGCAATCATTTGGG-1,0.0061289803
TTGTAGGAGGCTCATT-1,0.00555832
TTGTAGGCAGTGACAG-1,0.0050674165
TTGTAGGCATAGGATA-1,0.004158873
TTGTAGGCATGTAGTC-1,0.00551467
TTGTAGGTCGCCAGCA-1,0.008088249
TTGTAGGTCTCCAACC-1,0.0056587514
TTTACTGAGATGCCAG-1,0.011944276
TTTACTGAGTGTACGG-1,0.0085198805
TTTACTGGTACCGCTG-1,0.006232412
TTTACTGTCAGAGGTG-1,0.00587023
TTTATGCAGGCCCTCA-1,0.006599701
TTTATGCAGTGTCCCG-1,0.008740598
TTTATGCGTAGCGCAA-1,0.01074345
TTTCCTCAGACATAAC-1,0.0047256425
TTTCCTCCAACGATCT-1,0.007196343
TTTCCTCCACCGCTAG-1,0.0057699704
TTTCCTCGTTCTGAAC-1,0.008019411
TTTCCTCTCTGAAAGA-1,0.006548856
TTTGCGCAGACCACGA-1,0.006691082
TTTGCGCAGTATTGGA-1,0.0055398336
TTTGCGCTCGCACTCT-1,0.0076086107
TTTGGTTAGGAGCGAG-1,0.004257567
TTTGGTTCACAACTGT-1,0.0037157794
TTTGGTTCATTGAGCT-1,0.005470803
TTTGGTTGTAATCACC-1,0.007688434
TTTGGTTGTCCTCCAT-1,0.0064409776
TTTGGTTGTGCGAAAC-1,0.003684634
TTTGTCAAGTGCCAGA-1,0.004651245
TTTGTCACAGGCGATA-1,0.005761287
TTTGTCACATCACGTA-1,0.0070957188
TTTGTCAGTACTTAGC-1,0.0061957394
TTTGTCATCACCGGGT-1,0.0066144234
TTTGTCATCCGCTGTT-1,0.005963141
